ISO-10303-21;
HEADER;
FILE_DESCRIPTION (( 'STEP AP214' ),
    '1' );
FILE_NAME ('CunaBateria_3000_6S_60C.STEP',
    '2025-03-06T15:26:26',
    ( '' ),
    ( '' ),
    'SwSTEP 2.0',
    'SolidWorks 2024',
    '' );
FILE_SCHEMA (( 'AUTOMOTIVE_DESIGN' ));
ENDSEC;

DATA;
#1 = AXIS2_PLACEMENT_3D ( 'NONE', #3497, #910, #1979 ) ;
#2 = EDGE_CURVE ( 'NONE', #1066, #4653, #1980, .T. ) ;
#3 = AXIS2_PLACEMENT_3D ( 'NONE', #1283, #2712, #4156 ) ;
#4 = DIRECTION ( 'NONE',  ( 0.000000000000000000, 0.000000000000000000, -1.000000000000000000 ) ) ;
#5 = VECTOR ( 'NONE', #1851, 1000.000000000000000 ) ;
#6 = ORIENTED_EDGE ( 'NONE', *, *, #2954, .F. ) ;
#7 = DIRECTION ( 'NONE',  ( -0.000000000000000000, -1.000000000000000000, -0.000000000000000000 ) ) ;
#8 = ORIENTED_EDGE ( 'NONE', *, *, #1065, .F. ) ;
#9 = CARTESIAN_POINT ( 'NONE',  ( 91.12701716093513937, 0.01994864661753487090, 9.198750341755875581 ) ) ;
#10 = AXIS2_PLACEMENT_3D ( 'NONE', #4030, #17, #3962 ) ;
#11 = CARTESIAN_POINT ( 'NONE',  ( 23.26985382984579331, -5.662901113432647904, 4.999999999999999112 ) ) ;
#12 = ORIENTED_EDGE ( 'NONE', *, *, #2091, .T. ) ;
#13 = FACE_OUTER_BOUND ( 'NONE', #707, .T. ) ;
#14 = ORIENTED_EDGE ( 'NONE', *, *, #3094, .T. ) ;
#15 = DIRECTION ( 'NONE',  ( 0.000000000000000000, 0.000000000000000000, -1.000000000000000000 ) ) ;
#16 = CARTESIAN_POINT ( 'NONE',  ( 100.0466051396123106, -0.08959483566198700455, 8.886104278001321077 ) ) ;
#17 = DIRECTION ( 'NONE',  ( 0.000000000000000000, 1.000000000000000000, -0.000000000000000000 ) ) ;
#18 = ORIENTED_EDGE ( 'NONE', *, *, #1024, .T. ) ;
#19 = DIRECTION ( 'NONE',  ( 1.000000000000000000, -0.000000000000000000, 0.000000000000000000 ) ) ;
#20 = CARTESIAN_POINT ( 'NONE',  ( 81.91697469964323375, 0.000000000000000000, 9.000000000000001776 ) ) ;
#21 = PLANE ( 'NONE',  #2241 ) ;
#22 = PLANE ( 'NONE',  #1566 ) ;
#23 = ADVANCED_FACE ( 'NONE', ( #2338 ), #3399, .T. ) ;
#24 = ORIENTED_EDGE ( 'NONE', *, *, #408, .F. ) ;
#25 = DIRECTION ( 'NONE',  ( 1.000000000000000000, 0.000000000000000000, 0.000000000000000000 ) ) ;
#26 = DIRECTION ( 'NONE',  ( 0.000000000000000000, -1.000000000000000000, 0.000000000000000000 ) ) ;
#27 = ORIENTED_EDGE ( 'NONE', *, *, #657, .T. ) ;
#28 = CARTESIAN_POINT ( 'NONE',  ( 88.50338191212142647, -5.178291249049025602, 5.000000004330018122 ) ) ;
#29 = CARTESIAN_POINT ( 'NONE',  ( 25.00421323787523065, -3.402262328519138457, 4.999999798125768891 ) ) ;
#30 = EDGE_CURVE ( 'NONE', #3733, #4653, #1350, .T. ) ;
#31 = ORIENTED_EDGE ( 'NONE', *, *, #3526, .T. ) ;
#32 = CARTESIAN_POINT ( 'NONE',  ( 21.81500000000005102, 52.10820393249935023, 3.600000000000000089 ) ) ;
#33 = ORIENTED_EDGE ( 'NONE', *, *, #3672, .F. ) ;
#34 = DIRECTION ( 'NONE',  ( 1.000000000000000000, 0.000000000000000000, 0.000000000000000000 ) ) ;
#35 = CARTESIAN_POINT ( 'NONE',  ( 99.96127032960470160, -0.1098720639104948660, 8.595321593667231141 ) ) ;
#36 = CARTESIAN_POINT ( 'NONE',  ( 23.26194392231763075, 46.35831484749988363, 9.285714285714282923 ) ) ;
#37 = AXIS2_PLACEMENT_3D ( 'NONE', #708, #1113, #1514 ) ;
#38 = ORIENTED_EDGE ( 'NONE', *, *, #871, .T. ) ;
#39 = DIRECTION ( 'NONE',  ( -1.000000000000000000, 0.000000000000000000, 0.000000000000000000 ) ) ;
#40 = AXIS2_PLACEMENT_3D ( 'NONE', #2703, #1581, #889 ) ;
#41 = CARTESIAN_POINT ( 'NONE',  ( 96.01697469964324227, 0.000000000000000000, 3.600000000000000089 ) ) ;
#42 = EDGE_CURVE ( 'NONE', #4478, #2511, #1800, .T. ) ;
#43 = FACE_OUTER_BOUND ( 'NONE', #3018, .T. ) ;
#44 = CARTESIAN_POINT ( 'NONE',  ( 94.56212086979780906, 52.06290111343283655, 4.999999999999999112 ) ) ;
#45 = ORIENTED_EDGE ( 'NONE', *, *, #4349, .F. ) ;
#46 = CARTESIAN_POINT ( 'NONE',  ( 84.12205242449778098, 46.70251551849707283, 8.383117247897196478 ) ) ;
#47 = LINE ( 'NONE', #2782, #3455 ) ;
#48 = EDGE_LOOP ( 'NONE', ( #469, #1087, #926, #460 ) ) ;
#49 = CARTESIAN_POINT ( 'NONE',  ( 89.38912027806283334, -3.877826919355259250, 5.000000118005827332 ) ) ;
#50 = EDGE_CURVE ( 'NONE', #1160, #1485, #890, .T. ) ;
#51 = CARTESIAN_POINT ( 'NONE',  ( 24.45652072617341943, -0.7086146834472970557, 5.784081985477508958 ) ) ;
#52 = ORIENTED_EDGE ( 'NONE', *, *, #4098, .T. ) ;
#53 = CARTESIAN_POINT ( 'NONE',  ( -12.70000000000000107, 3.000000000000000000, 9.000000000000001776 ) ) ;
#54 = ORIENTED_EDGE ( 'NONE', *, *, #3210, .F. ) ;
#55 = CARTESIAN_POINT ( 'NONE',  ( 91.46697469964321670, 52.10820393249936444, 5.000000000000000000 ) ) ;
#56 = ADVANCED_FACE ( 'NONE', ( #1639 ), #470, .F. ) ;
#57 = CIRCLE ( 'NONE', #1864, 1.400000000000000133 ) ;
#58 = FACE_OUTER_BOUND ( 'NONE', #3629, .T. ) ;
#59 = CARTESIAN_POINT ( 'NONE',  ( 35.63212175352220612, 46.39999999999997726, 8.999999698242353574 ) ) ;
#60 = CARTESIAN_POINT ( 'NONE',  ( 23.21500000000004960, 52.65000000000004121, 5.000000000000000888 ) ) ;
#61 = DIRECTION ( 'NONE',  ( 0.000000000000000000, 0.000000000000000000, 1.000000000000000000 ) ) ;
#62 = ORIENTED_EDGE ( 'NONE', *, *, #3611, .F. ) ;
#63 = DIRECTION ( 'NONE',  ( -0.000000000000000000, -0.000000000000000000, 1.000000000000000000 ) ) ;
#64 = CARTESIAN_POINT ( 'NONE',  ( 96.01697469964324227, -5.708203932499369415, 3.600000000000000089 ) ) ;
#65 = AXIS2_PLACEMENT_3D ( 'NONE', #2063, #1002, #1699 ) ;
#66 = CARTESIAN_POINT ( 'NONE',  ( 20.17686501067990790, 47.63760505024846026, 6.939579310600665352 ) ) ;
#67 = CYLINDRICAL_SURFACE ( 'NONE', #968, 5.000000000000004441 ) ;
#68 = VERTEX_POINT ( 'NONE', #3548 ) ;
#69 = CARTESIAN_POINT ( 'NONE',  ( 81.91697469964319112, 46.39999999999998437, 9.096583900478682594 ) ) ;
#70 = LINE ( 'NONE', #3707, #3598 ) ;
#71 = ORIENTED_EDGE ( 'NONE', *, *, #2067, .T. ) ;
#72 = VECTOR ( 'NONE', #716, 1000.000000000000000 ) ;
#73 = CARTESIAN_POINT ( 'NONE',  ( 89.41518082077502072, 0.03816782672904767831, 9.273685586688003468 ) ) ;
#74 = CIRCLE ( 'NONE', #509, 6.000000000000000000 ) ;
#75 = AXIS2_PLACEMENT_3D ( 'NONE', #3077, #1616, #1242 ) ;
#76 = CARTESIAN_POINT ( 'NONE',  ( 23.26194392231777641, -1.236067977499792470, 4.999999999999994671 ) ) ;
#77 = CYLINDRICAL_SURFACE ( 'NONE', #37, 1.000000000000000888 ) ;
#78 = ORIENTED_EDGE ( 'NONE', *, *, #1024, .F. ) ;
#79 = EDGE_CURVE ( 'NONE', #3953, #1822, #4048, .T. ) ;
#80 = CARTESIAN_POINT ( 'NONE',  ( 94.57003077732551333, -5.708203932499369415, 11.00000000000000178 ) ) ;
#81 = DIRECTION ( 'NONE',  ( -1.000000000000000000, -2.111225325732422144E-16, -0.000000000000000000 ) ) ;
#82 = CARTESIAN_POINT ( 'NONE',  ( 92.50109250247491843, 46.37183561728591741, 9.236085405448905661 ) ) ;
#83 = CARTESIAN_POINT ( 'NONE',  ( 23.32717996574448094, 47.62605177973671289, 5.033595346802103521 ) ) ;
#84 = VERTEX_POINT ( 'NONE', #2506 ) ;
#85 = EDGE_CURVE ( 'NONE', #2618, #3871, #3569, .T. ) ;
#86 = CARTESIAN_POINT ( 'NONE',  ( 94.57003077732551333, -5.708203932499415600, 4.999999999999999112 ) ) ;
#87 = CARTESIAN_POINT ( 'NONE',  ( 88.36391862196092006, 46.35831484749989784, 9.285714285714286476 ) ) ;
#88 = DIRECTION ( 'NONE',  ( 0.000000000000000000, 0.000000000000000000, -1.000000000000000000 ) ) ;
#89 = CARTESIAN_POINT ( 'NONE',  ( 21.29967941448353841, 49.06172231156821084, 5.775813378230079564 ) ) ;
#90 = DIRECTION ( 'NONE',  ( -0.000000000000000000, -0.000000000000000000, 1.000000000000000000 ) ) ;
#91 = ORIENTED_EDGE ( 'NONE', *, *, #2632, .F. ) ;
#92 = CARTESIAN_POINT ( 'NONE',  ( 23.21500000000004249, -5.133984527770151018, 5.027540533814195634 ) ) ;
#94 = ADVANCED_FACE ( 'NONE', ( #2887 ), #322, .F. ) ;
#93 = CARTESIAN_POINT ( 'NONE',  ( 93.16697469964320533, 52.65000000000004121, -8.673617379884035472E-16 ) ) ;
#95 = ORIENTED_EDGE ( 'NONE', *, *, #1183, .T. ) ;
#96 = CARTESIAN_POINT ( 'NONE',  ( 89.76179779892272848, -3.594114608614735751, 5.000000201874231109 ) ) ;
#97 = CARTESIAN_POINT ( 'NONE',  ( 88.36391862196094849, 52.10820393249937155, 4.999999999999999112 ) ) ;
#98 = ORIENTED_EDGE ( 'NONE', *, *, #4098, .F. ) ;
#99 = CARTESIAN_POINT ( 'NONE',  ( 89.76697469964321385, 52.65000000000004121, 3.549999999999996714 ) ) ;
#100 = ORIENTED_EDGE ( 'NONE', *, *, #2852, .F. ) ;
#101 = ADVANCED_FACE ( 'NONE', ( #3968 ), #21, .T. ) ;
#102 = DIRECTION ( 'NONE',  ( 0.000000000000000000, 0.000000000000000000, -1.000000000000000000 ) ) ;
#103 = CARTESIAN_POINT ( 'NONE',  ( 35.41882574941570994, 46.42083089541173280, 8.915208395342570924 ) ) ;
#104 = CARTESIAN_POINT ( 'NONE',  ( -12.70000000000000107, 4.000000000000000000, 10.00000000000000000 ) ) ;
#105 = VERTEX_POINT ( 'NONE', #4331 ) ;
#106 = EDGE_CURVE ( 'NONE', #3481, #3845, #1101, .T. ) ;
#107 = DIRECTION ( 'NONE',  ( -1.734723475976807094E-15, 0.000000000000000000, 1.000000000000000000 ) ) ;
#108 = CARTESIAN_POINT ( 'NONE',  ( 23.26194392231775154, 46.35831484749988363, 9.285714285714286476 ) ) ;
#109 = CARTESIAN_POINT ( 'NONE',  ( 104.6000000000000227, 0.04168515250008988926, 9.285714285714286476 ) ) ;
#110 = VECTOR ( 'NONE', #2945, 1000.000000000000000 ) ;
#111 = EDGE_CURVE ( 'NONE', #861, #1165, #2223, .T. ) ;
#112 = CARTESIAN_POINT ( 'NONE',  ( 34.85311343409016160, -0.03505845609255200945, 9.044672882760641741 ) ) ;
#113 = VERTEX_POINT ( 'NONE', #1543 ) ;
#114 = CARTESIAN_POINT ( 'NONE',  ( 100.5208004490612410, -0.02083089541143783377, 8.915208395342265391 ) ) ;
#115 = CYLINDRICAL_SURFACE ( 'NONE', #366, 6.000000000000000000 ) ;
#116 = ORIENTED_EDGE ( 'NONE', *, *, #2519, .T. ) ;
#117 = DIRECTION ( 'NONE',  ( 1.156482317317871725E-15, -1.000000000000000000, 0.000000000000000000 ) ) ;
#118 = DIRECTION ( 'NONE',  ( 0.000000000000000000, 1.000000000000000000, 0.000000000000000000 ) ) ;
#119 = CARTESIAN_POINT ( 'NONE',  ( 90.77773394548869135, 46.37603978843002039, 9.217619578780112732 ) ) ;
#120 = LINE ( 'NONE', #4477, #3787 ) ;
#121 = ORIENTED_EDGE ( 'NONE', *, *, #79, .T. ) ;
#122 = CARTESIAN_POINT ( 'NONE',  ( 82.97886126555293629, -0.03505845609270953622, 9.044672882760163901 ) ) ;
#123 = LINE ( 'NONE', #1604, #1718 ) ;
#124 = CARTESIAN_POINT ( 'NONE',  ( 25.73828367789231208, 46.37680250619425237, 9.214171110249088414 ) ) ;
#125 = VERTEX_POINT ( 'NONE', #458 ) ;
#126 = DIRECTION ( 'NONE',  ( 0.000000000000000000, -1.000000000000000000, 0.000000000000000000 ) ) ;
#127 = CARTESIAN_POINT ( 'NONE',  ( 35.91500000000004178, 46.39999999999997726, 10.00000000000000000 ) ) ;
#128 = DIRECTION ( 'NONE',  ( 1.000000000000000000, 0.000000000000000000, 0.000000000000000000 ) ) ;
#129 = VECTOR ( 'NONE', #1239, 1000.000000000000000 ) ;
#130 = CARTESIAN_POINT ( 'NONE',  ( 21.80282782717345924, 50.81826768218235202, 5.126404000410661688 ) ) ;
#131 = EDGE_CURVE ( 'NONE', #2783, #3163, #2599, .T. ) ;
#132 = CARTESIAN_POINT ( 'NONE',  ( 30.90112341791986239, -4.740214989802183254, 5.065399346794992930 ) ) ;
#133 = CYLINDRICAL_SURFACE ( 'NONE', #3433, 1.400000000000000133 ) ;
#134 = CARTESIAN_POINT ( 'NONE',  ( 83.45836986409675262, -0.2318187177955228773, 8.211755662393889210 ) ) ;
#135 = ORIENTED_EDGE ( 'NONE', *, *, #4052, .T. ) ;
#137 = EDGE_CURVE ( 'NONE', #3532, #1051, #2555, .T. ) ;
#136 = CARTESIAN_POINT ( 'NONE',  ( 94.61697477385297361, 50.99103446761518654, 5.079742220925681728 ) ) ;
#138 = VECTOR ( 'NONE', #1090, 1000.000000000000000 ) ;
#139 = CARTESIAN_POINT ( 'NONE',  ( 88.58471271914828549, 51.37741753573133963, 5.000000005634568367 ) ) ;
#140 = AXIS2_PLACEMENT_3D ( 'NONE', #2158, #39, #4635 ) ;
#141 = CYLINDRICAL_SURFACE ( 'NONE', #40, 6.000000000000001776 ) ;
#142 = CIRCLE ( 'NONE', #3978, 1.400000000000000133 ) ;
#143 = ORIENTED_EDGE ( 'NONE', *, *, #1120, .F. ) ;
#144 = B_SPLINE_CURVE_WITH_KNOTS ( 'NONE', 3,
 ( #1006, #2430, #3493, #4132, #4538, #983, #268, #1679, #2376, #3822, #1634, #3872, #643, #1309 ),
 .UNSPECIFIED., .F., .F.,
 ( 4, 2, 2, 2, 2, 2, 4 ),
 ( 0.000000000000000000, 0.001552181371192620394, 0.002328272056788930483, 0.003104362742385240789, 0.003880453427981550660, 0.004656544113577860966, 0.006208725484770470301 ),
 .UNSPECIFIED. ) ;
#145 = AXIS2_PLACEMENT_3D ( 'NONE', #2766, #1664, #1315 ) ;
#146 = CIRCLE ( 'NONE', #2551, 7.400000000000000355 ) ;
#147 =( BOUNDED_CURVE ( )  B_SPLINE_CURVE ( 2, ( #2274, #4068, #840 ),
 .UNSPECIFIED., .F., .F. ) 
 B_SPLINE_CURVE_WITH_KNOTS ( ( 3, 3 ),
 ( 0.000000000000000000, 1.000000000000000000 ),
 .UNSPECIFIED. ) 
 CURVE ( )  GEOMETRIC_REPRESENTATION_ITEM ( )  RATIONAL_B_SPLINE_CURVE ( ( 1.000000000000000000, 0.7071067811866229569, 1.000000000000000000 ) ) 
 REPRESENTATION_ITEM ( '' )  );
#148 = DIRECTION ( 'NONE',  ( 1.000000000000000000, 0.000000000000000000, 0.000000000000000000 ) ) ;
#149 = FACE_OUTER_BOUND ( 'NONE', #283, .T. ) ;
#150 = CARTESIAN_POINT ( 'NONE',  ( 24.61534882482552078, 47.07037866920488511, 5.882345358213696862 ) ) ;
#151 = ORIENTED_EDGE ( 'NONE', *, *, #4624, .T. ) ;
#152 = AXIS2_PLACEMENT_3D ( 'NONE', #1361, #2594, #4009 ) ;
#153 = EDGE_CURVE ( 'NONE', #1458, #3318, #764, .T. ) ;
#154 = AXIS2_PLACEMENT_3D ( 'NONE', #479, #3393, #3744 ) ;
#155 = DIRECTION ( 'NONE',  ( 1.000000000000000000, -5.171946152598529378E-16, -1.734723475976795656E-15 ) ) ;
#156 = CARTESIAN_POINT ( 'NONE',  ( 100.4215241393068396, 46.37968392220735581, 9.213399254570040497 ) ) ;
#157 = CARTESIAN_POINT ( 'NONE',  ( 23.21500000000004249, -5.133984527770148354, 5.027540533814194745 ) ) ;
#158 = CARTESIAN_POINT ( 'NONE',  ( 17.15444096171800226, 46.35831492458719794, 9.285714027155590244 ) ) ;
#159 = CARTESIAN_POINT ( 'NONE',  ( 123.3000000000000256, 40.39999999999999147, 9.000000000000001776 ) ) ;
#160 = ADVANCED_FACE ( 'NONE', ( #43 ), #956, .F. ) ;
#161 = CARTESIAN_POINT ( 'NONE',  ( 35.91500000000004178, -8.673617379884035472E-16, 9.000000000000000000 ) ) ;
#162 = CARTESIAN_POINT ( 'NONE',  ( 17.41045056033642879, 0.02031607779254678697, 9.213399254569779373 ) ) ;
#163 = CARTESIAN_POINT ( 'NONE',  ( 94.57003077732551333, 0.04168515250009031947, 9.285714285714286476 ) ) ;
#164 = ORIENTED_EDGE ( 'NONE', *, *, #1032, .T. ) ;
#165 = DIRECTION ( 'NONE',  ( 0.000000000000000000, 0.000000000000000000, -1.000000000000000000 ) ) ;
#166 = B_SPLINE_CURVE_WITH_KNOTS ( 'NONE', 3,
 ( #4178, #640, #4655, #1424, #3515, #2373, #3818, #3842, #613, #3892, #289, #3468, #2453, #4630, #691, #665 ),
 .UNSPECIFIED., .F., .F.,
 ( 4, 2, 2, 2, 2, 2, 2, 4 ),
 ( 0.000000000000000000, 0.1250000000000000000, 0.2500000000000000000, 0.5000000000000000000, 0.7500000000000000000, 0.8750000000000000000, 0.9375000000000000000, 1.000000000000000000 ),
 .UNSPECIFIED. ) ;
#167 = EDGE_CURVE ( 'NONE', #3871, #4322, #2472, .T. ) ;
#168 = CARTESIAN_POINT ( 'NONE',  ( 89.03780522359640770, 47.30592013736302448, 5.408241717056858633 ) ) ;
#169 = CARTESIAN_POINT ( 'NONE',  ( 31.08683757656268654, 48.19199418480182828, 6.418980721228496833 ) ) ;
#170 = ORIENTED_EDGE ( 'NONE', *, *, #4014, .F. ) ;
#171 = CARTESIAN_POINT ( 'NONE',  ( 21.74256994231777185, 50.47595942349734344, 3.836055833569471663 ) ) ;
#172 = EDGE_CURVE ( 'NONE', #3660, #3082, #4160, .T. ) ;
#173 = CARTESIAN_POINT ( 'NONE',  ( 82.25641566136101801, 0.04168507541366019836, 9.285714027158538997 ) ) ;
#174 = DIRECTION ( 'NONE',  ( 1.000000000000000000, 0.000000000000000000, 0.000000000000000000 ) ) ;
#175 = CARTESIAN_POINT ( 'NONE',  ( 23.32744616961148054, 51.80704890826572750, 5.000000002237016794 ) ) ;
#176 = ORIENTED_EDGE ( 'NONE', *, *, #789, .F. ) ;
#177 = DIRECTION ( 'NONE',  ( 0.000000000000000000, 0.000000000000000000, 1.000000000000000000 ) ) ;
#178 = DIRECTION ( 'NONE',  ( -1.000000000000000000, -2.111225325732422144E-16, 0.000000000000000000 ) ) ;
#179 = CARTESIAN_POINT ( 'NONE',  ( 21.29967941448357749, -2.661722311566017130, 5.775813378229687878 ) ) ;
#180 = CARTESIAN_POINT ( 'NONE',  ( 123.3000000000000256, 43.39999999999999858, 9.000000000000001776 ) ) ;
#181 = CARTESIAN_POINT ( 'NONE',  ( 123.3000000000000256, 4.000000000000000000, 9.000000000000001776 ) ) ;
#182 = EDGE_CURVE ( 'NONE', #305, #2078, #2384, .T. ) ;
#183 = CARTESIAN_POINT ( 'NONE',  ( 29.51500000000003965, -5.133984527770148354, 5.027540533814194745 ) ) ;
#184 = CARTESIAN_POINT ( 'NONE',  ( 99.47557953518956708, -0.2318187177955607359, 8.211755662394830679 ) ) ;
#185 = CARTESIAN_POINT ( 'NONE',  ( 26.36500000000004817, 52.65000000000004121, 5.000000000000000000 ) ) ;
#186 = AXIS2_PLACEMENT_3D ( 'NONE', #3918, #689, #2060 ) ;
#187 = DIRECTION ( 'NONE',  ( 0.000000000000000000, 1.000000000000000000, 0.000000000000000000 ) ) ;
#188 = CARTESIAN_POINT ( 'NONE',  ( 104.6000000000000227, 6.000000000000000000, 10.00000000000000000 ) ) ;
#189 = CARTESIAN_POINT ( 'NONE',  ( 89.74442487305340421, 50.00769471926765419, 4.999999859231860633 ) ) ;
#190 = ORIENTED_EDGE ( 'NONE', *, *, #2197, .T. ) ;
#191 = CYLINDRICAL_SURFACE ( 'NONE', #2656, 1.699999999999993072 ) ;
#192 = ORIENTED_EDGE ( 'NONE', *, *, #878, .T. ) ;
#193 = ADVANCED_FACE ( 'NONE', ( #2046 ), #1569, .T. ) ;
#194 = CARTESIAN_POINT ( 'NONE',  ( 29.33184492296705770, -1.203747590283928082, 5.067383063334695237 ) ) ;
#195 = ORIENTED_EDGE ( 'NONE', *, *, #4045, .T. ) ;
#196 = CARTESIAN_POINT ( 'NONE',  ( 123.3000000000000256, 40.39999999999999147, 9.000000000000001776 ) ) ;
#197 = CARTESIAN_POINT ( 'NONE',  ( 25.28363226801948827, 46.97551787916844290, 6.174069430207877573 ) ) ;
#198 = ORIENTED_EDGE ( 'NONE', *, *, #4276, .F. ) ;
#199 = ADVANCED_FACE ( 'NONE', ( #4206 ), #3525, .T. ) ;
#200 = LINE ( 'NONE', #1974, #2699 ) ;
#201 = CARTESIAN_POINT ( 'NONE',  ( 23.11592461911025609, -4.174536990549577276, 5.186304173505844162 ) ) ;
#202 = ORIENTED_EDGE ( 'NONE', *, *, #1254, .T. ) ;
#203 = CARTESIAN_POINT ( 'NONE',  ( 123.3000000000000256, 40.39999999999999147, 10.00000000000000000 ) ) ;
#204 = CARTESIAN_POINT ( 'NONE',  ( 101.0169746996432423, 0.04168515250008988926, 9.285714285714286476 ) ) ;
#205 = VECTOR ( 'NONE', #4033, 1000.000000000000000 ) ;
#206 = CARTESIAN_POINT ( 'NONE',  ( 29.51500000000004675, -5.708203932499369415, 5.000000000000000000 ) ) ;
#207 = CARTESIAN_POINT ( 'NONE',  ( 86.91697469964323375, -5.708203932499369415, 3.600000000000000089 ) ) ;
#208 = DIRECTION ( 'NONE',  ( 0.000000000000000000, 0.000000000000000000, -1.000000000000000000 ) ) ;
#209 = DIRECTION ( 'NONE',  ( 0.000000000000000000, 0.000000000000000000, 1.000000000000000000 ) ) ;
#210 = CARTESIAN_POINT ( 'NONE',  ( 91.91386265381871112, 46.93537669019087133, 6.316482611735358965 ) ) ;
#211 = ORIENTED_EDGE ( 'NONE', *, *, #30, .T. ) ;
#212 = CARTESIAN_POINT ( 'NONE',  ( 35.57555903828228594, 46.35831492458539316, 9.285714027161656503 ) ) ;
#213 = EDGE_LOOP ( 'NONE', ( #3812, #379 ) ) ;
#214 = DIRECTION ( 'NONE',  ( 1.000000000000000000, 0.000000000000000000, 0.000000000000000000 ) ) ;
#215 = AXIS2_PLACEMENT_3D ( 'NONE', #712, #3300, #1517 ) ;
#216 = CARTESIAN_POINT ( 'NONE',  ( 29.24726198049525294, -4.977417535731620823, 5.000000005634612776 ) ) ;
#217 = ORIENTED_EDGE ( 'NONE', *, *, #1580, .T. ) ;
#218 = CARTESIAN_POINT ( 'NONE',  ( 91.46697469964321670, 52.65000000000004121, 5.000000000000000888 ) ) ;
#219 = CARTESIAN_POINT ( 'NONE',  ( 26.25985947549065003, 46.92800670913675987, 6.344103627558021152 ) ) ;
#220 = ORIENTED_EDGE ( 'NONE', *, *, #4193, .F. ) ;
#221 = CIRCLE ( 'NONE', #2853, 1.699999999999993072 ) ;
#222 = VECTOR ( 'NONE', #818, 1000.000000000000000 ) ;
#223 = CARTESIAN_POINT ( 'NONE',  ( 94.61697477385295940, 50.99103446761518654, 5.079742220925682616 ) ) ;
#224 = CONICAL_SURFACE ( 'NONE', #4129, 3.149999999999999911, 0.7853981633974480570 ) ;
#225 = EDGE_CURVE ( 'NONE', #3470, #2302, #984, .T. ) ;
#226 = CARTESIAN_POINT ( 'NONE',  ( 20.68070440989213310, -1.781318917235811039, 5.468001728181071996 ) ) ;
#227 = VERTEX_POINT ( 'NONE', #229 ) ;
#228 = CARTESIAN_POINT ( 'NONE',  ( 91.46697469964321670, 52.65000000000004121, -8.673617379884035472E-16 ) ) ;
#229 = CARTESIAN_POINT ( 'NONE',  ( 123.3000000000000256, 45.39999999999999858, 10.00000000000000000 ) ) ;
#230 = AXIS2_PLACEMENT_3D ( 'NONE', #2571, #61, #2951 ) ;
#231 = EDGE_CURVE ( 'NONE', #1485, #797, #617, .T. ) ;
#232 = CARTESIAN_POINT ( 'NONE',  ( 35.91500000000004178, 51.39999999999997016, 0.000000000000000000 ) ) ;
#233 = DIRECTION ( 'NONE',  ( -3.469446951953614189E-15, 0.000000000000000000, -1.000000000000000000 ) ) ;
#234 = VERTEX_POINT ( 'NONE', #181 ) ;
#235 = PLANE ( 'NONE',  #367 ) ;
#236 = CARTESIAN_POINT ( 'NONE',  ( 91.36183417513478844, 46.92800670913665328, 6.344103627557843517 ) ) ;
#237 = ORIENTED_EDGE ( 'NONE', *, *, #42, .T. ) ;
#238 = ORIENTED_EDGE ( 'NONE', *, *, #2931, .F. ) ;
#239 = CARTESIAN_POINT ( 'NONE',  ( 92.47031436075350541, 0.02776597260788122787, 9.234033597767929535 ) ) ;
#240 = CARTESIAN_POINT ( 'NONE',  ( 27.16290659176847200, -0.5529901011960698387, 6.252420288674400695 ) ) ;
#241 = PLANE ( 'NONE',  #2279 ) ;
#242 = EDGE_CURVE ( 'NONE', #498, #3105, #1048, .T. ) ;
#243 = LINE ( 'NONE', #1676, #2247 ) ;
#244 = CYLINDRICAL_SURFACE ( 'NONE', #1655, 1.000000000000000888 ) ;
#245 = ORIENTED_EDGE ( 'NONE', *, *, #2597, .F. ) ;
#246 = CARTESIAN_POINT ( 'NONE',  ( 22.68643524954181601, 49.51974957973980906, 5.577094451978164891 ) ) ;
#247 = CARTESIAN_POINT ( 'NONE',  ( 123.3000000000000256, 6.000000000000000000, 9.000000000000001776 ) ) ;
#248 = EDGE_CURVE ( 'NONE', #2829, #358, #142, .T. ) ;
#249 = CARTESIAN_POINT ( 'NONE',  ( 23.21500000000005670, 52.10820393249935023, 11.00000000000000000 ) ) ;
#250 = CARTESIAN_POINT ( 'NONE',  ( 30.91500000000004533, -6.250000000000013323, 5.000000000000000000 ) ) ;
#251 = ORIENTED_EDGE ( 'NONE', *, *, #1120, .T. ) ;
#252 = CARTESIAN_POINT ( 'NONE',  ( 99.85826000324087204, 46.53157633338595645, 8.775577008668010492 ) ) ;
#253 = EDGE_CURVE ( 'NONE', #3459, #4076, #565, .T. ) ;
#254 = CARTESIAN_POINT ( 'NONE',  ( 92.36782267730777107, 46.37346018921617485, 9.228958591081278584 ) ) ;
#255 = CIRCLE ( 'NONE', #853, 7.400000000000000355 ) ;
#256 = LINE ( 'NONE', #3127, #2435 ) ;
#257 = ORIENTED_EDGE ( 'NONE', *, *, #131, .T. ) ;
#258 = CARTESIAN_POINT ( 'NONE',  ( 93.89614417569059412, -0.9059201373628761322, 5.408241717056670339 ) ) ;
#259 = B_SPLINE_CURVE_WITH_KNOTS ( 'NONE', 3,
 ( #4162, #1034, #1739, #2093 ),
 .UNSPECIFIED., .F., .F.,
 ( 4, 4 ),
 ( 0.000000000000000000, 1.000000000000000000 ),
 .UNSPECIFIED. ) ;
#260 = CARTESIAN_POINT ( 'NONE',  ( 27.00226284443306568, -0.5434189717163266931, 6.287148486929834412 ) ) ;
#261 = FACE_OUTER_BOUND ( 'NONE', #2194, .T. ) ;
#262 = LINE ( 'NONE', #3594, #1431 ) ;
#263 = ORIENTED_EDGE ( 'NONE', *, *, #785, .F. ) ;
#264 = EDGE_CURVE ( 'NONE', #4076, #704, #1572, .T. ) ;
#265 = DIRECTION ( 'NONE',  ( 0.000000000000000000, -1.000000000000000000, 0.000000000000000000 ) ) ;
#266 = DIRECTION ( 'NONE',  ( -1.000000000000000000, 0.000000000000000000, -0.000000000000000000 ) ) ;
#267 = VERTEX_POINT ( 'NONE', #1310 ) ;
#268 = CARTESIAN_POINT ( 'NONE',  ( 26.10595883872357348, 0.01794445150975713943, 9.188591887387302037 ) ) ;
#269 = CARTESIAN_POINT ( 'NONE',  ( 86.91697469964323375, -6.250000000000013323, 5.000000000000000000 ) ) ;
#270 = CARTESIAN_POINT ( 'NONE',  ( 21.74256994231735973, -4.075959423495829625, 3.836055833569345097 ) ) ;
#271 = EDGE_CURVE ( 'NONE', #1296, #3221, #1612, .T. ) ;
#272 = DIRECTION ( 'NONE',  ( 0.000000000000000000, -0.09570323412153619591, -0.9954099110309673204 ) ) ;
#273 = DIRECTION ( 'NONE',  ( -0.000000000000000000, -0.000000000000000000, 1.000000000000000000 ) ) ;
#274 = DIRECTION ( 'NONE',  ( 0.000000000000000000, 0.000000000000000000, 1.000000000000000000 ) ) ;
#275 = CARTESIAN_POINT ( 'NONE',  ( 96.01697469964324227, -5.000000000000000000, 3.633966658370840097 ) ) ;
#276 = AXIS2_PLACEMENT_3D ( 'NONE', #4379, #1903, #107 ) ;
#277 = CARTESIAN_POINT ( 'NONE',  ( 93.17215160036379018, 49.99411460861470857, 5.000000201874271077 ) ) ;
#278 = EDGE_CURVE ( 'NONE', #1135, #1936, #2925, .T. ) ;
#279 = ORIENTED_EDGE ( 'NONE', *, *, #455, .F. ) ;
#280 = CARTESIAN_POINT ( 'NONE',  ( 123.3000000000000256, 40.39999999999999147, 9.000000000000001776 ) ) ;
#281 = EDGE_LOOP ( 'NONE', ( #4269, #2996, #313, #4001 ) ) ;
#282 = CARTESIAN_POINT ( 'NONE',  ( 94.28193985130586441, -1.134174564519182082, 5.145747787299424836 ) ) ;
#283 = EDGE_LOOP ( 'NONE', ( #536, #3805, #1149, #1494 ) ) ;
#284 = FACE_OUTER_BOUND ( 'NONE', #1911, .T. ) ;
#285 = AXIS2_PLACEMENT_3D ( 'NONE', #4255, #2480, #1027 ) ;
#286 = CARTESIAN_POINT ( 'NONE',  ( 100.5208004490596210, 46.42083089541164043, 8.915208395342942183 ) ) ;
#287 = AXIS2_PLACEMENT_3D ( 'NONE', #415, #2146, #1860 ) ;
#288 = VECTOR ( 'NONE', #511, 1000.000000000000000 ) ;
#289 = CARTESIAN_POINT ( 'NONE',  ( 83.45836986409663893, 46.63181871779548260, 8.211755662395214372 ) ) ;
#290 = DIRECTION ( 'NONE',  ( -0.000000000000000000, -0.000000000000000000, 1.000000000000000000 ) ) ;
#291 = ORIENTED_EDGE ( 'NONE', *, *, #264, .F. ) ;
#292 = CIRCLE ( 'NONE', #2383, 4.549999999999998934 ) ;
#293 = DIRECTION ( 'NONE',  ( 0.000000000000000000, 0.000000000000000000, -1.000000000000000000 ) ) ;
#294 = AXIS2_PLACEMENT_3D ( 'NONE', #4133, #3823, #595 ) ;
#295 = CARTESIAN_POINT ( 'NONE',  ( 88.31697469964323943, -5.708203932499369415, 11.00000000000000000 ) ) ;
#296 = AXIS2_PLACEMENT_3D ( 'NONE', #3021, #903, #2331 ) ;
#297 = VECTOR ( 'NONE', #1760, 1000.000000000000000 ) ;
#298 = DIRECTION ( 'NONE',  ( 1.000000000000000000, -0.000000000000000000, -0.000000000000000000 ) ) ;
#299 = CARTESIAN_POINT ( 'NONE',  ( 21.81500000000005102, 52.65000000000004121, 3.600000000000000089 ) ) ;
#300 = CARTESIAN_POINT ( 'NONE',  ( 84.98906152009433868, -1.016802658063225895, 6.516758327470856038 ) ) ;
#301 = VECTOR ( 'NONE', #2238, 1000.000000000000000 ) ;
#302 = CARTESIAN_POINT ( 'NONE',  ( 29.51500007420979088, -4.591034467613330783, 5.079742220925862028 ) ) ;
#303 = AXIS2_PLACEMENT_3D ( 'NONE', #4035, #1610, #1926 ) ;
#304 = CARTESIAN_POINT ( 'NONE',  ( 91.86462690079071081, 49.51282589881940766, 5.000000024983317637 ) ) ;
#305 = VERTEX_POINT ( 'NONE', #3045 ) ;
#306 = CARTESIAN_POINT ( 'NONE',  ( 86.08798903186115581, 48.53785558263592748, 6.117450971979642382 ) ) ;
#307 = ORIENTED_EDGE ( 'NONE', *, *, #2574, .F. ) ;
#308 = CARTESIAN_POINT ( 'NONE',  ( 91.90662066474283165, -3.119907234513447314, 4.999999816533785335 ) ) ;
#309 = ADVANCED_FACE ( 'NONE', ( #3472 ), #1680, .T. ) ;
#310 = CARTESIAN_POINT ( 'NONE',  ( 26.10132261596532288, -0.5302268970230877843, 6.335812432922449666 ) ) ;
#311 = ORIENTED_EDGE ( 'NONE', *, *, #2231, .F. ) ;
#312 = CARTESIAN_POINT ( 'NONE',  ( 88.88143689738700459, 0.04168515250008993089, 9.285714285714286476 ) ) ;
#313 = ORIENTED_EDGE ( 'NONE', *, *, #1633, .F. ) ;
#314 = ADVANCED_FACE ( 'NONE', ( #3847 ), #3373, .T. ) ;
#315 = CARTESIAN_POINT ( 'NONE',  ( 26.36500000000004817, -6.250000000000012434, 5.000000000000000888 ) ) ;
#316 = CARTESIAN_POINT ( 'NONE',  ( 123.3000000000000256, 2.999999999999999112, 10.00000000000000000 ) ) ;
#317 = ORIENTED_EDGE ( 'NONE', *, *, #1293, .F. ) ;
#318 = CARTESIAN_POINT ( 'NONE',  ( 29.46805607768231283, 46.35831484749989073, 9.285714285714286476 ) ) ;
#319 = CARTESIAN_POINT ( 'NONE',  ( 96.01697469964324227, -5.000000000000000000, 5.000000000000000000 ) ) ;
#320 = CARTESIAN_POINT ( 'NONE',  ( 21.55474185067573956, -3.366095562032907385, 4.160209839791553676 ) ) ;
#321 = CARTESIAN_POINT ( 'NONE',  ( 24.66500000000005244, 52.65000000000004121, -8.673617379884035472E-16 ) ) ;
#322 = PLANE ( 'NONE',  #2311 ) ;
#323 = CARTESIAN_POINT ( 'NONE',  ( 31.17525814932445627, -3.366095562032513477, 4.160209839791261466 ) ) ;
#324 = VERTEX_POINT ( 'NONE', #3023 ) ;
#325 = CARTESIAN_POINT ( 'NONE',  ( 82.19985294612170890, 46.39999999999998437, 8.999999698238159596 ) ) ;
#326 = ORIENTED_EDGE ( 'NONE', *, *, #2329, .F. ) ;
#327 = CARTESIAN_POINT ( 'NONE',  ( 91.62565628771029935, -3.091708030580022193, 4.999999975016670817 ) ) ;
#328 = CARTESIAN_POINT ( 'NONE',  ( 24.86846342386977682, -0.6267874382611253736, 6.009412835926356777 ) ) ;
#329 = EDGE_LOOP ( 'NONE', ( #3237, #4158, #3009, #2775 ) ) ;
#330 = CARTESIAN_POINT ( 'NONE',  ( 16.81500000000005102, 46.38591024763665160, 9.193156499856110386 ) ) ;
#331 = ORIENTED_EDGE ( 'NONE', *, *, #231, .F. ) ;
#332 = EDGE_CURVE ( 'NONE', #2566, #3257, #2544, .T. ) ;
#333 = CARTESIAN_POINT ( 'NONE',  ( 94.61697469964323659, -6.250000000000009770, 5.000000000000000000 ) ) ;
#335 = CARTESIAN_POINT ( 'NONE',  ( 6.000000000000005329, 0.000000000000000000, 9.000000000000001776 ) ) ;
#334 = PRODUCT_DEFINITION_SHAPE ( 'NONE', 'NONE',  #3775 ) ;
#336 = ORIENTED_EDGE ( 'NONE', *, *, #2366, .F. ) ;
#337 = EDGE_CURVE ( 'NONE', #2918, #4327, #2923, .T. ) ;
#338 = DIRECTION ( 'NONE',  ( 1.000000000000000000, -9.531447670202239405E-16, 0.000000000000000000 ) ) ;
#339 = CARTESIAN_POINT ( 'NONE',  ( 26.36500000000004107, -6.250000000000008882, 5.000000000000000000 ) ) ;
#340 = CARTESIAN_POINT ( 'NONE',  ( 26.36500000000004107, 52.10820393249935023, 5.000000000000000000 ) ) ;
#341 = CARTESIAN_POINT ( 'NONE',  ( 82.22758733156094024, -8.960008877889883116E-08, 9.145897756021659220 ) ) ;
#342 = CARTESIAN_POINT ( 'NONE',  ( 35.63212175352220612, 46.39999999999997726, 8.999999698242353574 ) ) ;
#343 = CARTESIAN_POINT ( 'NONE',  ( 87.78840994918495255, 49.51974957973965985, 5.577094451978256373 ) ) ;
#344 = ORIENTED_EDGE ( 'NONE', *, *, #2509, .T. ) ;
#345 = DIRECTION ( 'NONE',  ( 0.000000000000000000, 0.000000000000000000, 1.000000000000000000 ) ) ;
#346 = VERTEX_POINT ( 'NONE', #3648 ) ;
#347 = CARTESIAN_POINT ( 'NONE',  ( 88.37182852948866696, -5.662901113433473910, 4.999999999999999112 ) ) ;
#348 = CARTESIAN_POINT ( 'NONE',  ( 24.65982309927887073, -3.594114608615124329, 5.000000201874229333 ) ) ;
#349 = ORIENTED_EDGE ( 'NONE', *, *, #137, .T. ) ;
#350 = AXIS2_PLACEMENT_3D ( 'NONE', #1409, #1738, #1366 ) ;
#351 = LINE ( 'NONE', #1796, #3867 ) ;
#352 = VECTOR ( 'NONE', #1931, 999.9999999999998863 ) ;
#353 = VERTEX_POINT ( 'NONE', #425 ) ;
#354 = PRODUCT_RELATED_PRODUCT_CATEGORY ( 'part', '', ( #1063 ) ) ;
#355 = FACE_OUTER_BOUND ( 'NONE', #1343, .T. ) ;
#356 = CARTESIAN_POINT ( 'NONE',  ( 96.00309811756164891, -4.740214989803908985, 5.065399346799958735 ) ) ;
#357 = DIRECTION ( 'NONE',  ( -0.000000000000000000, -1.000000000000000000, -0.000000000000000000 ) ) ;
#358 = VERTEX_POINT ( 'NONE', #2836 ) ;
#359 = DIRECTION ( 'NONE',  ( -0.000000000000000000, 0.000000000000000000, -1.000000000000000000 ) ) ;
#360 = VECTOR ( 'NONE', #3908, 1000.000000000000000 ) ;
#361 = ADVANCED_FACE ( 'NONE', ( #2591 ), #506, .F. ) ;
#362 = AXIS2_PLACEMENT_3D ( 'NONE', #2676, #4118, #4479 ) ;
#363 = CARTESIAN_POINT ( 'NONE',  ( 86.91697469964323375, -6.250000000000013323, 3.600000000000000089 ) ) ;
#364 = CARTESIAN_POINT ( 'NONE',  ( -12.70000000000000107, 40.39999999999997016, 9.000000000000001776 ) ) ;
#365 = CARTESIAN_POINT ( 'NONE',  ( 35.41882574941570994, 46.42083089541173280, 8.915208395342570924 ) ) ;
#366 = AXIS2_PLACEMENT_3D ( 'NONE', #1861, #2583, #1198 ) ;
#367 = AXIS2_PLACEMENT_3D ( 'NONE', #1012, #1666, #4595 ) ;
#368 = EDGE_CURVE ( 'NONE', #463, #227, #3739, .T. ) ;
#369 = CARTESIAN_POINT ( 'NONE',  ( 26.36500000000004817, 52.65000000000004121, 5.000000000000000888 ) ) ;
#370 = CIRCLE ( 'NONE', #3915, 1.699999999999996625 ) ;
#371 = ORIENTED_EDGE ( 'NONE', *, *, #2870, .F. ) ;
#372 = CARTESIAN_POINT ( 'NONE',  ( 26.36500000000004107, 52.65000000000004121, 5.000000000000000000 ) ) ;
#373 = CARTESIAN_POINT ( 'NONE',  ( 28.06500000000004391, 52.65000000000004121, 3.549999999999996714 ) ) ;
#374 = ORIENTED_EDGE ( 'NONE', *, *, #1496, .T. ) ;
#375 = CARTESIAN_POINT ( 'NONE',  ( 88.80151243137132155, -4.565795311507196530, 5.000000037719368073 ) ) ;
#376 = CARTESIAN_POINT ( 'NONE',  ( 23.32714850215259261, -1.226056609612821147, 5.033579143429027347 ) ) ;
#377 = VERTEX_POINT ( 'NONE', #3625 ) ;
#378 = DIRECTION ( 'NONE',  ( 0.000000000000000000, 0.000000000000000000, -1.000000000000000000 ) ) ;
#379 = ORIENTED_EDGE ( 'NONE', *, *, #3024, .T. ) ;
#380 = CARTESIAN_POINT ( 'NONE',  ( 35.91500000000004178, 0.000000000000000000, 0.000000000000000000 ) ) ;
#381 = EDGE_CURVE ( 'NONE', #1465, #3609, #3900, .T. ) ;
#382 = DIRECTION ( 'NONE',  ( 0.000000000000000000, -1.000000000000000000, 0.000000000000000000 ) ) ;
#383 = CARTESIAN_POINT ( 'NONE',  ( 94.71605008053312247, -4.174536990549260196, 5.186304173505951631 ) ) ;
#384 = PLANE ( 'NONE',  #4517 ) ;
#385 = ORIENTED_EDGE ( 'NONE', *, *, #4573, .T. ) ;
#386 = DIRECTION ( 'NONE',  ( -0.000000000000000000, -0.000000000000000000, 1.000000000000000000 ) ) ;
#387 = CARTESIAN_POINT ( 'NONE',  ( 86.91697469964323375, -4.476699331117093728, 3.698366727380305807 ) ) ;
#388 = EDGE_CURVE ( 'NONE', #1093, #861, #4364, .T. ) ;
#389 = CARTESIAN_POINT ( 'NONE',  ( 123.3000000000000256, 0.9999999999999904521, 10.00000000000000000 ) ) ;
#390 = CARTESIAN_POINT ( 'NONE',  ( 30.91500000000004533, -5.708203932499369415, 3.600000000000000089 ) ) ;
#391 = B_SPLINE_CURVE_WITH_KNOTS ( 'NONE', 3,
 ( #3814, #637, #286, #2397, #1025, #3890, #2451, #3487, #2164, #3975, #749, #1837, #582, #2039, #3466, #3840 ),
 .UNSPECIFIED., .F., .F.,
 ( 4, 2, 2, 2, 2, 2, 2, 4 ),
 ( 0.000000000000000000, 0.06250000000000000000, 0.1250000000000000000, 0.2500000000000000000, 0.5000000000000000000, 0.7500000000000000000, 0.8750000000000000000, 1.000000000000000000 ),
 .UNSPECIFIED. ) ;
#392 = ORIENTED_EDGE ( 'NONE', *, *, #2047, .T. ) ;
#393 = CARTESIAN_POINT ( 'NONE',  ( 123.3000000000000256, 40.39999999999999147, 10.00000000000000000 ) ) ;
#394 = CARTESIAN_POINT ( 'NONE',  ( 123.3000000000000256, 45.39999999999999147, 9.000000000000001776 ) ) ;
#395 = ORIENTED_EDGE ( 'NONE', *, *, #3264, .F. ) ;
#397 = ADVANCED_FACE ( 'NONE', ( #4281 ), #4590, .T. ) ;
#396 = CARTESIAN_POINT ( 'NONE',  ( 91.28657911043598006, 0.01857246230552315677, 9.191837429253210345 ) ) ;
#398 = CARTESIAN_POINT ( 'NONE',  ( 24.52023737550816662, -3.692358123685124838, 4.999999881994164674 ) ) ;
#399 = ORIENTED_EDGE ( 'NONE', *, *, #3506, .F. ) ;
#400 = DIRECTION ( 'NONE',  ( 0.000000000000000000, 1.000000000000000000, 0.000000000000000000 ) ) ;
#401 = VERTEX_POINT ( 'NONE', #3924 ) ;
#402 = DIRECTION ( 'NONE',  ( -1.000000000000000000, 0.000000000000000000, 0.000000000000000000 ) ) ;
#403 = DIRECTION ( 'NONE',  ( 0.000000000000000000, 0.000000000000000000, -1.000000000000000000 ) ) ;
#404 = CARTESIAN_POINT ( 'NONE',  ( 100.7340964531636160, 0.000000000000000000, 8.999999698237591161 ) ) ;
#405 = CARTESIAN_POINT ( 'NONE',  ( 6.000000000000000000, 0.000000000000000000, 10.00000000000000000 ) ) ;
#406 = ORIENTED_EDGE ( 'NONE', *, *, #1777, .F. ) ;
#407 = CARTESIAN_POINT ( 'NONE',  ( 23.21500000000004960, -6.250000000000012434, 5.000000000000000888 ) ) ;
#408 = EDGE_CURVE ( 'NONE', #4436, #3883, #3371, .T. ) ;
#409 = CIRCLE ( 'NONE', #3036, 1.699999999999996625 ) ;
#410 = DIRECTION ( 'NONE',  ( 1.000000000000000000, 0.000000000000000000, 0.000000000000000000 ) ) ;
#411 = CARTESIAN_POINT ( 'NONE',  ( 17.31117425058351600, 46.42083089541161200, 8.915208395342467895 ) ) ;
#412 = EDGE_CURVE ( 'NONE', #1896, #3502, #1735, .T. ) ;
#413 = CARTESIAN_POINT ( 'NONE',  ( 84.12205242449778098, 46.70251551849705862, 8.383117247897191149 ) ) ;
#414 = ORIENTED_EDGE ( 'NONE', *, *, #1602, .T. ) ;
#415 = CARTESIAN_POINT ( 'NONE',  ( 91.46697469964321670, 52.65000000000004121, 5.000000000000000888 ) ) ;
#416 = DIRECTION ( 'NONE',  ( 0.000000000000000000, 0.000000000000000000, -1.000000000000000000 ) ) ;
#417 = ORIENTED_EDGE ( 'NONE', *, *, #332, .F. ) ;
#418 = CARTESIAN_POINT ( 'NONE',  ( 90.56612672197955760, 0.02653981078379932454, 9.228958591081230622 ) ) ;
#419 = CARTESIAN_POINT ( 'NONE',  ( 123.3000000000000256, 42.39999999999999858, 0.000000000000000000 ) ) ;
#420 = ADVANCED_FACE ( 'NONE', ( #1848 ), #1516, .T. ) ;
#421 = CARTESIAN_POINT ( 'NONE',  ( 23.39605277628665192, -1.204375710126681209, 5.066404875273036623 ) ) ;
#422 = ORIENTED_EDGE ( 'NONE', *, *, #1071, .F. ) ;
#423 = CARTESIAN_POINT ( 'NONE',  ( 86.91697469964323375, -5.708203932499369415, 11.00000000000000000 ) ) ;
#424 = ORIENTED_EDGE ( 'NONE', *, *, #1155, .F. ) ;
#425 = CARTESIAN_POINT ( 'NONE',  ( 30.91500000000004533, -5.000000000000000000, 3.633966658370840097 ) ) ;
#426 = DIRECTION ( 'NONE',  ( -0.000000000000000000, -0.000000000000000000, -1.000000000000000000 ) ) ;
#427 = CARTESIAN_POINT ( 'NONE',  ( 96.18881227620587993, -1.791994184800536960, 6.418980721229854858 ) ) ;
#428 = CARTESIAN_POINT ( 'NONE',  ( 123.3000000000000256, 6.000000000000000000, 9.000000000000001776 ) ) ;
#429 = CARTESIAN_POINT ( 'NONE',  ( 23.26194392231779062, 52.10820393249937155, 4.999999999999999112 ) ) ;
#430 = ORIENTED_EDGE ( 'NONE', *, *, #337, .F. ) ;
#431 = DIRECTION ( 'NONE',  ( 1.000000000000000000, 0.000000000000000000, 0.000000000000000000 ) ) ;
#432 = LINE ( 'NONE', #457, #900 ) ;
#433 = VECTOR ( 'NONE', #1204, 1000.000000000000000 ) ;
#434 = CARTESIAN_POINT ( 'NONE',  ( 21.69693352006512654, 50.19289158125398842, 5.293062559757514940 ) ) ;
#435 = VECTOR ( 'NONE', #4542, 999.9999999999998863 ) ;
#436 = EDGE_CURVE ( 'NONE', #2302, #2165, #2066, .T. ) ;
#437 = CARTESIAN_POINT ( 'NONE',  ( 32.72207261406173728, -0.6781650744021903154, 7.686862611336774620 ) ) ;
#438 = ORIENTED_EDGE ( 'NONE', *, *, #855, .T. ) ;
#439 = LINE ( 'NONE', #4406, #1187 ) ;
#440 = CARTESIAN_POINT ( 'NONE',  ( 104.6000000000000085, 46.35831484749989784, 9.285714285714286476 ) ) ;
#441 = ORIENTED_EDGE ( 'NONE', *, *, #649, .T. ) ;
#442 = CARTESIAN_POINT ( 'NONE',  ( 88.36391862196079217, 0.04168515250008945211, 9.285714285714286476 ) ) ;
#443 = CIRCLE ( 'NONE', #3971, 1.400000000000000133 ) ;
#444 = AXIS2_PLACEMENT_3D ( 'NONE', #3398, #621, #988 ) ;
#445 = AXIS2_PLACEMENT_3D ( 'NONE', #1075, #3233, #15 ) ;
#446 = CARTESIAN_POINT ( 'NONE',  ( 90.28886141993123715, 49.72072567303419532, 4.999999771273634153 ) ) ;
#447 = DIRECTION ( 'NONE',  ( -0.000000000000000000, -0.000000000000000000, -1.000000000000000000 ) ) ;
#448 = ORIENTED_EDGE ( 'NONE', *, *, #2098, .F. ) ;
#449 = AXIS2_PLACEMENT_3D ( 'NONE', #3402, #3425, #2385 ) ;
#450 = EDGE_CURVE ( 'NONE', #2302, #3553, #4051, .T. ) ;
#451 = DIRECTION ( 'NONE',  ( 0.000000000000000000, 0.000000000000000000, -1.000000000000000000 ) ) ;
#452 = DIRECTION ( 'NONE',  ( 0.000000000000000000, 0.000000000000000000, -1.000000000000000000 ) ) ;
#453 = CARTESIAN_POINT ( 'NONE',  ( 101.0169746996432423, 0.04168515250008988926, 9.285714285714286476 ) ) ;
#454 = ORIENTED_EDGE ( 'NONE', *, *, #3586, .T. ) ;
#455 = EDGE_CURVE ( 'NONE', #84, #1900, #4259, .T. ) ;
#456 = CARTESIAN_POINT ( 'NONE',  ( 129.3000000000000398, 40.39999999999999147, 9.000000000000001776 ) ) ;
#457 = CARTESIAN_POINT ( 'NONE',  ( 104.6000000000000227, 1.000000000000000000, 10.00000000000000000 ) ) ;
#458 = CARTESIAN_POINT ( 'NONE',  ( 35.91500000000004178, 46.39999999999997726, 9.000000000000001776 ) ) ;
#459 = DIRECTION ( 'NONE',  ( 1.000000000000000000, 0.000000000000000000, 0.000000000000000000 ) ) ;
#460 = ORIENTED_EDGE ( 'NONE', *, *, #182, .F. ) ;
#461 = CARTESIAN_POINT ( 'NONE',  ( 20.58969870218098919, -1.002132753839184653, 7.234985991816070161 ) ) ;
#462 = CARTESIAN_POINT ( 'NONE',  ( 21.81500000000005102, -5.000000000000000000, 3.633966658370840097 ) ) ;
#463 = VERTEX_POINT ( 'NONE', #2216 ) ;
#464 = CARTESIAN_POINT ( 'NONE',  ( 95.14553945010142399, 49.51974957974104541, 5.577094451977493428 ) ) ;
#465 = DIRECTION ( 'NONE',  ( 0.000000000000000000, 1.000000000000000000, 0.000000000000000000 ) ) ;
#466 = EDGE_CURVE ( 'NONE', #2602, #377, #4588, .T. ) ;
#467 = CARTESIAN_POINT ( 'NONE',  ( 88.73083784159689458, 47.48749656182611290, 5.189011463376611566 ) ) ;
#468 = DIRECTION ( 'NONE',  ( 0.000000000000000000, 0.000000000000000000, 1.000000000000000000 ) ) ;
#469 = ORIENTED_EDGE ( 'NONE', *, *, #3645, .F. ) ;
#470 =( BOUNDED_SURFACE ( )  B_SPLINE_SURFACE ( 2, 3, ( 
 ( #2050, #3120, #3852, #622, #2795, #3522, #1392, #3948, #300, #4238, #1411, #4640, #2094, #719, #387, #3904 ),
 ( #2462, #341, #1810, #3877, #3928, #3213, #1035, #4616, #4264, #2842, #1784, #676, #4663, #1369, #2489, #3613 ),
 ( #699, #1831, #2183, #3168, #2821, #1083, #2142, #1011, #2867, #3588, #2527, #1434, #1740, #4309, #2119, #4287 ) ),
 .UNSPECIFIED., .F., .F., .T. ) 
 B_SPLINE_SURFACE_WITH_KNOTS ( ( 3, 3 ),
 ( 4, 2, 2, 2, 2, 2, 2, 4 ),
 ( 0.000000000000000000, 1.000000000000000000 ),
 ( 0.000000000000000000, 0.0006427307277335918062, 0.001285461455467183612, 0.002570922910934367225, 0.005141845821868734449, 0.007712768732803101240, 0.008998230188270284202, 0.01028369164373746890 ),
 .UNSPECIFIED. ) 
 GEOMETRIC_REPRESENTATION_ITEM ( )  RATIONAL_B_SPLINE_SURFACE ( (
 ( 1.000000000000000000, 1.000000000000000000, 1.000000000000000000, 1.000000000000000000, 1.000000000000000000, 1.000000000000000000, 1.000000000000000000, 1.000000000000000000, 1.000000000000000000, 1.000000000000000000, 1.000000000000000000, 1.000000000000000000, 1.000000000000000000, 1.000000000000000000, 1.000000000000000000, 1.000000000000000000),
 ( 0.9895238368780991944, 0.9894255275013112971, 0.9876140079640419733, 0.9826890182792537010, 0.9795074006085189300, 0.9685053220528540008, 0.9592048874236223099, 0.9272361658429693065, 0.9004258755094477484, 0.8416830905393369866, 0.8094360125434522102, 0.7632568035510212123, 0.7482222592935567906, 0.7222236534437385114, 0.7110400930580591528, 0.7071067811865474617),
 ( 1.000000000000000000, 1.000000000000000000, 1.000000000000000000, 1.000000000000000000, 1.000000000000000000, 1.000000000000000000, 1.000000000000000000, 1.000000000000000000, 1.000000000000000000, 1.000000000000000000, 1.000000000000000000, 1.000000000000000000, 1.000000000000000000, 1.000000000000000000, 1.000000000000000000, 1.000000000000000000) ) ) 
 REPRESENTATION_ITEM ( '' )  SURFACE ( )  );
#471 = FACE_OUTER_BOUND ( 'NONE', #4306, .T. ) ;
#472 = EDGE_CURVE ( 'NONE', #4620, #681, #3296, .T. ) ;
#473 = CARTESIAN_POINT ( 'NONE',  ( 29.51500000000004675, 52.65000000000004121, 3.600000000000000089 ) ) ;
#474 = CARTESIAN_POINT ( 'NONE',  ( 23.93583052395333866, 47.30592013736258394, 5.408241717056749387 ) ) ;
#475 = ORIENTED_EDGE ( 'NONE', *, *, #4487, .T. ) ;
#476 = CARTESIAN_POINT ( 'NONE',  ( 129.3000000000000398, 6.000000000000000000, 9.000000000000001776 ) ) ;
#477 = VECTOR ( 'NONE', #2878, 1000.000000000000000 ) ;
#478 = EDGE_CURVE ( 'NONE', #324, #3459, #2390, .T. ) ;
#479 = CARTESIAN_POINT ( 'NONE',  ( 26.36500000000004817, 52.65000000000004121, -8.673617379884035472E-16 ) ) ;
#480 = CARTESIAN_POINT ( 'NONE',  ( 18.81765713621344460, 46.80376971343386572, 8.172133052153526478 ) ) ;
#481 = CARTESIAN_POINT ( 'NONE',  ( 29.61407538088992908, -4.174536990549673199, 5.186304173505813964 ) ) ;
#482 = DIRECTION ( 'NONE',  ( 0.000000000000000000, 0.000000000000000000, -1.000000000000000000 ) ) ;
#483 = DIRECTION ( 'NONE',  ( -1.000000000000000000, -0.000000000000000000, 0.000000000000000000 ) ) ;
#484 = ORIENTED_EDGE ( 'NONE', *, *, #1580, .F. ) ;
#485 = CARTESIAN_POINT ( 'NONE',  ( 93.16697469964320533, 52.65000000000004121, 3.549999999999996714 ) ) ;
#486 = CARTESIAN_POINT ( 'NONE',  ( 89.16472217403236300, 47.24378232505056019, 5.505884466271156796 ) ) ;
#487 = DIRECTION ( 'NONE',  ( -1.000000000000000000, -2.111225325732422144E-16, 0.000000000000000000 ) ) ;
#488 = ORIENTED_EDGE ( 'NONE', *, *, #1771, .F. ) ;
#489 = LINE ( 'NONE', #557, #1872 ) ;
#490 = CARTESIAN_POINT ( 'NONE',  ( 23.83232047505813966, 47.36279448693020555, 5.329512187021814285 ) ) ;
#491 = ORIENTED_EDGE ( 'NONE', *, *, #3638, .F. ) ;
#492 = DIRECTION ( 'NONE',  ( 0.000000000000000000, 0.000000000000000000, -1.000000000000000000 ) ) ;
#493 = CARTESIAN_POINT ( 'NONE',  ( 16.81500000000005102, 46.35831484749988363, 9.285714285714286476 ) ) ;
#494 = CARTESIAN_POINT ( 'NONE',  ( 17.87688656590993119, 46.43505845609255545, 9.044672882760552923 ) ) ;
#495 = EDGE_CURVE ( 'NONE', #1595, #1427, #4289, .T. ) ;
#496 = CARTESIAN_POINT ( 'NONE',  ( 22.68643524954183022, -3.119749579740186629, 5.577094451977967715 ) ) ;
#497 = CYLINDRICAL_SURFACE ( 'NONE', #3076, 5.000000000000000888 ) ;
#498 = VERTEX_POINT ( 'NONE', #4636 ) ;
#499 = CARTESIAN_POINT ( 'NONE',  ( 81.91697469964319112, 46.39999999999998437, 10.00000000000000000 ) ) ;
#500 = ADVANCED_FACE ( 'NONE', ( #3494 ), #1407, .T. ) ;
#501 = AXIS2_PLACEMENT_3D ( 'NONE', #3675, #2881, #452 ) ;
#502 = DIRECTION ( 'NONE',  ( 1.000000000000000000, 2.111225325732422144E-16, -0.000000000000000000 ) ) ;
#503 = CARTESIAN_POINT ( 'NONE',  ( 89.41208589214532765, 47.14977181285459551, 5.687964927390983583 ) ) ;
#504 = VECTOR ( 'NONE', #4279, 1000.000000000000000 ) ;
#505 = CARTESIAN_POINT ( 'NONE',  ( 16.81500000000004746, 0.000000000000000000, 9.000000000000001776 ) ) ;
#506 = CONICAL_SURFACE ( 'NONE', #2851, 3.149999999999999911, 0.7853981633974491672 ) ;
#507 = ORIENTED_EDGE ( 'NONE', *, *, #3350, .F. ) ;
#508 = CARTESIAN_POINT ( 'NONE',  ( 23.21500000000004249, -5.708203932499369415, 11.00000000000000000 ) ) ;
#509 = AXIS2_PLACEMENT_3D ( 'NONE', #1107, #2534, #3247 ) ;
#510 = CARTESIAN_POINT ( 'NONE',  ( 95.71833290222672019, -2.254564897238464205, 6.049810156118478943 ) ) ;
#511 = DIRECTION ( 'NONE',  ( -0.000000000000000000, -0.000000000000000000, -1.000000000000000000 ) ) ;
#512 = CARTESIAN_POINT ( 'NONE',  ( 23.48273801950487183, 51.37741753573136094, 5.000000005634650968 ) ) ;
#513 = ORIENTED_EDGE ( 'NONE', *, *, #3874, .F. ) ;
#514 = AXIS2_PLACEMENT_3D ( 'NONE', #780, #1803, #3236 ) ;
#515 = EDGE_CURVE ( 'NONE', #953, #4593, #894, .T. ) ;
#516 = AXIS2_PLACEMENT_3D ( 'NONE', #806, #786, #128 ) ;
#517 = CARTESIAN_POINT ( 'NONE',  ( 123.3000000000000256, 0.000000000000000000, 0.000000000000000000 ) ) ;
#518 = DIRECTION ( 'NONE',  ( 0.000000000000000000, 0.000000000000000000, 1.000000000000000000 ) ) ;
#519 = LINE ( 'NONE', #2713, #3369 ) ;
#520 = DIRECTION ( 'NONE',  ( -0.000000000000000000, -0.000000000000000000, -1.000000000000000000 ) ) ;
#521 = DIRECTION ( 'NONE',  ( 0.000000000000000000, -1.000000000000000000, -0.000000000000000000 ) ) ;
#522 = CARTESIAN_POINT ( 'NONE',  ( 34.75628530359415436, -0.1315763333870868523, 8.775577008669561252 ) ) ;
#523 = ADVANCED_FACE ( 'NONE', ( #3729, #4089 ), #1640, .T. ) ;
#524 = FACE_OUTER_BOUND ( 'NONE', #3550, .T. ) ;
#525 = FACE_OUTER_BOUND ( 'NONE', #963, .T. ) ;
#526 = ORIENTED_EDGE ( 'NONE', *, *, #248, .F. ) ;
#527 = CARTESIAN_POINT ( 'NONE',  ( 97.24227599746228634, 47.40213275383885616, 7.234985991816402340 ) ) ;
#528 = CARTESIAN_POINT ( 'NONE',  ( 88.99858664359359750, 50.68758641050296632, 4.999999955579013111 ) ) ;
#529 = EDGE_CURVE ( 'NONE', #3622, #681, #147, .T. ) ;
#530 = DIRECTION ( 'NONE',  ( -0.000000000000000000, -0.000000000000000000, 1.000000000000000000 ) ) ;
#531 = ORIENTED_EDGE ( 'NONE', *, *, #1143, .F. ) ;
#532 = CYLINDRICAL_SURFACE ( 'NONE', #3071, 1.699999999999996625 ) ;
#533 = CARTESIAN_POINT ( 'NONE',  ( 21.81500000000005102, -6.250000000000012434, 3.600000000000000089 ) ) ;
#534 = FACE_OUTER_BOUND ( 'NONE', #2209, .T. ) ;
#535 = CARTESIAN_POINT ( 'NONE',  ( 25.10820614224359204, 46.36929761211633405, 9.245965674181901406 ) ) ;
#536 = ORIENTED_EDGE ( 'NONE', *, *, #1834, .F. ) ;
#537 = CARTESIAN_POINT ( 'NONE',  ( 0.000000000000000000, 0.000000000000000000, 0.000000000000000000 ) ) ;
#538 = DIRECTION ( 'NONE',  ( 0.000000000000000000, 0.000000000000000000, -1.000000000000000000 ) ) ;
#539 = CARTESIAN_POINT ( 'NONE',  ( 21.64316242344336416, -1.791994184801896983, 6.418980721228445319 ) ) ;
#540 = ORIENTED_EDGE ( 'NONE', *, *, #2433, .F. ) ;
#541 = FACE_OUTER_BOUND ( 'NONE', #4071, .T. ) ;
#542 = DIRECTION ( 'NONE',  ( 0.000000000000000000, 0.000000000000000000, -1.000000000000000000 ) ) ;
#543 = DIRECTION ( 'NONE',  ( -0.000000000000000000, -0.000000000000000000, -1.000000000000000000 ) ) ;
#544 = LINE ( 'NONE', #3850, #1122 ) ;
#545 = DIRECTION ( 'NONE',  ( 0.000000000000000000, -1.000000000000000000, 0.000000000000000000 ) ) ;
#546 = CIRCLE ( 'NONE', #1993, 4.549999999999998934 ) ;
#547 = VERTEX_POINT ( 'NONE', #3754 ) ;
#548 = DIRECTION ( 'NONE',  ( 0.000000000000000000, 1.000000000000000000, 0.000000000000000000 ) ) ;
#549 = EDGE_CURVE ( 'NONE', #1382, #1515, #4428, .T. ) ;
#550 = CARTESIAN_POINT ( 'NONE',  ( 93.55261711862983987, 47.15973397758810393, 5.666388721553603958 ) ) ;
#551 = ORIENTED_EDGE ( 'NONE', *, *, #1442, .T. ) ;
#552 = CARTESIAN_POINT ( 'NONE',  ( 35.91500000000004178, 46.35831484749989073, 9.285714285714286476 ) ) ;
#553 = ORIENTED_EDGE ( 'NONE', *, *, #4423, .T. ) ;
#554 = CARTESIAN_POINT ( 'NONE',  ( 31.03306647993426282, 50.19289158125378236, 5.293062559757200525 ) ) ;
#555 = CARTESIAN_POINT ( 'NONE',  ( 21.81500000000005102, 51.39999999999996305, 3.633966658370841873 ) ) ;
#556 = ADVANCED_FACE ( 'NONE', ( #883 ), #3400, .T. ) ;
#557 = CARTESIAN_POINT ( 'NONE',  ( 24.66500000000005244, 52.65000000000004121, 5.000000000000000000 ) ) ;
#558 = ORIENTED_EDGE ( 'NONE', *, *, #3949, .F. ) ;
#559 = CARTESIAN_POINT ( 'NONE',  ( 24.37945685335323631, 50.19916808428534694, 5.000000140768128709 ) ) ;
#560 = ORIENTED_EDGE ( 'NONE', *, *, #1721, .T. ) ;
#561 = CARTESIAN_POINT ( 'NONE',  ( 95.71833290222669177, 48.65456489723757727, 6.049810156118957671 ) ) ;
#562 = CARTESIAN_POINT ( 'NONE',  ( 18.64008532389994954, -0.3358570077921794184, 7.928613950768600205 ) ) ;
#563 = ORIENTED_EDGE ( 'NONE', *, *, #4349, .T. ) ;
#564 = CARTESIAN_POINT ( 'NONE',  ( 23.21500000000005670, 51.53398452777011585, 5.027540533814195634 ) ) ;
#565 = LINE ( 'NONE', #1257, #741 ) ;
#566 = CARTESIAN_POINT ( 'NONE',  ( 16.81500000000004746, 46.39999999999997016, 0.000000000000000000 ) ) ;
#567 = DIRECTION ( 'NONE',  ( 1.000000000000000000, 2.111225325732422144E-16, 0.000000000000000000 ) ) ;
#568 = CARTESIAN_POINT ( 'NONE',  ( 26.36500000000004817, 52.65000000000004121, 3.549999999999996714 ) ) ;
#569 = ORIENTED_EDGE ( 'NONE', *, *, #549, .T. ) ;
#570 = CARTESIAN_POINT ( 'NONE',  ( 101.0169746996432423, 0.000000000000000000, 9.000000000000001776 ) ) ;
#571 = CARTESIAN_POINT ( 'NONE',  ( 123.3000000000000256, 40.39999999999999147, 10.00000000000000000 ) ) ;
#572 = ADVANCED_FACE ( 'NONE', ( #2698 ), #3010, .F. ) ;
#573 = CARTESIAN_POINT ( 'NONE',  ( 93.97630423975127201, 50.74094297524045061, 4.999999962280711863 ) ) ;
#574 = ORIENTED_EDGE ( 'NONE', *, *, #529, .F. ) ;
#575 = CARTESIAN_POINT ( 'NONE',  ( 86.91697469964323375, -5.708203932499369415, 5.000000000000000000 ) ) ;
#576 = VERTEX_POINT ( 'NONE', #485 ) ;
#577 = CARTESIAN_POINT ( 'NONE',  ( 92.41633767499418184, -3.235122939413511034, 5.000000183466211112 ) ) ;
#578 = AXIS2_PLACEMENT_3D ( 'NONE', #3920, #1359, #2949 ) ;
#579 = VECTOR ( 'NONE', #2932, 1000.000000000000000 ) ;
#580 = CARTESIAN_POINT ( 'NONE',  ( 27.31436297535071134, -3.235122939413419996, 5.000000183466209336 ) ) ;
#581 = CARTESIAN_POINT ( 'NONE',  ( -12.70000000000000107, 3.000000000000000000, 10.00000000000000000 ) ) ;
#582 = CARTESIAN_POINT ( 'NONE',  ( 96.27723284896667622, 49.76609556203604257, 4.160209839790626418 ) ) ;
#583 = ORIENTED_EDGE ( 'NONE', *, *, #3927, .F. ) ;
#584 = ADVANCED_FACE ( 'NONE', ( #1961 ), #1934, .F. ) ;
#585 = VECTOR ( 'NONE', #4336, 1000.000000000000000 ) ;
#586 = AXIS2_PLACEMENT_3D ( 'NONE', #188, #4474, #2256 ) ;
#587 = DIRECTION ( 'NONE',  ( 0.000000000000000000, 0.000000000000000000, 1.000000000000000000 ) ) ;
#588 = DIRECTION ( 'NONE',  ( 1.000000000000000000, 2.111225325732422144E-16, -0.000000000000000000 ) ) ;
#589 = TOROIDAL_SURFACE ( 'NONE', #449, 4.999999999999999112, 1.000000000000000000 ) ;
#590 = CARTESIAN_POINT ( 'NONE',  ( 18.35639516445572994, -0.2318187177960634726, 8.211755662395002986 ) ) ;
#591 = ORIENTED_EDGE ( 'NONE', *, *, #1711, .F. ) ;
#592 = EDGE_CURVE ( 'NONE', #2404, #1795, #146, .T. ) ;
#593 =( BOUNDED_SURFACE ( )  B_SPLINE_SURFACE ( 2, 3, ( 
 ( #2416, #2800, #2389, #4621, #4189, #1714, #2774, #3552, #3835, #1297, #629, #3856, #3882, #2077, #325, #4170 ),
 ( #3503, #2364, #3806, #4242, #3530, #2032, #306, #1396, #1041, #3460, #604, #1671, #3103, #4548, #2056, #1414 ),
 ( #3640, #1133, #3198, #2847, #2226, #4645, #1439, #1459, #2582, #46, #2493, #2939, #1086, #768, #2559, #1158 ) ),
 .UNSPECIFIED., .F., .F., .T. ) 
 B_SPLINE_SURFACE_WITH_KNOTS ( ( 3, 3 ),
 ( 4, 2, 2, 2, 2, 2, 2, 4 ),
 ( 0.000000000000000000, 1.000000000000000000 ),
 ( 0.000000000000000000, 0.001285461455467183396, 0.002570922910934366791, 0.005141845821868733582, 0.007712768732803100373, 0.008998230188270284202, 0.009640960916003875683, 0.01028369164373746716 ),
 .UNSPECIFIED. ) 
 GEOMETRIC_REPRESENTATION_ITEM ( )  RATIONAL_B_SPLINE_SURFACE ( (
 ( 1.000000000000000000, 1.000000000000000000, 1.000000000000000000, 1.000000000000000000, 1.000000000000000000, 1.000000000000000000, 1.000000000000000000, 1.000000000000000000, 1.000000000000000000, 1.000000000000000000, 1.000000000000000000, 1.000000000000000000, 1.000000000000000000, 1.000000000000000000, 1.000000000000000000, 1.000000000000000000),
 ( 0.7071067811865509034, 0.7110400930584839241, 0.7222236534431736299, 0.7482222592941167871, 0.7632568035515886473, 0.8094360125423070151, 0.8416830905384801165, 0.9004258755103035083, 0.9272361658422557662, 0.9592048874239791356, 0.9685053220528492268, 0.9795074006085212615, 0.9826890182792519246, 0.9876140079640439717, 0.9894255275013097428, 0.9895238368780993055),
 ( 1.000000000000000000, 1.000000000000000000, 1.000000000000000000, 1.000000000000000000, 1.000000000000000000, 1.000000000000000000, 1.000000000000000000, 1.000000000000000000, 1.000000000000000000, 1.000000000000000000, 1.000000000000000000, 1.000000000000000000, 1.000000000000000000, 1.000000000000000000, 1.000000000000000000, 1.000000000000000000) ) ) 
 REPRESENTATION_ITEM ( '' )  SURFACE ( )  );
#594 = CARTESIAN_POINT ( 'NONE',  ( 23.11592461910719720, 50.57453699054986629, 5.186304173505738468 ) ) ;
#595 = DIRECTION ( 'NONE',  ( 1.000000000000000000, 0.000000000000000000, 0.000000000000000000 ) ) ;
#596 = CIRCLE ( 'NONE', #2172, 1.699999999999996625 ) ;
#597 = AXIS2_PLACEMENT_3D ( 'NONE', #3776, #933, #3167 ) ;
#598 = DIRECTION ( 'NONE',  ( 0.000000000000000000, 1.000000000000000000, 0.000000000000000000 ) ) ;
#599 = DIRECTION ( 'NONE',  ( 1.000000000000000000, -9.912896792480513162E-16, -3.324886662288858702E-15 ) ) ;
#600 = ORIENTED_EDGE ( 'NONE', *, *, #85, .F. ) ;
#601 = CARTESIAN_POINT ( 'NONE',  ( 96.27723284896667622, 49.76609556203604257, 4.160209839790626418 ) ) ;
#602 = CARTESIAN_POINT ( 'NONE',  ( 29.46805607768236612, 46.35831484749988363, 9.285714285714282923 ) ) ;
#603 = CARTESIAN_POINT ( 'NONE',  ( 90.82971185520906943, 46.94341897171645428, 6.287148486929659441 ) ) ;
#604 = CARTESIAN_POINT ( 'NONE',  ( 83.60929265276043054, 46.67812560514708764, 8.426889323466623338 ) ) ;
#605 = ORIENTED_EDGE ( 'NONE', *, *, #4552, .T. ) ;
#606 = CARTESIAN_POINT ( 'NONE',  ( 34.75628530359695390, 46.53157633338668830, 8.775577008668381751 ) ) ;
#607 = CARTESIAN_POINT ( 'NONE',  ( 93.82377426938749920, -4.145671282187492146, 5.000000152726445712 ) ) ;
#608 = CARTESIAN_POINT ( 'NONE',  ( 26.99171632210816796, 0.02319749380573416994, 9.214171110249170127 ) ) ;
#609 = CARTESIAN_POINT ( 'NONE',  ( 91.20793353836675976, 0.01794445150975716025, 9.188591887387302037 ) ) ;
#610 = CARTESIAN_POINT ( 'NONE',  ( 26.36500000000004817, -6.250000000000012434, 5.000000000000000888 ) ) ;
#611 = ORIENTED_EDGE ( 'NONE', *, *, #2611, .T. ) ;
#612 = EDGE_CURVE ( 'NONE', #2264, #3737, #2408, .T. ) ;
#613 = CARTESIAN_POINT ( 'NONE',  ( 84.53738783382848965, 47.10184921491840271, 7.082355151647516500 ) ) ;
#614 = DIRECTION ( 'NONE',  ( 0.000000000000000000, 0.000000000000000000, 1.000000000000000000 ) ) ;
#615 = ORIENTED_EDGE ( 'NONE', *, *, #1089, .F. ) ;
#616 = CARTESIAN_POINT ( 'NONE',  ( 20.00792738593836262, 47.07816507440191600, 7.686862611337248019 ) ) ;
#617 = LINE ( 'NONE', #931, #4361 ) ;
#618 = EDGE_CURVE ( 'NONE', #3936, #3383, #3779, .T. ) ;
#619 = CARTESIAN_POINT ( 'NONE',  ( 94.61697469964323659, -6.250000000000014211, 5.000000000000000888 ) ) ;
#620 = CYLINDRICAL_SURFACE ( 'NONE', #4059, 1.400000000000000133 ) ;
#621 = DIRECTION ( 'NONE',  ( -0.000000000000000000, -0.000000000000000000, 1.000000000000000000 ) ) ;
#622 = CARTESIAN_POINT ( 'NONE',  ( 82.80088145715576786, -0.07485810325703191881, 8.716407524613984492 ) ) ;
#623 = CARTESIAN_POINT ( 'NONE',  ( 101.0169746996432139, 46.39999999999999147, 9.000000000000001776 ) ) ;
#624 = DIRECTION ( 'NONE',  ( -0.000000000000000000, -0.000000000000000000, 1.000000000000000000 ) ) ;
#625 = CARTESIAN_POINT ( 'NONE',  ( 94.61697469964323659, -5.708203932499369415, 11.00000000000000000 ) ) ;
#626 = CARTESIAN_POINT ( 'NONE',  ( 92.13825480699681236, 49.56199991485778611, 4.999999743389659024 ) ) ;
#627 = AXIS2_PLACEMENT_3D ( 'NONE', #2564, #4341, #400 ) ;
#628 = ORIENTED_EDGE ( 'NONE', *, *, #2537, .F. ) ;
#629 = CARTESIAN_POINT ( 'NONE',  ( 83.45836986409663893, 46.63181871779548260, 8.211755662395214372 ) ) ;
#630 = ORIENTED_EDGE ( 'NONE', *, *, #1155, .T. ) ;
#631 = CARTESIAN_POINT ( 'NONE',  ( 93.23802747833642002, 0.03593321497013558102, 9.265847836895339640 ) ) ;
#632 = AXIS2_PLACEMENT_3D ( 'NONE', #1067, #4018, #25 ) ;
#633 = CARTESIAN_POINT ( 'NONE',  ( 29.06359947736447680, -4.622388701747911277, 4.999999985240035194 ) ) ;
#634 = CARTESIAN_POINT ( 'NONE',  ( 29.45061791762607939, 52.01312379348829751, 5.000000000181670679 ) ) ;
#635 = ORIENTED_EDGE ( 'NONE', *, *, #3645, .T. ) ;
#636 = CARTESIAN_POINT ( 'NONE',  ( 16.81500000000004746, 51.39999999999996305, 0.000000000000000000 ) ) ;
#637 = CARTESIAN_POINT ( 'NONE',  ( 100.7340964531648666, 46.39999999999999147, 8.999999698242353574 ) ) ;
#638 = ORIENTED_EDGE ( 'NONE', *, *, #1901, .F. ) ;
#639 = CYLINDRICAL_SURFACE ( 'NONE', #2607, 1.000000000000000888 ) ;
#640 = CARTESIAN_POINT ( 'NONE',  ( 86.91697469964321954, 50.87669933111401122, 3.698366727380367092 ) ) ;
#641 = SURFACE_SIDE_STYLE ('',( #3921 ) ) ;
#642 = ORIENTED_EDGE ( 'NONE', *, *, #1227, .F. ) ;
#643 = CARTESIAN_POINT ( 'NONE',  ( 28.95040795350218588, 0.04168515250009023621, 9.285714285714286476 ) ) ;
#644 = DIRECTION ( 'NONE',  ( 1.000000000000000000, 0.000000000000000000, 0.000000000000000000 ) ) ;
#645 = CARTESIAN_POINT ( 'NONE',  ( 88.31697469964323943, -5.133984527770151018, 5.027540533814194745 ) ) ;
#646 = LINE ( 'NONE', #4183, #4444 ) ;
#647 = CARTESIAN_POINT ( 'NONE',  ( 125.3000000000000256, 6.000000000000000000, 9.000000000000001776 ) ) ;
#649 = EDGE_CURVE ( 'NONE', #3845, #377, #1806, .T. ) ;
#648 = CARTESIAN_POINT ( 'NONE',  ( 99.96127032960602321, 46.50987206391014439, 8.595321593667716087 ) ) ;
#650 = CIRCLE ( 'NONE', #2837, 1.400000000000000133 ) ;
#651 = CARTESIAN_POINT ( 'NONE',  ( 91.71188005170876067, 46.38093739518765091, 9.194328170191452543 ) ) ;
#652 = ORIENTED_EDGE ( 'NONE', *, *, #3773, .F. ) ;
#653 = CARTESIAN_POINT ( 'NONE',  ( 91.46697469964324512, -6.250000000000013323, 5.000000000000000888 ) ) ;
#654 = ORIENTED_EDGE ( 'NONE', *, *, #1551, .F. ) ;
#655 = CARTESIAN_POINT ( 'NONE',  ( 34.05736375231269619, 46.59589291560539692, 8.619305215998195990 ) ) ;
#657 = EDGE_CURVE ( 'NONE', #4049, #2855, #671, .T. ) ;
#656 = CARTESIAN_POINT ( 'NONE',  ( 93.03168076145759358, -3.507683539563398956, 5.000000228726354301 ) ) ;
#658 = CARTESIAN_POINT ( 'NONE',  ( 27.56871380873904087, -0.5883667071917139113, 6.130882010226612167 ) ) ;
#659 = ORIENTED_EDGE ( 'NONE', *, *, #3473, .T. ) ;
#660 = DIRECTION ( 'NONE',  ( 0.000000000000000000, -0.000000000000000000, 1.000000000000000000 ) ) ;
#661 = AXIS2_PLACEMENT_3D ( 'NONE', #2810, #4229, #1776 ) ;
#662 = LINE ( 'NONE', #1816, #585 ) ;
#663 = ORIENTED_EDGE ( 'NONE', *, *, #3719, .F. ) ;
#664 = AXIS2_PLACEMENT_3D ( 'NONE', #1661, #542, #876 ) ;
#665 = CARTESIAN_POINT ( 'NONE',  ( 81.91697469964319112, 46.39999999999998437, 9.000000000000001776 ) ) ;
#666 = DIRECTION ( 'NONE',  ( -0.000000000000000000, -0.000000000000000000, 1.000000000000000000 ) ) ;
#667 = SURFACE_STYLE_USAGE ( .BOTH. , #641 ) ;
#668 = VERTEX_POINT ( 'NONE', #1550 ) ;
#669 = AXIS2_PLACEMENT_3D ( 'NONE', #3771, #2087, #3115 ) ;
#670 = FACE_OUTER_BOUND ( 'NONE', #2650, .T. ) ;
#671 = CIRCLE ( 'NONE', #1055, 5.999999999999998224 ) ;
#672 = DIRECTION ( 'NONE',  ( 1.000000000000000000, 2.111225325732422144E-16, 0.000000000000000000 ) ) ;
#673 = AXIS2_PLACEMENT_3D ( 'NONE', #974, #26, #4197 ) ;
#674 = CARTESIAN_POINT ( 'NONE',  ( 86.91697469964320533, 52.65000000000004121, 0.000000000000000000 ) ) ;
#675 = DIRECTION ( 'NONE',  ( -1.000000000000000000, 0.000000000000000000, 0.000000000000000000 ) ) ;
#676 = CARTESIAN_POINT ( 'NONE',  ( 86.71866363043511683, -3.497632160393347345, 5.397955681068002498 ) ) ;
#677 = AXIS2_PLACEMENT_3D ( 'NONE', #571, #4144, #3123 ) ;
#678 = CARTESIAN_POINT ( 'NONE',  ( 29.35094168213189647, 51.64493884327440298, 4.999999998950976909 ) ) ;
#679 = ADVANCED_FACE ( 'NONE', ( #2985 ), #2026, .F. ) ;
#680 = CARTESIAN_POINT ( 'NONE',  ( 30.91500000000004178, -4.999999999999996447, 3.633966658370840985 ) ) ;
#681 = VERTEX_POINT ( 'NONE', #275 ) ;
#682 = CARTESIAN_POINT ( 'NONE',  ( 28.51928904092259032, 47.18399379461488508, 5.616529430093101460 ) ) ;
#683 = DIRECTION ( 'NONE',  ( 1.000000000000000000, 0.000000000000000000, 0.000000000000000000 ) ) ;
#684 = ORIENTED_EDGE ( 'NONE', *, *, #3991, .F. ) ;
#685 = CARTESIAN_POINT ( 'NONE',  ( 91.58513266041792633, 0.01820750982104735530, 9.189957567198961286 ) ) ;
#686 = ADVANCED_FACE ( 'NONE', ( #4564 ), #235, .T. ) ;
#687 = CARTESIAN_POINT ( 'NONE',  ( 28.66725252561071358, -0.8437823250505008810, 5.505884466271335320 ) ) ;
#688 = EDGE_LOOP ( 'NONE', ( #1362, #1072, #2215, #611 ) ) ;
#689 = DIRECTION ( 'NONE',  ( 0.000000000000000000, 1.000000000000000000, 0.000000000000000000 ) ) ;
#690 = ORIENTED_EDGE ( 'NONE', *, *, #2153, .F. ) ;
#691 = CARTESIAN_POINT ( 'NONE',  ( 82.19985294612170890, 46.39999999999998437, 8.999999698238159596 ) ) ;
#692 = CARTESIAN_POINT ( 'NONE',  ( 129.3000000000000398, 40.39999999999999147, 10.00000000000000000 ) ) ;
#693 = DIRECTION ( 'NONE',  ( 4.034240641806528883E-16, -1.000000000000000000, 0.000000000000000000 ) ) ;
#694 = ORIENTED_EDGE ( 'NONE', *, *, #3959, .T. ) ;
#695 = DIRECTION ( 'NONE',  ( -0.000000000000000000, -0.000000000000000000, -1.000000000000000000 ) ) ;
#696 = DIRECTION ( 'NONE',  ( 0.000000000000000000, 0.000000000000000000, 1.000000000000000000 ) ) ;
#697 = LINE ( 'NONE', #4285, #1483 ) ;
#698 = DIRECTION ( 'NONE',  ( 1.000000000000000000, 0.000000000000000000, 0.000000000000000000 ) ) ;
#699 = CARTESIAN_POINT ( 'NONE',  ( 81.91697469964323375, 0.04168515250008988926, 9.285714285714286476 ) ) ;
#700 = CARTESIAN_POINT ( 'NONE',  ( 94.04099284123579139, 46.35905126974435575, 9.283276529034056423 ) ) ;
#701 = ORIENTED_EDGE ( 'NONE', *, *, #2400, .T. ) ;
#702 = CARTESIAN_POINT ( 'NONE',  ( 27.07876938050926086, 46.37574066470828882, 9.218956272664810214 ) ) ;
#703 = CARTESIAN_POINT ( 'NONE',  ( -18.70000000000000284, 6.000000000000000000, 0.000000000000000000 ) ) ;
#704 = VERTEX_POINT ( 'NONE', #570 ) ;
#705 = CARTESIAN_POINT ( 'NONE',  ( 88.72393999581080948, -1.091710582000836149, 5.184958212114344711 ) ) ;
#706 = CARTESIAN_POINT ( 'NONE',  ( 26.21728055698034510, 0.01836318228557624888, 9.190761123939715560 ) ) ;
#707 = EDGE_LOOP ( 'NONE', ( #638, #4010, #2086, #6 ) ) ;
#708 = CARTESIAN_POINT ( 'NONE',  ( -15.70000000000000284, 6.000000000000000000, 9.000000000000001776 ) ) ;
#709 = VERTEX_POINT ( 'NONE', #3830 ) ;
#710 = CIRCLE ( 'NONE', #3489, 7.400000000000000355 ) ;
#711 = EDGE_CURVE ( 'NONE', #1165, #3257, #4210, .T. ) ;
#712 = CARTESIAN_POINT ( 'NONE',  ( 94.61697469964320817, 52.10820393249936444, 3.599999999999999201 ) ) ;
#713 = AXIS2_PLACEMENT_3D ( 'NONE', #2258, #3692, #468 ) ;
#714 = CARTESIAN_POINT ( 'NONE',  ( 101.0169746996432423, -5.000000000000000000, 0.000000000000000000 ) ) ;
#715 = ORIENTED_EDGE ( 'NONE', *, *, #1988, .F. ) ;
#716 = DIRECTION ( 'NONE',  ( 1.000000000000000000, 0.000000000000000000, 0.000000000000000000 ) ) ;
#717 = EDGE_CURVE ( 'NONE', #1972, #353, #1318, .T. ) ;
#718 = DIRECTION ( 'NONE',  ( 0.000000000000000000, -1.000000000000000000, 0.000000000000000000 ) ) ;
#719 = CARTESIAN_POINT ( 'NONE',  ( 86.84454464195991363, -4.075959423493379141, 3.836055833570275908 ) ) ;
#720 = CARTESIAN_POINT ( 'NONE',  ( 35.91500000000004178, 46.39999999999997726, 9.000000000000001776 ) ) ;
#721 = PLANE ( 'NONE',  #1555 ) ;
#722 = CARTESIAN_POINT ( 'NONE',  ( 83.18611717523027949, 46.47093402564603792, 8.942207955678773246 ) ) ;
#723 = ORIENTED_EDGE ( 'NONE', *, *, #4254, .T. ) ;
#724 = DIRECTION ( 'NONE',  ( -0.000000000000000000, -0.000000000000000000, 1.000000000000000000 ) ) ;
#725 = ORIENTED_EDGE ( 'NONE', *, *, #871, .F. ) ;
#726 = CARTESIAN_POINT ( 'NONE',  ( 91.22206934757768693, 0.01906260481232919038, 9.194328170191434779 ) ) ;
#727 = ADVANCED_FACE ( 'NONE', ( #2796 ), #1925, .F. ) ;
#728 = CARTESIAN_POINT ( 'NONE',  ( 24.57206611502148874, 0.03612080583769730624, 9.266520455294619651 ) ) ;
#729 = EDGE_LOOP ( 'NONE', ( #553, #414, #238 ) ) ;
#730 = DIRECTION ( 'NONE',  ( 1.000000000000000000, 2.814967100976562858E-16, 0.000000000000000000 ) ) ;
#731 = ORIENTED_EDGE ( 'NONE', *, *, #2678, .T. ) ;
#732 = DIRECTION ( 'NONE',  ( -1.000000000000000000, 0.000000000000000000, -0.000000000000000000 ) ) ;
#733 = EDGE_CURVE ( 'NONE', #1022, #2513, #3743, .T. ) ;
#734 = CARTESIAN_POINT ( 'NONE',  ( 31.70809330029839757, 48.62764861691075424, 4.979238666733389884 ) ) ;
#735 = DIRECTION ( 'NONE',  ( 1.000000000000000000, 0.000000000000000000, 0.000000000000000000 ) ) ;
#736 = VERTEX_POINT ( 'NONE', #3063 ) ;
#737 = CARTESIAN_POINT ( 'NONE',  ( 26.36500000000004107, -6.250000000000008882, 3.600000000000000089 ) ) ;
#738 = CIRCLE ( 'NONE', #3589, 3.149999999999999911 ) ;
#739 = AXIS2_PLACEMENT_3D ( 'NONE', #3945, #3630, #1388 ) ;
#740 = EDGE_CURVE ( 'NONE', #227, #498, #2303, .T. ) ;
#741 = VECTOR ( 'NONE', #4539, 1000.000000000000000 ) ;
#742 = CARTESIAN_POINT ( 'NONE',  ( 32.84291317954912870, -1.016802658063045595, 6.516758327472343737 ) ) ;
#743 = DIRECTION ( 'NONE',  ( 1.000000000000000000, 0.000000000000000000, 0.000000000000000000 ) ) ;
#744 = TOROIDAL_SURFACE ( 'NONE', #893, 3.149999999999998135, 1.399999999999999911 ) ;
#745 = FACE_OUTER_BOUND ( 'NONE', #2255, .T. ) ;
#746 = CIRCLE ( 'NONE', #3535, 1.400000000000000133 ) ;
#747 = VERTEX_POINT ( 'NONE', #4485 ) ;
#748 = DIRECTION ( 'NONE',  ( 0.000000000000000000, 1.000000000000000000, 0.000000000000000000 ) ) ;
#749 = CARTESIAN_POINT ( 'NONE',  ( 96.81006799994159451, 48.62764861691074714, 4.979238666734133290 ) ) ;
#750 = ORIENTED_EDGE ( 'NONE', *, *, #2012, .F. ) ;
#751 = CARTESIAN_POINT ( 'NONE',  ( 89.13562998928229320, -0.8534612985757040748, 5.485202439362668159 ) ) ;
#752 = CIRCLE ( 'NONE', #516, 3.149999999999999911 ) ;
#753 = CARTESIAN_POINT ( 'NONE',  ( 25.20999318949947110, -3.308516185696668721, 5.000000256610322324 ) ) ;
#754 = ORIENTED_EDGE ( 'NONE', *, *, #1489, .F. ) ;
#755 = LINE ( 'NONE', #2517, #1234 ) ;
#756 = EDGE_LOOP ( 'NONE', ( #3461, #4005 ) ) ;
#757 = CARTESIAN_POINT ( 'NONE',  ( -18.70000000000000284, 40.39999999999997016, 9.000000000000001776 ) ) ;
#758 = CARTESIAN_POINT ( 'NONE',  ( 30.98743005768226766, 50.47595942349755660, 3.836055833569532947 ) ) ;
#759 = CARTESIAN_POINT ( 'NONE',  ( 23.39815507703301023, 47.60374759028579206, 5.067383063334448323 ) ) ;
#760 = ORIENTED_EDGE ( 'NONE', *, *, #4091, .F. ) ;
#761 = DIRECTION ( 'NONE',  ( -0.000000000000000000, 0.000000000000000000, -1.000000000000000000 ) ) ;
#762 = ADVANCED_FACE ( 'NONE', ( #3720 ), #3414, .T. ) ;
#763 = LINE ( 'NONE', #2203, #1512 ) ;
#764 = LINE ( 'NONE', #787, #2028 ) ;
#765 = EDGE_CURVE ( 'NONE', #2857, #3532, #2318, .T. ) ;
#766 = FACE_OUTER_BOUND ( 'NONE', #688, .T. ) ;
#767 = VERTEX_POINT ( 'NONE', #476 ) ;
#768 = CARTESIAN_POINT ( 'NONE',  ( 82.51242525997939481, 46.37968392220732738, 9.213399254570116881 ) ) ;
#769 = LINE ( 'NONE', #4407, #2930 ) ;
#770 = ORIENTED_EDGE ( 'NONE', *, *, #765, .F. ) ;
#771 = CARTESIAN_POINT ( 'NONE',  ( 90.16568835426308226, -0.5998142886432622500, 6.093561793279842043 ) ) ;
#772 = CARTESIAN_POINT ( 'NONE',  ( 23.27938208237352313, -5.613123793488671964, 5.000000000181723081 ) ) ;
#773 = ORIENTED_EDGE ( 'NONE', *, *, #253, .F. ) ;
#774 = CYLINDRICAL_SURFACE ( 'NONE', #4629, 2.000000000000000000 ) ;
#775 = ORIENTED_EDGE ( 'NONE', *, *, #1973, .T. ) ;
#776 = CARTESIAN_POINT ( 'NONE',  ( 89.76697469964321385, 52.65000000000004121, 5.000000000000000000 ) ) ;
#777 = PLANE ( 'NONE',  #3291 ) ;
#778 = CARTESIAN_POINT ( 'NONE',  ( 101.0169746996432423, 0.000000000000000000, 9.000000000000001776 ) ) ;
#779 = CARTESIAN_POINT ( 'NONE',  ( 94.57003077732547069, 46.35831484749989784, 9.285714285714286476 ) ) ;
#780 = CARTESIAN_POINT ( 'NONE',  ( 29.51500000000004675, -5.708203932499369415, 3.600000000000000089 ) ) ;
#781 = AXIS2_PLACEMENT_3D ( 'NONE', #218, #2348, #1278 ) ;
#782 = ORIENTED_EDGE ( 'NONE', *, *, #1855, .F. ) ;
#783 = CARTESIAN_POINT ( 'NONE',  ( 30.91500000000004533, -6.250000000000013323, 3.600000000000000089 ) ) ;
#784 = ADVANCED_FACE ( 'NONE', ( #901 ), #2933, .T. ) ;
#785 = EDGE_CURVE ( 'NONE', #576, #4190, #200, .T. ) ;
#786 = DIRECTION ( 'NONE',  ( -0.000000000000000000, -0.000000000000000000, 1.000000000000000000 ) ) ;
#787 = CARTESIAN_POINT ( 'NONE',  ( 28.06500000000004391, 52.65000000000004121, 5.000000000000000000 ) ) ;
#788 = CARTESIAN_POINT ( 'NONE',  ( 32.14030129781315992, -1.002132753839867219, 7.234985991815361395 ) ) ;
#789 = EDGE_CURVE ( 'NONE', #1413, #1654, #2999, .T. ) ;
#790 = ORIENTED_EDGE ( 'NONE', *, *, #1094, .F. ) ;
#791 = DIRECTION ( 'NONE',  ( -0.000000000000000000, -0.000000000000000000, -1.000000000000000000 ) ) ;
#792 = DIRECTION ( 'NONE',  ( 1.000000000000000000, 0.000000000000000000, 0.000000000000000000 ) ) ;
#793 = ORIENTED_EDGE ( 'NONE', *, *, #549, .F. ) ;
#794 = CARTESIAN_POINT ( 'NONE',  ( 88.87015544738291339, -1.002354263738405304, 5.283138792060054989 ) ) ;
#795 = LINE ( 'NONE', #1772, #138 ) ;
#796 = EDGE_CURVE ( 'NONE', #4314, #844, #3002, .T. ) ;
#797 = VERTEX_POINT ( 'NONE', #927 ) ;
#798 = ORIENTED_EDGE ( 'NONE', *, *, #1834, .T. ) ;
#799 = VECTOR ( 'NONE', #2529, 1000.000000000000000 ) ;
#800 = DIRECTION ( 'NONE',  ( -1.000000000000000000, 0.000000000000000000, 0.000000000000000000 ) ) ;
#801 = CARTESIAN_POINT ( 'NONE',  ( 99.95508813373187706, -0.03505845609244258310, 9.044672882760975696 ) ) ;
#802 = LINE ( 'NONE', #104, #5 ) ;
#803 = EDGE_LOOP ( 'NONE', ( #326, #62, #3529, #1467 ) ) ;
#804 = FACE_OUTER_BOUND ( 'NONE', #1206, .T. ) ;
#805 = CARTESIAN_POINT ( 'NONE',  ( 23.21500000000005670, 51.53398452777011585, 5.027540533814195634 ) ) ;
#806 = CARTESIAN_POINT ( 'NONE',  ( 26.36500000000004817, 52.65000000000004121, 5.000000000000000888 ) ) ;
#807 = AXIS2_PLACEMENT_3D ( 'NONE', #867, #896, #2325 ) ;
#808 = CARTESIAN_POINT ( 'NONE',  ( 16.81500000000006168, 46.39999999999997016, 9.145898033750345490 ) ) ;
#809 = CIRCLE ( 'NONE', #2027, 4.549999999999998934 ) ;
#810 = AXIS2_PLACEMENT_3D ( 'NONE', #247, #4489, #2020 ) ;
#811 = CARTESIAN_POINT ( 'NONE',  ( 34.85929562996228981, -0.1098720639102967189, 8.595321593667975435 ) ) ;
#812 = ORIENTED_EDGE ( 'NONE', *, *, #2205, .T. ) ;
#813 =( BOUNDED_CURVE ( )  B_SPLINE_CURVE ( 2, ( #805, #3019, #3699 ),
 .UNSPECIFIED., .F., .F. ) 
 B_SPLINE_CURVE_WITH_KNOTS ( ( 3, 3 ),
 ( 0.000000000000000000, 1.000000000000000000 ),
 .UNSPECIFIED. ) 
 CURVE ( )  GEOMETRIC_REPRESENTATION_ITEM ( )  RATIONAL_B_SPLINE_CURVE ( ( 1.000000000000000000, 0.7071067811866218467, 1.000000000000000000 ) ) 
 REPRESENTATION_ITEM ( '' )  );
#814 = CARTESIAN_POINT ( 'NONE',  ( 22.11364179741658376, -2.254564897239326182, 6.049810156118010873 ) ) ;
#815 = FACE_OUTER_BOUND ( 'NONE', #4526, .T. ) ;
#816 = ORIENTED_EDGE ( 'NONE', *, *, #1551, .T. ) ;
#817 = CIRCLE ( 'NONE', #1053, 5.000000000000004441 ) ;
#818 = DIRECTION ( 'NONE',  ( 0.000000000000000000, 0.000000000000000000, -1.000000000000000000 ) ) ;
#819 = AXIS2_PLACEMENT_3D ( 'NONE', #4128, #1924, #3020 ) ;
#820 = EDGE_CURVE ( 'NONE', #1066, #3163, #4131, .T. ) ;
#821 = CIRCLE ( 'NONE', #1428, 1.000000000000000888 ) ;
#822 = CARTESIAN_POINT ( 'NONE',  ( 88.36391862196094849, 47.63606797749977773, 4.999999999999988454 ) ) ;
#823 = DIRECTION ( 'NONE',  ( 1.000000000000000000, 0.000000000000000000, 0.000000000000000000 ) ) ;
#824 = EDGE_LOOP ( 'NONE', ( #2332, #3275, #3476, #1181 ) ) ;
#825 = MECHANICAL_DESIGN_GEOMETRIC_PRESENTATION_REPRESENTATION (  '', ( #4370 ), #3748 ) ;
#826 = EDGE_CURVE ( 'NONE', #4188, #125, #3701, .T. ) ;
#827 = CARTESIAN_POINT ( 'NONE',  ( 97.82404731370495199, -0.6781650744012212018, 7.686862611338571405 ) ) ;
#828 = CARTESIAN_POINT ( 'NONE',  ( 97.65510968896339250, -1.237605050250243144, 6.939579310596652562 ) ) ;
#829 = DIRECTION ( 'NONE',  ( 0.000000000000000000, 0.000000000000000000, -1.000000000000000000 ) ) ;
#830 = ORIENTED_EDGE ( 'NONE', *, *, #368, .T. ) ;
#831 = CARTESIAN_POINT ( 'NONE',  ( 17.31117425058439707, -0.02083089541176510323, 8.915208395342563819 ) ) ;
#832 = CARTESIAN_POINT ( 'NONE',  ( 96.01697469964324227, 0.000000000000000000, 5.000000000000000000 ) ) ;
#833 = CARTESIAN_POINT ( 'NONE',  ( -12.70000000000000107, 40.39999999999997016, 9.000000000000001776 ) ) ;
#834 = CARTESIAN_POINT ( 'NONE',  ( 18.64008532389790673, 46.73585700779119634, 7.928613950768421681 ) ) ;
#835 = CARTESIAN_POINT ( 'NONE',  ( 30.91500000000004533, -5.133984527770149242, 5.027540533814198298 ) ) ;
#836 = ORIENTED_EDGE ( 'NONE', *, *, #1737, .F. ) ;
#837 = CARTESIAN_POINT ( 'NONE',  ( 86.91697469964323375, -5.000000000000000000, 5.000000000000000000 ) ) ;
#838 = CARTESIAN_POINT ( 'NONE',  ( 82.80088145715576786, -0.07485810325703191881, 8.716407524613984492 ) ) ;
#839 = ORIENTED_EDGE ( 'NONE', *, *, #2341, .F. ) ;
#840 = CARTESIAN_POINT ( 'NONE',  ( 96.01697469964324227, -5.000000000000000000, 3.633966658370840097 ) ) ;
#841 = CARTESIAN_POINT ( 'NONE',  ( 89.71732352446736058, 47.07037866920536828, 5.882345358213059150 ) ) ;
#842 = ORIENTED_EDGE ( 'NONE', *, *, #1089, .T. ) ;
#843 = FACE_OUTER_BOUND ( 'NONE', #2220, .T. ) ;
#844 = VERTEX_POINT ( 'NONE', #2787 ) ;
#845 = CARTESIAN_POINT ( 'NONE',  ( 87.95697779127858951, -3.436992004073522011, 5.432883167383688594 ) ) ;
#846 = CARTESIAN_POINT ( 'NONE',  ( 88.31697469964319680, 52.10820393249936444, 11.00000000000000000 ) ) ;
#847 = CARTESIAN_POINT ( 'NONE',  ( 23.40616400445554035, 51.56492710196259566, 5.000000004817358956 ) ) ;
#848 = VERTEX_POINT ( 'NONE', #3112 ) ;
#849 = EDGE_CURVE ( 'NONE', #1301, #1093, #1269, .T. ) ;
#850 = CARTESIAN_POINT ( 'NONE',  ( -14.70000000000000107, 40.39999999999997016, 9.000000000000001776 ) ) ;
#851 = CARTESIAN_POINT ( 'NONE',  ( 23.21500000000005670, 51.53398452777011585, 5.027540533814195634 ) ) ;
#852 = CARTESIAN_POINT ( 'NONE',  ( 94.71605008053599306, 50.57453699054727991, 5.186304173506609771 ) ) ;
#853 = AXIS2_PLACEMENT_3D ( 'NONE', #423, #3229, #2499 ) ;
#854 = CARTESIAN_POINT ( 'NONE',  ( 22.68643524954183022, -3.119749579740186629, 5.577094451977967715 ) ) ;
#855 = EDGE_CURVE ( 'NONE', #747, #1896, #977, .T. ) ;
#856 = CARTESIAN_POINT ( 'NONE',  ( 23.21500000000004960, -6.250000000000012434, 3.600000000000000089 ) ) ;
#857 = AXIS2_PLACEMENT_3D ( 'NONE', #4293, #3267, #3999 ) ;
#858 = CARTESIAN_POINT ( 'NONE',  ( 21.55474185067533455, 49.76609556203135298, 4.160209839791448871 ) ) ;
#859 = CARTESIAN_POINT ( 'NONE',  ( 97.15127028975248891, -1.781318917234534061, 5.468001728182554366 ) ) ;
#860 = CARTESIAN_POINT ( 'NONE',  ( 85.78267910953427133, -1.781318917234802512, 5.468001728182555254 ) ) ;
#861 = VERTEX_POINT ( 'NONE', #951 ) ;
#862 = CARTESIAN_POINT ( 'NONE',  ( 94.71605008053600727, 50.57453699054727991, 5.186304173506609771 ) ) ;
#863 = CARTESIAN_POINT ( 'NONE',  ( -12.70000000000000107, 46.39999999999997016, 10.00000000000000000 ) ) ;
#864 = CARTESIAN_POINT ( 'NONE',  ( 89.43406547830510078, 46.36195653449991738, 9.273251700055503477 ) ) ;
#865 = CARTESIAN_POINT ( 'NONE',  ( 34.05736375231269619, 46.59589291560539692, 8.619305215998192438 ) ) ;
#866 = ORIENTED_EDGE ( 'NONE', *, *, #932, .F. ) ;
#867 = CARTESIAN_POINT ( 'NONE',  ( 30.91500000000004533, 52.10820393249935023, 11.00000000000000000 ) ) ;
#868 = CARTESIAN_POINT ( 'NONE',  ( 91.46697469964321670, 52.65000000000004121, 3.549999999999996714 ) ) ;
#869 = CARTESIAN_POINT ( 'NONE',  ( 25.55043623482096393, 46.37451193262864990, 9.224362302607442388 ) ) ;
#870 = ORIENTED_EDGE ( 'NONE', *, *, #2, .F. ) ;
#871 = EDGE_CURVE ( 'NONE', #125, #1382, #1384, .T. ) ;
#872 = CARTESIAN_POINT ( 'NONE',  ( 23.21500000000004960, 52.10820393249935023, 5.000000000000000000 ) ) ;
#873 = CARTESIAN_POINT ( 'NONE',  ( 95.14553945010143821, 49.51974957974103830, 5.577094451977496092 ) ) ;
#874 = CARTESIAN_POINT ( 'NONE',  ( 18.50731795311473959, -0.2781256051465088586, 8.426889323463059966 ) ) ;
#875 = DIRECTION ( 'NONE',  ( -0.000000000000000000, -0.000000000000000000, 1.000000000000000000 ) ) ;
#876 = DIRECTION ( 'NONE',  ( -1.000000000000000000, 0.000000000000000000, 0.000000000000000000 ) ) ;
#877 = CARTESIAN_POINT ( 'NONE',  ( 28.53658959812327112, 50.36539142007449499, 4.999999936477744988 ) ) ;
#878 = EDGE_CURVE ( 'NONE', #4653, #2602, #443, .T. ) ;
#879 = CIRCLE ( 'NONE', #4200, 1.699999999999993072 ) ;
#880 = CARTESIAN_POINT ( 'NONE',  ( 17.15444096171781041, 0.04168507541366466007, 9.285714027158551431 ) ) ;
#881 = DIRECTION ( 'NONE',  ( 1.000000000000000000, 2.111225325732422144E-16, 0.000000000000000000 ) ) ;
#882 = ORIENTED_EDGE ( 'NONE', *, *, #1293, .T. ) ;
#883 = FACE_OUTER_BOUND ( 'NONE', #48, .T. ) ;
#884 = CIRCLE ( 'NONE', #3519, 3.000000000000002665 ) ;
#885 = CARTESIAN_POINT ( 'NONE',  ( 104.6000000000000085, 52.10820393249936444, 11.00000000000000000 ) ) ;
#886 = CARTESIAN_POINT ( 'NONE',  ( 96.01697469964321385, 52.10820393249936444, 3.600000000000000089 ) ) ;
#887 = CARTESIAN_POINT ( 'NONE',  ( 88.93429517470154622, 47.36279448692928185, 5.329512187021661518 ) ) ;
#888 = AXIS2_PLACEMENT_3D ( 'NONE', #1733, #4488, #930 ) ;
#889 = DIRECTION ( 'NONE',  ( 0.000000000000000000, 0.000000000000000000, 1.000000000000000000 ) ) ;
#890 = CIRCLE ( 'NONE', #971, 2.000000000000000000 ) ;
#891 = ORIENTED_EDGE ( 'NONE', *, *, #3714, .T. ) ;
#892 = CARTESIAN_POINT ( 'NONE',  ( 94.57003077732576912, 0.04168515250008945211, 9.285714285714286476 ) ) ;
#893 = AXIS2_PLACEMENT_3D ( 'NONE', #3142, #2794, #4237 ) ;
#894 = CIRCLE ( 'NONE', #1963, 2.000000000000000000 ) ;
#895 = EDGE_CURVE ( 'NONE', #234, #2618, #4119, .T. ) ;
#896 = DIRECTION ( 'NONE',  ( -1.000000000000000000, 0.000000000000000000, -0.000000000000000000 ) ) ;
#897 = CARTESIAN_POINT ( 'NONE',  ( 25.36166033888977722, 46.37223402739208922, 9.234033597767943746 ) ) ;
#898 = ORIENTED_EDGE ( 'NONE', *, *, #945, .T. ) ;
#899 = AXIS2_PLACEMENT_3D ( 'NONE', #4411, #2609, #2538 ) ;
#900 = VECTOR ( 'NONE', #1565, 1000.000000000000000 ) ;
#901 = FACE_OUTER_BOUND ( 'NONE', #3713, .T. ) ;
#902 = B_SPLINE_CURVE_WITH_KNOTS ( 'NONE', 3,
 ( #1508, #4357, #3317, #838, #3353, #134, #4086, #2940, #4386, #860, #2292, #1260, #2741, #2314, #1684, #4163 ),
 .UNSPECIFIED., .F., .F.,
 ( 4, 2, 2, 2, 2, 2, 2, 4 ),
 ( 0.000000000000000000, 0.06250000000000000000, 0.1250000000000000000, 0.2500000000000000000, 0.5000000000000000000, 0.7500000000000000000, 0.8749999999999998890, 1.000000000000000000 ),
 .UNSPECIFIED. ) ;
#903 = DIRECTION ( 'NONE',  ( -0.000000000000000000, -0.000000000000000000, 1.000000000000000000 ) ) ;
#904 = FACE_OUTER_BOUND ( 'NONE', #2584, .T. ) ;
#905 = CARTESIAN_POINT ( 'NONE',  ( 96.01697469964321385, 46.39999999999999147, 5.000000000000000000 ) ) ;
#906 = EDGE_CURVE ( 'NONE', #4454, #4185, #1403, .T. ) ;
#907 = CARTESIAN_POINT ( 'NONE',  ( 26.83015479647296786, 46.37871352017157989, 9.205258449832477652 ) ) ;
#908 = CARTESIAN_POINT ( 'NONE',  ( 104.6000000000000085, 52.10820393249936444, 11.00000000000000000 ) ) ;
#909 = DIRECTION ( 'NONE',  ( 0.000000000000000000, 0.000000000000000000, -1.000000000000000000 ) ) ;
#910 = DIRECTION ( 'NONE',  ( -0.000000000000000000, -0.000000000000000000, -1.000000000000000000 ) ) ;
#911 = CARTESIAN_POINT ( 'NONE',  ( 88.31697469964323943, -6.250000000000013323, 5.000000000000000888 ) ) ;
#913 = ADVANCED_FACE ( 'NONE', ( #3205 ), #1420, .T. ) ;
#912 = CARTESIAN_POINT ( 'NONE',  ( 100.6775337379254722, 46.35831492458540026, 9.285714027161651174 ) ) ;
#914 = CARTESIAN_POINT ( 'NONE',  ( 27.55467485220684765, 46.98661027203515062, 6.136796593080772411 ) ) ;
#915 = FACE_OUTER_BOUND ( 'NONE', #3642, .T. ) ;
#916 = CARTESIAN_POINT ( 'NONE',  ( 94.01013582217132125, 47.36908225749771617, 5.321761915396987064 ) ) ;
#917 = EDGE_LOOP ( 'NONE', ( #2500, #4442, #3266, #3149, #4414, #263 ) ) ;
#918 = CARTESIAN_POINT ( 'NONE',  ( -12.70000000000000107, 43.39999999999997016, 9.000000000000001776 ) ) ;
#919 = ORIENTED_EDGE ( 'NONE', *, *, #2091, .F. ) ;
#920 = DIRECTION ( 'NONE',  ( 0.000000000000000000, 0.000000000000000000, 1.000000000000000000 ) ) ;
#921 = FACE_BOUND ( 'NONE', #213, .T. ) ;
#922 = DIRECTION ( 'NONE',  ( 0.000000000000000000, 0.000000000000000000, 1.000000000000000000 ) ) ;
#923 = ORIENTED_EDGE ( 'NONE', *, *, #2537, .T. ) ;
#924 = CARTESIAN_POINT ( 'NONE',  ( 6.000000000000000000, 3.000000000000000000, 9.000000000000001776 ) ) ;
#925 = CARTESIAN_POINT ( 'NONE',  ( 24.23730887632522268, 47.17452320875672456, 5.635745556917233223 ) ) ;
#926 = ORIENTED_EDGE ( 'NONE', *, *, #2632, .T. ) ;
#927 = CARTESIAN_POINT ( 'NONE',  ( -14.70000000000000107, 6.000000000000000000, 0.000000000000000000 ) ) ;
#928 = CARTESIAN_POINT ( 'NONE',  ( 21.43403670793981775, -3.060799408639667707, 4.351784258574539876 ) ) ;
#929 = ORIENTED_EDGE ( 'NONE', *, *, #3879, .T. ) ;
#930 = DIRECTION ( 'NONE',  ( 1.000000000000000000, 0.000000000000000000, 0.000000000000000000 ) ) ;
#931 = CARTESIAN_POINT ( 'NONE',  ( -14.70000000000000107, 6.000000000000000000, 0.000000000000000000 ) ) ;
#932 = EDGE_CURVE ( 'NONE', #2228, #2558, #2378, .T. ) ;
#933 = DIRECTION ( 'NONE',  ( 0.000000000000000000, 1.000000000000000000, 0.000000000000000000 ) ) ;
#934 = FACE_OUTER_BOUND ( 'NONE', #1817, .T. ) ;
#935 = CIRCLE ( 'NONE', #3566, 3.149999999999999911 ) ;
#936 = ORIENTED_EDGE ( 'NONE', *, *, #1922, .F. ) ;
#937 = CARTESIAN_POINT ( 'NONE',  ( 35.57555903828213673, 0.04168507541348859258, 9.285714027157967010 ) ) ;
#938 = ADVANCED_FACE ( 'NONE', ( #3161 ), #2402, .F. ) ;
#939 = CARTESIAN_POINT ( 'NONE',  ( 94.06379395190353421, 47.40235426373853755, 5.283138792060094069 ) ) ;
#940 = VERTEX_POINT ( 'NONE', #3181 ) ;
#941 = CARTESIAN_POINT ( 'NONE',  ( 96.01697469964321385, 52.65000000000004121, 0.000000000000000000 ) ) ;
#942 = ORIENTED_EDGE ( 'NONE', *, *, #1571, .F. ) ;
#943 = CARTESIAN_POINT ( 'NONE',  ( 6.000000000000000000, 42.39999999999997016, 0.000000000000000000 ) ) ;
#944 = DIRECTION ( 'NONE',  ( 1.000000000000000000, 0.000000000000000000, -0.000000000000000000 ) ) ;
#945 = EDGE_CURVE ( 'NONE', #2857, #1382, #166, .T. ) ;
#946 = CARTESIAN_POINT ( 'NONE',  ( 28.61673955627530930, -0.8215659641166055405, 5.544601870792538634 ) ) ;
#947 = ORIENTED_EDGE ( 'NONE', *, *, #3586, .F. ) ;
#948 = DIRECTION ( 'NONE',  ( 0.000000000000000000, 0.000000000000000000, -1.000000000000000000 ) ) ;
#949 = CARTESIAN_POINT ( 'NONE',  ( 123.3000000000000256, 46.39999999999999147, 9.000000000000001776 ) ) ;
#950 = CARTESIAN_POINT ( 'NONE',  ( 88.31697469964323943, -6.250000000000013323, 5.000000000000000888 ) ) ;
#951 = CARTESIAN_POINT ( 'NONE',  ( 29.46805607768231638, 0.04168515250009031947, 9.285714285714286476 ) ) ;
#952 = CARTESIAN_POINT ( 'NONE',  ( 20.17686501068158478, -1.237605050248049343, 6.939579310599331308 ) ) ;
#953 = VERTEX_POINT ( 'NONE', #2427 ) ;
#954 = CARTESIAN_POINT ( 'NONE',  ( 128.3000000000000398, 6.000000000000001776, 9.000000000000001776 ) ) ;
#955 = DIRECTION ( 'NONE',  ( 0.000000000000000000, -1.000000000000000000, -0.000000000000000000 ) ) ;
#956 =( BOUNDED_SURFACE ( )  B_SPLINE_SURFACE ( 2, 3, ( 
 ( #1475, #4382, #4401, #858, #4421, #2204, #1216, #3658, #3704, #834, #4083, #1193, #3311, #411, #2910, #1856 ),
 ( #2269, #3284, #130, #434, #4351, #89, #1526, #66, #2958, #480, #1174, #2578, #1927, #4036, #3349, #808 ),
 ( #1906, #1128, #2245, #3682, #1567, #3004, #3993, #1500, #2935, #4449, #1153, #2290, #494, #1951, #2760, #3070 ) ),
 .UNSPECIFIED., .F., .F., .T. ) 
 B_SPLINE_SURFACE_WITH_KNOTS ( ( 3, 3 ),
 ( 4, 2, 2, 2, 2, 2, 2, 4 ),
 ( 0.000000000000000000, 1.000000000000000000 ),
 ( 0.000000000000000000, 0.001285461455467183396, 0.002570922910934366791, 0.005141845821868733582, 0.007712768732803100373, 0.008998230188270284202, 0.009640960916003875683, 0.01028369164373746716 ),
 .UNSPECIFIED. ) 
 GEOMETRIC_REPRESENTATION_ITEM ( )  RATIONAL_B_SPLINE_SURFACE ( (
 ( 1.000000000000000000, 1.000000000000000000, 1.000000000000000000, 1.000000000000000000, 1.000000000000000000, 1.000000000000000000, 1.000000000000000000, 1.000000000000000000, 1.000000000000000000, 1.000000000000000000, 1.000000000000000000, 1.000000000000000000, 1.000000000000000000, 1.000000000000000000, 1.000000000000000000, 1.000000000000000000),
 ( 0.7071067811865465735, 0.7110400930578750778, 0.7222236534439838707, 0.7482222592933096550, 0.7632568035511640980, 0.8094360125431668829, 0.8416830905383391181, 0.9004258755104478373, 0.9272361658434457032, 0.9592048874233851663, 0.9685053220528728746, 0.9795074006085092710, 0.9826890182792283879, 0.9876140079640679525, 0.9894255275012915352, 0.9895238368780990834),
 ( 1.000000000000000000, 1.000000000000000000, 1.000000000000000000, 1.000000000000000000, 1.000000000000000000, 1.000000000000000000, 1.000000000000000000, 1.000000000000000000, 1.000000000000000000, 1.000000000000000000, 1.000000000000000000, 1.000000000000000000, 1.000000000000000000, 1.000000000000000000, 1.000000000000000000, 1.000000000000000000) ) ) 
 REPRESENTATION_ITEM ( '' )  SURFACE ( )  );
#957 = DIRECTION ( 'NONE',  ( 0.000000000000000000, -1.000000000000000000, -0.000000000000000000 ) ) ;
#958 = DIRECTION ( 'NONE',  ( -0.000000000000000000, -0.000000000000000000, 1.000000000000000000 ) ) ;
#959 = VERTEX_POINT ( 'NONE', #3490 ) ;
#960 = CARTESIAN_POINT ( 'NONE',  ( 96.81006799994159451, 48.62764861691074714, 4.979238666734133290 ) ) ;
#961 = CARTESIAN_POINT ( 'NONE',  ( 104.6000000000000227, -5.708203932499369415, 11.00000000000000000 ) ) ;
#962 = CARTESIAN_POINT ( 'NONE',  ( 94.45291638177529592, 51.64493884327444562, 4.999999998951032865 ) ) ;
#963 = EDGE_LOOP ( 'NONE', ( #3691, #3760, #2429, #3919 ) ) ;
#964 = FACE_OUTER_BOUND ( 'NONE', #2206, .T. ) ;
#965 = EDGE_LOOP ( 'NONE', ( #3763, #2518, #257, #3098 ) ) ;
#966 = CARTESIAN_POINT ( 'NONE',  ( 35.91500000000004178, 46.35831484749989073, 9.285714285714290028 ) ) ;
#967 = CARTESIAN_POINT ( 'NONE',  ( 94.16557417700751387, -4.622388701747586204, 4.999999985240042299 ) ) ;
#968 = AXIS2_PLACEMENT_3D ( 'NONE', #4313, #4642, #1084 ) ;
#969 = EDGE_CURVE ( 'NONE', #1135, #1896, #2235, .T. ) ;
#970 = AXIS2_PLACEMENT_3D ( 'NONE', #2874, #4317, #4226 ) ;
#971 = AXIS2_PLACEMENT_3D ( 'NONE', #3828, #2669, #4113 ) ;
#972 = CARTESIAN_POINT ( 'NONE',  ( 28.49269112367429813, -0.7745232087566343848, 5.635745556917287402 ) ) ;
#973 = CARTESIAN_POINT ( 'NONE',  ( 94.57003077732551333, 0.04168515250009031947, 9.285714285714286476 ) ) ;
#974 = CARTESIAN_POINT ( 'NONE',  ( 128.3000000000000114, 40.39999999999999147, 9.000000000000001776 ) ) ;
#975 = CIRCLE ( 'NONE', #1576, 1.699999999999993072 ) ;
#976 = EDGE_CURVE ( 'NONE', #3563, #2106, #243, .T. ) ;
#977 = CIRCLE ( 'NONE', #2473, 6.000000000000000000 ) ;
#978 = FACE_OUTER_BOUND ( 'NONE', #3334, .T. ) ;
#979 = DIRECTION ( 'NONE',  ( 0.000000000000000000, -0.09570323412153619591, -0.9954099110309673204 ) ) ;
#980 = CIRCLE ( 'NONE', #2481, 3.000000000000000888 ) ;
#981 = CARTESIAN_POINT ( 'NONE',  ( 129.3000000000000398, 6.000000000000000000, 10.00000000000000000 ) ) ;
#982 = ORIENTED_EDGE ( 'NONE', *, *, #2721, .T. ) ;
#983 = CARTESIAN_POINT ( 'NONE',  ( 25.84762313579184223, 0.02186530197643498860, 9.208454547117234767 ) ) ;
#984 = LINE ( 'NONE', #3394, #1879 ) ;
#985 = VECTOR ( 'NONE', #2554, 1000.000000000000000 ) ;
#986 = DIRECTION ( 'NONE',  ( 0.000000000000000000, -0.000000000000000000, 1.000000000000000000 ) ) ;
#987 = LINE ( 'NONE', #4211, #2762 ) ;
#988 = DIRECTION ( 'NONE',  ( 1.000000000000000000, 0.000000000000000000, 0.000000000000000000 ) ) ;
#989 = DIRECTION ( 'NONE',  ( -0.000000000000000000, -0.000000000000000000, 1.000000000000000000 ) ) ;
#990 = DIRECTION ( 'NONE',  ( -0.000000000000000000, -0.000000000000000000, 1.000000000000000000 ) ) ;
#991 = CARTESIAN_POINT ( 'NONE',  ( 91.51447970494213280, 46.38203451679454759, 9.188701402014832098 ) ) ;
#992 = ORIENTED_EDGE ( 'NONE', *, *, #4552, .F. ) ;
#993 = FACE_OUTER_BOUND ( 'NONE', #4320, .T. ) ;
#994 = EDGE_LOOP ( 'NONE', ( #2831, #1291, #4607, #2733 ) ) ;
#995 = CARTESIAN_POINT ( 'NONE',  ( 92.53350394399556933, 0.02851279731808437079, 9.237111489510368756 ) ) ;
#996 = CARTESIAN_POINT ( 'NONE',  ( 29.19113366934300302, -4.857208362025212445, 4.999999994365381895 ) ) ;
#997 = CARTESIAN_POINT ( 'NONE',  ( 29.42200227346112129, 51.88751306992109136, 4.999999999818325769 ) ) ;
#998 = ADVANCED_FACE ( 'NONE', ( #3134 ), #4582, .T. ) ;
#999 = CARTESIAN_POINT ( 'NONE',  ( 88.36391862196096270, 0.04168515250008988926, 9.285714285714286476 ) ) ;
#1000 = FACE_OUTER_BOUND ( 'NONE', #4483, .T. ) ;
#1001 = ORIENTED_EDGE ( 'NONE', *, *, #4373, .T. ) ;
#1002 = DIRECTION ( 'NONE',  ( 0.000000000000000000, 0.000000000000000000, 1.000000000000000000 ) ) ;
#1003 = ADVANCED_FACE ( 'NONE', ( #2545 ), #777, .T. ) ;
#1004 = CARTESIAN_POINT ( 'NONE',  ( 125.3000000000000256, 6.000000000000000000, 0.000000000000000000 ) ) ;
#1005 = VERTEX_POINT ( 'NONE', #2174 ) ;
#1006 = CARTESIAN_POINT ( 'NONE',  ( 23.26194392231778352, 0.04168515250008988926, 9.285714285714286476 ) ) ;
#1007 = CARTESIAN_POINT ( 'NONE',  ( 123.3000000000000256, 40.39999999999999147, 10.00000000000000000 ) ) ;
#1008 = EDGE_CURVE ( 'NONE', #1896, #3953, #3985, .T. ) ;
#1009 = CARTESIAN_POINT ( 'NONE',  ( 21.81500000000005102, -4.476699331115293390, 3.698366727381424468 ) ) ;
#1010 = CARTESIAN_POINT ( 'NONE',  ( 35.91500000000004178, 46.35831484749989073, 9.285714285714286476 ) ) ;
#1011 = CARTESIAN_POINT ( 'NONE',  ( 85.10990208558153824, -0.6781650744019437349, 7.686862611337232032 ) ) ;
#1012 = CARTESIAN_POINT ( 'NONE',  ( 91.46697469964324512, -6.250000000000009770, 5.000000000000000000 ) ) ;
#1013 = CARTESIAN_POINT ( 'NONE',  ( 92.24827032367926449, 46.95166888521550419, 6.257347182020248866 ) ) ;
#1014 = AXIS2_PLACEMENT_3D ( 'NONE', #196, #3038, #2326 ) ;
#1015 = ORIENTED_EDGE ( 'NONE', *, *, #2817, .T. ) ;
#1016 = CARTESIAN_POINT ( 'NONE',  ( -12.70000000000000107, 43.39999999999997016, 10.00000000000000000 ) ) ;
#1017 = EDGE_LOOP ( 'NONE', ( #2646, #4164, #1844, #2799, #4622 ) ) ;
#1018 = CARTESIAN_POINT ( 'NONE',  ( 92.26488129141264949, -0.5529901011960831614, 6.252420288674077398 ) ) ;
#1019 = CIRCLE ( 'NONE', #1846, 6.000000000000001776 ) ;
#1020 = DIRECTION ( 'NONE',  ( 0.000000000000000000, 0.000000000000000000, -1.000000000000000000 ) ) ;
#1021 = CARTESIAN_POINT ( 'NONE',  ( 26.61387277955310893, 0.01909852488747301041, 9.194510910237712054 ) ) ;
#1022 = VERTEX_POINT ( 'NONE', #2198 ) ;
#1023 = CARTESIAN_POINT ( 'NONE',  ( 16.81500000000005102, 0.04168515250008988926, 9.285714285714286476 ) ) ;
#1024 = EDGE_CURVE ( 'NONE', #2264, #1478, #2096, .T. ) ;
#1025 = CARTESIAN_POINT ( 'NONE',  ( 99.96127032960602321, 46.50987206391014439, 8.595321593667716087 ) ) ;
#1026 = EDGE_LOOP ( 'NONE', ( #1196, #3436, #1355, #1078 ) ) ;
#1027 = DIRECTION ( 'NONE',  ( -1.000000000000000000, 0.000000000000000000, 0.000000000000000000 ) ) ;
#1028 = DIRECTION ( 'NONE',  ( -0.000000000000000000, -1.000000000000000000, 0.000000000000000000 ) ) ;
#1029 = ORIENTED_EDGE ( 'NONE', *, *, #1436, .T. ) ;
#1030 = CARTESIAN_POINT ( 'NONE',  ( 6.000000000000000000, 0.000000000000000000, 0.000000000000000000 ) ) ;
#1031 = CARTESIAN_POINT ( 'NONE',  ( 86.91697469964323375, -6.250000000000013323, 5.000000000000000000 ) ) ;
#1032 = EDGE_CURVE ( 'NONE', #1515, #4188, #3940, .T. ) ;
#1033 = DIRECTION ( 'NONE',  ( 1.000000000000000000, 0.000000000000000000, -0.000000000000000000 ) ) ;
#1034 = CARTESIAN_POINT ( 'NONE',  ( 35.91500000000004178, 0.01408975236332358529, 9.193156499856110386 ) ) ;
#1035 = CARTESIAN_POINT ( 'NONE',  ( 83.91963183585521335, -0.4037697134340508809, 8.172133052152357635 ) ) ;
#1036 = ADVANCED_FACE ( 'NONE', ( #355 ), #2501, .F. ) ;
#1037 =( GEOMETRIC_REPRESENTATION_CONTEXT ( 3 ) GLOBAL_UNCERTAINTY_ASSIGNED_CONTEXT ( ( #4378 ) ) GLOBAL_UNIT_ASSIGNED_CONTEXT ( ( #2711, #2786, #3514 ) ) REPRESENTATION_CONTEXT ( 'NONE', 'WORKASPACE' ) );
#1038 = DIRECTION ( 'NONE',  ( 0.000000000000000000, 0.000000000000000000, 1.000000000000000000 ) ) ;
#1039 = ORIENTED_EDGE ( 'NONE', *, *, #1633, .T. ) ;
#1040 = CARTESIAN_POINT ( 'NONE',  ( 27.01659912669461150, 46.37650072384194999, 9.215542575669781300 ) ) ;
#1041 = CARTESIAN_POINT ( 'NONE',  ( 84.79389931736922392, 47.24844561782426666, 7.419485966423116530 ) ) ;
#1042 = ORIENTED_EDGE ( 'NONE', *, *, #3864, .F. ) ;
#1043 = CARTESIAN_POINT ( 'NONE',  ( 93.21662587481836226, -0.6703786692052962071, 5.882345358213266984 ) ) ;
#1044 = CARTESIAN_POINT ( 'NONE',  ( 27.74956921660035292, 0.03209348085090845543, 9.251360159499521174 ) ) ;
#1045 = ORIENTED_EDGE ( 'NONE', *, *, #1922, .T. ) ;
#1046 = CARTESIAN_POINT ( 'NONE',  ( -12.70000000000000107, 1.000000000000000000, 9.000000000000001776 ) ) ;
#1047 = VERTEX_POINT ( 'NONE', #4007 ) ;
#1048 = CIRCLE ( 'NONE', #4205, 4.999999999999999112 ) ;
#1049 = DIRECTION ( 'NONE',  ( 0.000000000000000000, -1.000000000000000000, 0.000000000000000000 ) ) ;
#1050 = CARTESIAN_POINT ( 'NONE',  ( -12.70000000000000107, 0.000000000000000000, 0.000000000000000000 ) ) ;
#1051 = VERTEX_POINT ( 'NONE', #2217 ) ;
#1052 = B_SPLINE_CURVE_WITH_KNOTS ( 'NONE', 3,
 ( #493, #158, #1591, #4468, #2664, #4107, #2306, #616, #3068, #2738, #3417, #246, #3796, #594, #2045, #564 ),
 .UNSPECIFIED., .F., .F.,
 ( 4, 2, 2, 2, 2, 2, 2, 4 ),
 ( 0.000000000000000000, 0.06249999999999997918, 0.1249999999999999584, 0.2500000000000000000, 0.5000000000000000000, 0.7500000000000000000, 0.8750000000000000000, 1.000000000000000000 ),
 .UNSPECIFIED. ) ;
#1053 = AXIS2_PLACEMENT_3D ( 'NONE', #1853, #3282, #2953 ) ;
#1054 = CARTESIAN_POINT ( 'NONE',  ( 28.43323130108307240, 46.36121321439862442, 9.276500045687019025 ) ) ;
#1055 = AXIS2_PLACEMENT_3D ( 'NONE', #4522, #1912, #117 ) ;
#1056 = DIRECTION ( 'NONE',  ( 1.000000000000000000, 0.000000000000000000, 0.000000000000000000 ) ) ;
#1057 = VECTOR ( 'NONE', #2000, 1000.000000000000000 ) ;
#1058 = CIRCLE ( 'NONE', #1347, 1.400000000000000133 ) ;
#1059 = LINE ( 'NONE', #1761, #4110 ) ;
#1060 = CARTESIAN_POINT ( 'NONE',  ( 31.29596329206009386, -3.060799408640040298, 4.351784258574353359 ) ) ;
#1061 = DIRECTION ( 'NONE',  ( 1.000000000000000000, -0.000000000000000000, 0.000000000000000000 ) ) ;
#1062 = VECTOR ( 'NONE', #357, 1000.000000000000000 ) ;
#1063 = PRODUCT ( 'CunaBateria_3000_6S_60C', 'CunaBateria_3000_6S_60C', '', ( #1991 ) ) ;
#1064 = CARTESIAN_POINT ( 'NONE',  ( 30.98743005768263004, -4.075959423496228418, 3.836055833569635531 ) ) ;
#1065 = EDGE_CURVE ( 'NONE', #2234, #4169, #3898, .T. ) ;
#1066 = VERTEX_POINT ( 'NONE', #3605 ) ;
#1067 = CARTESIAN_POINT ( 'NONE',  ( 26.36500000000004817, -6.250000000000012434, -8.673617379884035472E-16 ) ) ;
#1068 = ORIENTED_EDGE ( 'NONE', *, *, #137, .F. ) ;
#1069 = CARTESIAN_POINT ( 'NONE',  ( 94.50452853003096720, -5.407048908265234211, 5.000000002236843599 ) ) ;
#1070 = CARTESIAN_POINT ( 'NONE',  ( 25.06371365461984269, -0.5998142886432953347, 6.093561793279907768 ) ) ;
#1071 = EDGE_CURVE ( 'NONE', #2302, #3532, #2465, .T. ) ;
#1072 = ORIENTED_EDGE ( 'NONE', *, *, #711, .T. ) ;
#1073 = DIRECTION ( 'NONE',  ( -1.000000000000000000, 0.000000000000000000, 0.000000000000000000 ) ) ;
#1074 = EDGE_LOOP ( 'NONE', ( #4272, #2113, #4017, #4340 ) ) ;
#1075 = CARTESIAN_POINT ( 'NONE',  ( 29.51500000000004675, 0.000000000000000000, 3.600000000000000089 ) ) ;
#1076 = CARTESIAN_POINT ( 'NONE',  ( 99.19188937574472220, -0.3358570077915467578, 7.928613950767855911 ) ) ;
#1077 = DIRECTION ( 'NONE',  ( 1.000000000000000000, 0.000000000000000000, 0.000000000000000000 ) ) ;
#1078 = ORIENTED_EDGE ( 'NONE', *, *, #3250, .F. ) ;
#1079 = LINE ( 'NONE', #2884, #504 ) ;
#1080 = FACE_OUTER_BOUND ( 'NONE', #4531, .T. ) ;
#1081 = CARTESIAN_POINT ( 'NONE',  ( 35.03109324248885770, -0.07485810325684490174, 8.716407524614467661 ) ) ;
#1082 = EDGE_CURVE ( 'NONE', #2783, #2961, #879, .T. ) ;
#1083 = CARTESIAN_POINT ( 'NONE',  ( 83.77461094732758795, -0.1958929156054292908, 8.619305215998167569 ) ) ;
#1084 = DIRECTION ( 'NONE',  ( -1.000000000000000000, 0.000000000000000000, 0.000000000000000000 ) ) ;
#1085 = ORIENTED_EDGE ( 'NONE', *, *, #1721, .F. ) ;
#1086 = CARTESIAN_POINT ( 'NONE',  ( 82.97886126555309261, 46.43505845609267624, 9.044672882760217192 ) ) ;
#1087 = ORIENTED_EDGE ( 'NONE', *, *, #3155, .T. ) ;
#1088 = CARTESIAN_POINT ( 'NONE',  ( 90.27729984743636749, -0.5866102720350639954, 6.136796593080805273 ) ) ;
#1089 = EDGE_CURVE ( 'NONE', #1478, #4424, #3665, .T. ) ;
#1090 = DIRECTION ( 'NONE',  ( 4.034240641806528883E-16, -1.000000000000000000, -0.000000000000000000 ) ) ;
#1091 = ORIENTED_EDGE ( 'NONE', *, *, #1008, .T. ) ;
#1092 = CARTESIAN_POINT ( 'NONE',  ( 29.51500000000004675, 52.65000000000004121, 5.000000000000000000 ) ) ;
#1093 = VERTEX_POINT ( 'NONE', #2859 ) ;
#1094 = EDGE_CURVE ( 'NONE', #767, #844, #2992, .T. ) ;
#1095 = CYLINDRICAL_SURFACE ( 'NONE', #445, 1.400000000000000133 ) ;
#1096 = CARTESIAN_POINT ( 'NONE',  ( 32.84291317954922107, 47.41680265806293448, 6.516758327471977807 ) ) ;
#1097 = DIRECTION ( 'NONE',  ( 1.000000000000000000, 0.000000000000000000, 0.000000000000000000 ) ) ;
#1098 = ORIENTED_EDGE ( 'NONE', *, *, #4608, .T. ) ;
#1099 = CARTESIAN_POINT ( 'NONE',  ( 26.62404116127650866, 46.38205554849021439, 9.188591887387307366 ) ) ;
#1100 = CARTESIAN_POINT ( 'NONE',  ( 34.85929562996228981, -0.1098720639102967189, 8.595321593667975435 ) ) ;
#1101 = LINE ( 'NONE', #1884, #1641 ) ;
#1102 = DIRECTION ( 'NONE',  ( -1.000000000000000000, 0.000000000000000000, -0.000000000000000000 ) ) ;
#1103 = ADVANCED_FACE ( 'NONE', ( #58 ), #2592, .F. ) ;
#1104 = DIRECTION ( 'NONE',  ( 0.000000000000000000, -0.000000000000000000, 1.000000000000000000 ) ) ;
#1105 = ORIENTED_EDGE ( 'NONE', *, *, #3376, .T. ) ;
#1106 = CARTESIAN_POINT ( 'NONE',  ( 104.6000000000000085, 52.10820393249936444, 11.00000000000000000 ) ) ;
#1107 = CARTESIAN_POINT ( 'NONE',  ( -12.70000000000000107, 40.39999999999997016, 0.000000000000000000 ) ) ;
#1108 = ORIENTED_EDGE ( 'NONE', *, *, #717, .T. ) ;
#1109 = CARTESIAN_POINT ( 'NONE',  ( 90.05908997052780762, 0.03233812200493740158, 9.252298540190830423 ) ) ;
#1110 = CARTESIAN_POINT ( 'NONE',  ( 23.64556709279440128, -4.657740816340806944, 4.999999987171216631 ) ) ;
#1111 = EDGE_LOOP ( 'NONE', ( #3766, #3269, #3109, #2581 ) ) ;
#1112 =( BOUNDED_CURVE ( )  B_SPLINE_CURVE ( 2, ( #1116, #3278, #3580 ),
 .UNSPECIFIED., .F., .F. ) 
 B_SPLINE_CURVE_WITH_KNOTS ( ( 3, 3 ),
 ( 0.000000000000000000, 1.000000000000000000 ),
 .UNSPECIFIED. ) 
 CURVE ( )  GEOMETRIC_REPRESENTATION_ITEM ( )  RATIONAL_B_SPLINE_CURVE ( ( 1.000000000000000000, 0.7071067811866261765, 1.000000000000000000 ) ) 
 REPRESENTATION_ITEM ( '' )  );
#1113 = DIRECTION ( 'NONE',  ( 0.000000000000000000, -1.000000000000000000, 0.000000000000000000 ) ) ;
#1114 = ORIENTED_EDGE ( 'NONE', *, *, #3714, .F. ) ;
#1115 = ADVANCED_FACE ( 'NONE', ( #2236 ), #1849, .T. ) ;
#1116 = CARTESIAN_POINT ( 'NONE',  ( 88.31697469964319680, 51.53398452777013006, 5.027540533814195634 ) ) ;
#1117 = CARTESIAN_POINT ( 'NONE',  ( 31.29596329205991267, 49.46079940864037638, 4.351784258574356024 ) ) ;
#1118 = FACE_OUTER_BOUND ( 'NONE', #3784, .T. ) ;
#1119 = EDGE_LOOP ( 'NONE', ( #3504, #2494, #1575, #4498 ) ) ;
#1120 = EDGE_CURVE ( 'NONE', #3553, #2857, #1112, .T. ) ;
#1121 = DIRECTION ( 'NONE',  ( 1.000000000000000000, -9.531447670202239405E-16, 0.000000000000000000 ) ) ;
#1122 = VECTOR ( 'NONE', #567, 1000.000000000000000 ) ;
#1123 = CIRCLE ( 'NONE', #501, 6.000000000000000000 ) ;
#1124 = CIRCLE ( 'NONE', #1954, 1.699999999999993072 ) ;
#1125 = AXIS2_PLACEMENT_3D ( 'NONE', #3143, #2381, #208 ) ;
#1126 = CARTESIAN_POINT ( 'NONE',  ( 30.98743005768263004, -4.075959423496228418, 3.836055833569635531 ) ) ;
#1127 = ADVANCED_FACE ( 'NONE', ( #3674 ), #1095, .T. ) ;
#1128 = CARTESIAN_POINT ( 'NONE',  ( 23.21499992579030547, 50.99103446761314018, 5.079742220925878016 ) ) ;
#1129 = VECTOR ( 'NONE', #2115, 1000.000000000000000 ) ;
#1130 = CARTESIAN_POINT ( 'NONE',  ( 87.21561649705971320, 48.65456489724033418, 6.049810156117446880 ) ) ;
#1131 = AXIS2_PLACEMENT_3D ( 'NONE', #1154, #1476, #3313 ) ;
#1132 = ORIENTED_EDGE ( 'NONE', *, *, #1962, .F. ) ;
#1133 = CARTESIAN_POINT ( 'NONE',  ( 88.31697462543344557, 50.99103446761318281, 5.079742220925874463 ) ) ;
#1134 = CARTESIAN_POINT ( 'NONE',  ( -18.70000000000000284, 6.000000000000000000, 0.000000000000000000 ) ) ;
#1135 = VERTEX_POINT ( 'NONE', #1448 ) ;
#1136 = CARTESIAN_POINT ( 'NONE',  ( 91.41946969434410164, 0.01796548320543313662, 9.188701402014824993 ) ) ;
#1137 = TOROIDAL_SURFACE ( 'NONE', #1734, 3.000000000000000000, 1.000000000000000000 ) ;
#1138 = AXIS2_PLACEMENT_3D ( 'NONE', #4639, #1830, #1474 ) ;
#1139 = CARTESIAN_POINT ( 'NONE',  ( 23.62196529616671725, -1.091710582000818164, 5.184958212114703535 ) ) ;
#1140 = DIRECTION ( 'NONE',  ( 1.000000000000000000, 0.000000000000000000, 0.000000000000000000 ) ) ;
#1141 = ORIENTED_EDGE ( 'NONE', *, *, #3376, .F. ) ;
#1142 = CARTESIAN_POINT ( 'NONE',  ( 91.46697469964324512, -6.250000000000013323, 5.000000000000000888 ) ) ;
#1143 = EDGE_CURVE ( 'NONE', #4436, #2824, #4152, .T. ) ;
#1144 = EDGE_CURVE ( 'NONE', #2723, #4316, #489, .T. ) ;
#1145 = CARTESIAN_POINT ( 'NONE',  ( -12.70000000000000107, 40.39999999999997016, 10.00000000000000000 ) ) ;
#1146 = CARTESIAN_POINT ( 'NONE',  ( 96.53229528515824143, -2.661722311567368937, 5.775813378229645245 ) ) ;
#1147 = CARTESIAN_POINT ( 'NONE',  ( 88.36391862196096270, 0.04168515250008988926, 9.285714285714286476 ) ) ;
#1148 = DIRECTION ( 'NONE',  ( 0.000000000000000000, 0.000000000000000000, 1.000000000000000000 ) ) ;
#1149 = ORIENTED_EDGE ( 'NONE', *, *, #976, .T. ) ;
#1150 = CARTESIAN_POINT ( 'NONE',  ( 20.68070440989516712, 48.18131891723871263, 5.468001728181087984 ) ) ;
#1151 = ADVANCED_FACE ( 'NONE', ( #1556 ), #3817, .T. ) ;
#1152 = CARTESIAN_POINT ( 'NONE',  ( 123.3000000000000256, 6.000000000000000000, 9.000000000000001776 ) ) ;
#1153 = CARTESIAN_POINT ( 'NONE',  ( 18.67263624768466812, 46.59589291560488533, 8.619305215999531811 ) ) ;
#1154 = CARTESIAN_POINT ( 'NONE',  ( -12.70000000000000107, 6.000000000000000000, 10.00000000000000000 ) ) ;
#1155 = EDGE_CURVE ( 'NONE', #4076, #3622, #3188, .T. ) ;
#1156 = CARTESIAN_POINT ( 'NONE',  ( 33.91234286378659846, -0.4037697134345744066, 8.172133052153091270 ) ) ;
#1157 = EDGE_LOOP ( 'NONE', ( #2675, #1506, #3998, #760 ) ) ;
#1158 = CARTESIAN_POINT ( 'NONE',  ( 81.91697469964320533, 46.35831484749989784, 9.285714285714306016 ) ) ;
#1159 = FACE_OUTER_BOUND ( 'NONE', #3204, .T. ) ;
#1160 = VERTEX_POINT ( 'NONE', #4439 ) ;
#1161 = CARTESIAN_POINT ( 'NONE',  ( 89.66553017528825364, -0.6818015181960604965, 5.851840561768439919 ) ) ;
#1162 = CARTESIAN_POINT ( 'NONE',  ( 25.43519979250812568, -0.5625531320372967325, 6.218644564911297579 ) ) ;
#1163 = ORIENTED_EDGE ( 'NONE', *, *, #4604, .F. ) ;
#1164 = CARTESIAN_POINT ( 'NONE',  ( 91.46697469964321670, 52.65000000000004121, 3.600000000000000089 ) ) ;
#1165 = VERTEX_POINT ( 'NONE', #3694 ) ;
#1166 = DIRECTION ( 'NONE',  ( 1.000000000000000000, 0.000000000000000000, 0.000000000000000000 ) ) ;
#1167 = CARTESIAN_POINT ( 'NONE',  ( 128.3000000000000398, 6.000000000000000000, 9.000000000000001776 ) ) ;
#1168 = CARTESIAN_POINT ( 'NONE',  ( 98.81189697478569656, -0.3025155184977862954, 8.383117247895896185 ) ) ;
#1169 = CARTESIAN_POINT ( 'NONE',  ( 23.52789996935457850, 46.35831484747885867, 9.285714285784797184 ) ) ;
#1170 = AXIS2_PLACEMENT_3D ( 'NONE', #2900, #4321, #2214 ) ;
#1171 = ORIENTED_EDGE ( 'NONE', *, *, #820, .F. ) ;
#1172 = DIRECTION ( 'NONE',  ( 0.000000000000000000, 0.000000000000000000, 1.000000000000000000 ) ) ;
#1173 = CARTESIAN_POINT ( 'NONE',  ( 86.91697469964320533, 51.39999999999997726, 3.633966658370841873 ) ) ;
#1174 = CARTESIAN_POINT ( 'NONE',  ( 18.50731795311803296, 46.67812560514557418, 8.426889323467007031 ) ) ;
#1175 = ADVANCED_FACE ( 'NONE', ( #471 ), #1209, .T. ) ;
#1176 = DIRECTION ( 'NONE',  ( 0.000000000000000000, 0.000000000000000000, 1.000000000000000000 ) ) ;
#1177 = CARTESIAN_POINT ( 'NONE',  ( 31.11331106920667366, -3.497632160394080092, 5.397955681067647227 ) ) ;
#1178 = EDGE_LOOP ( 'NONE', ( #1338, #3379, #3405 ) ) ;
#1179 = CARTESIAN_POINT ( 'NONE',  ( 96.27723284896732991, -3.366095562033736943, 4.160209839791258801 ) ) ;
#1180 = DIRECTION ( 'NONE',  ( 0.000000000000000000, 1.000000000000000000, 0.000000000000000000 ) ) ;
#1181 = ORIENTED_EDGE ( 'NONE', *, *, #906, .F. ) ;
#1183 = EDGE_CURVE ( 'NONE', #358, #2558, #1797, .T. ) ;
#1182 = CARTESIAN_POINT ( 'NONE',  ( 88.95764515953457874, -4.340942975241581792, 4.999999962280634591 ) ) ;
#1184 = CARTESIAN_POINT ( 'NONE',  ( 90.46363503853301324, 46.37223402739210343, 9.234033597767940194 ) ) ;
#1185 = CARTESIAN_POINT ( 'NONE',  ( 125.3000000000000256, 6.000000000000000000, 10.00000000000000000 ) ) ;
#1186 = ORIENTED_EDGE ( 'NONE', *, *, #969, .F. ) ;
#1187 = VECTOR ( 'NONE', #1197, 1000.000000000000000 ) ;
#1188 = CARTESIAN_POINT ( 'NONE',  ( 85.69167340183007298, -1.002132753839934720, 7.234985991815286788 ) ) ;
#1189 = DIRECTION ( 'NONE',  ( 0.000000000000000000, 0.000000000000000000, -1.000000000000000000 ) ) ;
#1190 = VERTEX_POINT ( 'NONE', #533 ) ;
#1191 = DIRECTION ( 'NONE',  ( 1.000000000000000000, 0.000000000000000000, 0.000000000000000000 ) ) ;
#1192 = AXIS2_PLACEMENT_3D ( 'NONE', #1824, #3325, #4303 ) ;
#1193 = CARTESIAN_POINT ( 'NONE',  ( 17.87070437003801615, 46.50987206391031492, 8.595321593667433646 ) ) ;
#1194 = CIRCLE ( 'NONE', #1568, 3.149999999999999911 ) ;
#1195 = CARTESIAN_POINT ( 'NONE',  ( 31.43032058551795771, -2.661722311566163679, 5.775813378229695871 ) ) ;
#1196 = ORIENTED_EDGE ( 'NONE', *, *, #388, .T. ) ;
#1197 = DIRECTION ( 'NONE',  ( -0.000000000000000000, -0.000000000000000000, -1.000000000000000000 ) ) ;
#1198 = DIRECTION ( 'NONE',  ( -1.000000000000000000, 0.000000000000000000, 0.000000000000000000 ) ) ;
#1199 = EDGE_LOOP ( 'NONE', ( #3492, #836, #583, #3688 ) ) ;
#1200 = AXIS2_PLACEMENT_3D ( 'NONE', #4577, #2808, #4250 ) ;
#1201 = DIRECTION ( 'NONE',  ( 0.000000000000000000, 0.000000000000000000, 1.000000000000000000 ) ) ;
#1202 = VECTOR ( 'NONE', #1755, 1000.000000000000000 ) ;
#1203 = ADVANCED_FACE ( 'NONE', ( #1276 ), #3996, .F. ) ;
#1204 = DIRECTION ( 'NONE',  ( -1.000000000000000000, -2.111225325732422144E-16, 0.000000000000000000 ) ) ;
#1205 = LINE ( 'NONE', #2612, #1766 ) ;
#1206 = EDGE_LOOP ( 'NONE', ( #4039, #2630, #2572, #2704 ) ) ;
#1207 = VECTOR ( 'NONE', #1433, 1000.000000000000000 ) ;
#1208 = EDGE_CURVE ( 'NONE', #4375, #767, #795, .T. ) ;
#1209 = PLANE ( 'NONE',  #4294 ) ;
#1210 = CARTESIAN_POINT ( 'NONE',  ( 24.98043078340057122, 46.36790651914906647, 9.251360159499526503 ) ) ;
#1211 = EDGE_LOOP ( 'NONE', ( #891, #95, #560, #2156, #336 ) ) ;
#1212 = DIRECTION ( 'NONE',  ( 0.000000000000000000, 0.000000000000000000, 1.000000000000000000 ) ) ;
#1213 = CARTESIAN_POINT ( 'NONE',  ( 96.13504117957444350, 50.19289158125410211, 5.293062559754208252 ) ) ;
#1214 = CARTESIAN_POINT ( 'NONE',  ( 19.88708682045009724, -1.016802658062214482, 6.516758327472346402 ) ) ;
#1215 = CYLINDRICAL_SURFACE ( 'NONE', #1583, 1.699999999999993072 ) ;
#1216 = CARTESIAN_POINT ( 'NONE',  ( 20.68070440989516712, 48.18131891723870552, 5.468001728181076437 ) ) ;
#1217 = CARTESIAN_POINT ( 'NONE',  ( 26.64173965933084887, 46.38065656413061788, 9.195742322563026150 ) ) ;
#1218 = CARTESIAN_POINT ( 'NONE',  ( 31.08683757656267943, -1.791994184801222190, 6.418980721229145203 ) ) ;
#1219 = CARTESIAN_POINT ( 'NONE',  ( 96.01697469964324227, -4.476699331115844060, 3.698366727380669516 ) ) ;
#1220 = DIRECTION ( 'NONE',  ( -0.000000000000000000, -0.000000000000000000, 1.000000000000000000 ) ) ;
#1221 = ORIENTED_EDGE ( 'NONE', *, *, #1711, .T. ) ;
#1222 = CARTESIAN_POINT ( 'NONE',  ( 101.0169746996432139, 46.35831484749989784, 9.285714285714286476 ) ) ;
#1223 = CARTESIAN_POINT ( 'NONE',  ( 88.65200954798065425, 47.53417456451914802, 5.145747787299455034 ) ) ;
#1224 = ORIENTED_EDGE ( 'NONE', *, *, #1143, .T. ) ;
#1225 = DIRECTION ( 'NONE',  ( 1.000000000000000000, 0.000000000000000000, 0.000000000000000000 ) ) ;
#1226 = ORIENTED_EDGE ( 'NONE', *, *, #3041, .T. ) ;
#1227 = EDGE_CURVE ( 'NONE', #1972, #305, #2515, .T. ) ;
#1228 = CARTESIAN_POINT ( 'NONE',  ( 100.4215241393085307, 0.02031607779239887751, 9.213399254569322849 ) ) ;
#1229 = CARTESIAN_POINT ( 'NONE',  ( 28.06500000000004391, 52.65000000000004121, -8.673617379884035472E-16 ) ) ;
#1230 = CARTESIAN_POINT ( 'NONE',  ( 26.31288425658016195, 46.38202320048278438, 9.188761237603024767 ) ) ;
#1231 = ORIENTED_EDGE ( 'NONE', *, *, #849, .F. ) ;
#1232 = EDGE_CURVE ( 'NONE', #3737, #4169, #1819, .T. ) ;
#1233 = CARTESIAN_POINT ( 'NONE',  ( 96.84596036741889691, 48.53785558263611932, 6.117450971979475405 ) ) ;
#1234 = VECTOR ( 'NONE', #1845, 1000.000000000000000 ) ;
#1235 = CARTESIAN_POINT ( 'NONE',  ( 17.69890675751184261, -0.07485810325692866807, 8.716407524614355751 ) ) ;
#1236 = VECTOR ( 'NONE', #7, 1000.000000000000000 ) ;
#1237 = DIRECTION ( 'NONE',  ( 1.000000000000000000, 0.000000000000000000, 0.000000000000000000 ) ) ;
#1238 = CARTESIAN_POINT ( 'NONE',  ( 26.70495753870809708, 46.38005135338244855, 9.198750341755841831 ) ) ;
#1239 = DIRECTION ( 'NONE',  ( -1.000000000000000000, -2.111225325732422144E-16, -0.000000000000000000 ) ) ;
#1240 = CARTESIAN_POINT ( 'NONE',  ( 30.91500000000004533, 52.10820393249935023, 3.600000000000000089 ) ) ;
#1241 = EDGE_LOOP ( 'NONE', ( #4366, #1226 ) ) ;
#1242 = DIRECTION ( 'NONE',  ( 0.000000000000000000, -0.000000000000000000, 1.000000000000000000 ) ) ;
#1243 = CARTESIAN_POINT ( 'NONE',  ( 90.40044545529143249, 46.37148720268191937, 9.237111489510297702 ) ) ;
#1244 = EDGE_LOOP ( 'NONE', ( #3857, #1068, #422, #4278 ) ) ;
#1245 = CARTESIAN_POINT ( 'NONE',  ( 91.46697469964321670, 52.65000000000004121, 5.000000000000000888 ) ) ;
#1246 = ORIENTED_EDGE ( 'NONE', *, *, #1962, .T. ) ;
#1247 = CARTESIAN_POINT ( 'NONE',  ( 94.57003077732557017, -1.236067977499802906, 4.999999999999965361 ) ) ;
#1248 = CARTESIAN_POINT ( 'NONE',  ( 100.6775337379242217, 0.04168507541346941347, 9.285714027157897732 ) ) ;
#1249 = ADVANCED_FACE ( 'NONE', ( #3690 ), #1748, .F. ) ;
#1250 = DIRECTION ( 'NONE',  ( 0.000000000000000000, -1.000000000000000000, 0.000000000000000000 ) ) ;
#1251 = CARTESIAN_POINT ( 'NONE',  ( 24.80029393818473338, 49.90768353956382697, 5.000000228726383611 ) ) ;
#1252 = ORIENTED_EDGE ( 'NONE', *, *, #111, .T. ) ;
#1253 = CARTESIAN_POINT ( 'NONE',  ( 96.21528576885133077, 49.89763216039445837, 5.397955681067259093 ) ) ;
#1254 = EDGE_CURVE ( 'NONE', #2602, #3727, #3637, .T. ) ;
#1255 = CARTESIAN_POINT ( 'NONE',  ( 16.81500000000005457, -1.192622389734054877E-15, 9.145898033750315292 ) ) ;
#1256 = CARTESIAN_POINT ( 'NONE',  ( 16.81500000000004746, -5.000000000000000000, 0.000000000000000000 ) ) ;
#1257 = CARTESIAN_POINT ( 'NONE',  ( 104.6000000000000227, 0.04168515250008988926, 9.285714285714286476 ) ) ;
#1258 = AXIS2_PLACEMENT_3D ( 'NONE', #1490, #1468, #451 ) ;
#1259 = DIRECTION ( 'NONE',  ( 0.000000000000000000, 1.000000000000000000, 0.000000000000000000 ) ) ;
#1260 = CARTESIAN_POINT ( 'NONE',  ( 86.53601140758256349, -3.060799408638776420, 4.351784258574354247 ) ) ;
#1261 = EDGE_LOOP ( 'NONE', ( #3091, #2449, #4180, #3770, #2196 ) ) ;
#1262 = CARTESIAN_POINT ( 'NONE',  ( 100.4215241393068396, 46.37968392220734870, 9.213399254570038721 ) ) ;
#1263 = VECTOR ( 'NONE', #791, 1000.000000000000000 ) ;
#1264 = AXIS2_PLACEMENT_3D ( 'NONE', #905, #3116, #1334 ) ;
#1265 = CARTESIAN_POINT ( 'NONE',  ( 29.46805607768230217, 52.10820393249935734, 4.999999999999999112 ) ) ;
#1266 = CARTESIAN_POINT ( 'NONE',  ( 104.6000000000000085, 46.35831484749989784, 9.285714285714286476 ) ) ;
#1267 = CONICAL_SURFACE ( 'NONE', #3365, 3.149999999999999911, 0.7853981633974480570 ) ;
#1268 = CARTESIAN_POINT ( 'NONE',  ( 30.91500000000004533, -5.000000000000000000, 0.000000000000000000 ) ) ;
#1269 = CIRCLE ( 'NONE', #4508, 3.149999999999999911 ) ;
#1270 = ORIENTED_EDGE ( 'NONE', *, *, #1749, .T. ) ;
#1271 = CARTESIAN_POINT ( 'NONE',  ( 35.31954943966367466, 46.37968392220751213, 9.213399254569537788 ) ) ;
#1272 = CARTESIAN_POINT ( 'NONE',  ( 6.000000000000000000, 46.39999999999997016, 10.00000000000000000 ) ) ;
#1273 = EDGE_CURVE ( 'NONE', #4117, #3553, #4545, .T. ) ;
#1274 = AXIS2_PLACEMENT_3D ( 'NONE', #1891, #1220, #792 ) ;
#1275 = CIRCLE ( 'NONE', #3912, 3.149999999999999911 ) ;
#1276 = FACE_OUTER_BOUND ( 'NONE', #1026, .T. ) ;
#1277 = ORIENTED_EDGE ( 'NONE', *, *, #436, .T. ) ;
#1278 = DIRECTION ( 'NONE',  ( 1.000000000000000000, 0.000000000000000000, 0.000000000000000000 ) ) ;
#1279 = ADVANCED_FACE ( 'NONE', ( #3286 ), #3217, .F. ) ;
#1280 = CARTESIAN_POINT ( 'NONE',  ( 26.02053895261179406, 46.38000428362144589, 9.198983254655129116 ) ) ;
#1281 = PRESENTATION_LAYER_ASSIGNMENT (  '', '', ( #4370 ) ) ;
#1282 = ADVANCED_FACE ( 'NONE', ( #745 ), #67, .F. ) ;
#1283 = CARTESIAN_POINT ( 'NONE',  ( 123.3000000000000256, 6.000000000000000000, 10.00000000000000000 ) ) ;
#1284 = CARTESIAN_POINT ( 'NONE',  ( 17.36019190895980557, -0.02498561500667725171, 9.067798870449735205 ) ) ;
#1285 = ORIENTED_EDGE ( 'NONE', *, *, #3719, .T. ) ;
#1286 = DIRECTION ( 'NONE',  ( -1.000000000000000000, 0.000000000000000000, 0.000000000000000000 ) ) ;
#1287 = DIRECTION ( 'NONE',  ( 0.000000000000000000, -0.000000000000000000, 1.000000000000000000 ) ) ;
#1288 = EDGE_CURVE ( 'NONE', #3454, #576, #2187, .T. ) ;
#1289 = CARTESIAN_POINT ( 'NONE',  ( 94.61697469964323659, 0.000000000000000000, 3.600000000000000089 ) ) ;
#1290 = CARTESIAN_POINT ( 'NONE',  ( -18.70000000000000284, 40.39999999999997016, 0.000000000000000000 ) ) ;
#1291 = ORIENTED_EDGE ( 'NONE', *, *, #3810, .F. ) ;
#1292 = CARTESIAN_POINT ( 'NONE',  ( 34.05736375231840185, -0.1958929156056161969, 8.619305215997684400 ) ) ;
#1293 = EDGE_CURVE ( 'NONE', #4478, #4049, #738, .T. ) ;
#1294 = CARTESIAN_POINT ( 'NONE',  ( 29.46805607768230928, 47.63606797749977062, 4.999999999999988454 ) ) ;
#1295 = CARTESIAN_POINT ( 'NONE',  ( 92.96351127577352713, 47.02678743826111685, 6.009412835926456253 ) ) ;
#1296 = VERTEX_POINT ( 'NONE', #390 ) ;
#1297 = CARTESIAN_POINT ( 'NONE',  ( 83.74206002354168277, 46.73585700779150898, 7.928613950768607310 ) ) ;
#1298 = EDGE_LOOP ( 'NONE', ( #2132, #4507, #3963, #2359 ) ) ;
#1299 = DIRECTION ( 'NONE',  ( -1.000000000000000000, -2.814967100976562858E-16, 0.000000000000000000 ) ) ;
#1300 = CARTESIAN_POINT ( 'NONE',  ( 104.6000000000000227, 6.000000000000000000, 0.000000000000000000 ) ) ;
#1301 = VERTEX_POINT ( 'NONE', #1504 ) ;
#1302 = CARTESIAN_POINT ( 'NONE',  ( 94.61697469964320817, 52.65000000000004121, 5.000000000000000000 ) ) ;
#1303 = CARTESIAN_POINT ( 'NONE',  ( 26.62867738403447504, 46.93022689702286243, 6.335812432922441673 ) ) ;
#1304 = ORIENTED_EDGE ( 'NONE', *, *, #2287, .T. ) ;
#1305 = ADVANCED_FACE ( 'NONE', ( #3244 ), #22, .T. ) ;
#1306 = CARTESIAN_POINT ( 'NONE',  ( 97.82404731370490936, 47.07816507440067966, 7.686862611339544848 ) ) ;
#1307 = CARTESIAN_POINT ( 'NONE',  ( 22.11364179741658376, -2.254564897239326182, 6.049810156118010873 ) ) ;
#1308 = EDGE_LOOP ( 'NONE', ( #3600, #2696, #2879, #600 ) ) ;
#1309 = CARTESIAN_POINT ( 'NONE',  ( 29.46805607768231638, 0.04168515250009031947, 9.285714285714286476 ) ) ;
#1310 = CARTESIAN_POINT ( 'NONE',  ( 29.51500000000004675, 52.65000000000004121, 5.000000000000000888 ) ) ;
#1311 = AXIS2_PLACEMENT_3D ( 'NONE', #1164, #378, #1073 ) ;
#1312 = DIRECTION ( 'NONE',  ( 1.000000000000000000, 0.000000000000000000, 0.000000000000000000 ) ) ;
#1313 = EDGE_CURVE ( 'NONE', #4327, #1972, #2170, .T. ) ;
#1314 = DIRECTION ( 'NONE',  ( 0.000000000000000000, 1.000000000000000000, 0.000000000000000000 ) ) ;
#1315 = DIRECTION ( 'NONE',  ( 0.000000000000000000, 0.000000000000000000, 1.000000000000000000 ) ) ;
#1316 = VECTOR ( 'NONE', #4481, 1000.000000000000000 ) ;
#1317 = DIRECTION ( 'NONE',  ( 1.000000000000000000, 0.000000000000000000, 0.000000000000000000 ) ) ;
#1318 = LINE ( 'NONE', #4618, #1503 ) ;
#1319 = CARTESIAN_POINT ( 'NONE',  ( 91.74371435897404581, 46.38065656413063209, 9.195742322563027926 ) ) ;
#1320 = EDGE_CURVE ( 'NONE', #4646, #1795, #1058, .T. ) ;
#1321 = EDGE_LOOP ( 'NONE', ( #4064, #4067, #2863, #2767, #3364, #385, #4125, #1440, #725, #923, #3412, #1852, #3439, #1221, #663, #715 ) ) ;
#1322 = CARTESIAN_POINT ( 'NONE',  ( 21.81500000000005102, -6.250000000000012434, 0.000000000000000000 ) ) ;
#1323 = ORIENTED_EDGE ( 'NONE', *, *, #106, .T. ) ;
#1324 = CARTESIAN_POINT ( 'NONE',  ( 93.93536275569341853, -4.287586410503582357, 4.999999955579046862 ) ) ;
#1325 = CARTESIAN_POINT ( 'NONE',  ( 26.70946104738821703, 0.01999571637853381559, 9.198983254655184183 ) ) ;
#1326 = CARTESIAN_POINT ( 'NONE',  ( 23.21500000000004960, -6.250000000000008882, 5.000000000000000000 ) ) ;
#1327 = DIRECTION ( 'NONE',  ( -0.000000000000000000, -0.000000000000000000, -1.000000000000000000 ) ) ;
#1328 = EDGE_LOOP ( 'NONE', ( #2018, #198, #782, #54 ) ) ;
#1329 = APPLICATION_PROTOCOL_DEFINITION ( 'draft international standard', 'automotive_design', 1998, #4280 ) ;
#1330 = DIRECTION ( 'NONE',  ( 1.000000000000000000, 0.000000000000000000, 0.000000000000000000 ) ) ;
#1331 = DIRECTION ( 'NONE',  ( 0.000000000000000000, 0.000000000000000000, 1.000000000000000000 ) ) ;
#1332 = VERTEX_POINT ( 'NONE', #3997 ) ;
#1333 = DIRECTION ( 'NONE',  ( 1.000000000000000000, 0.000000000000000000, 0.000000000000000000 ) ) ;
#1334 = DIRECTION ( 'NONE',  ( 0.000000000000000000, 0.000000000000000000, -1.000000000000000000 ) ) ;
#1335 = CIRCLE ( 'NONE', #1787, 6.000000000000000000 ) ;
#1336 = CARTESIAN_POINT ( 'NONE',  ( 30.91500000000004533, 52.65000000000004121, 0.000000000000000000 ) ) ;
#1337 = CARTESIAN_POINT ( 'NONE',  ( 101.0169746996432139, 46.35831484749989784, 9.285714285714286476 ) ) ;
#1338 = ORIENTED_EDGE ( 'NONE', *, *, #2074, .T. ) ;
#1339 = CARTESIAN_POINT ( 'NONE',  ( 30.61635820258351259, -2.254564897239328403, 6.049810156118009985 ) ) ;
#1340 = CARTESIAN_POINT ( 'NONE',  ( 26.60990535206554952, 46.38093739518763670, 9.194328170191450766 ) ) ;
#1341 = CIRCLE ( 'NONE', #4579, 1.400000000000000133 ) ;
#1342 = CARTESIAN_POINT ( 'NONE',  ( 93.54482912122365690, 50.27782691935527737, 5.000000118005838878 ) ) ;
#1343 = EDGE_LOOP ( 'NONE', ( #2251, #2834, #2737, #3910 ) ) ;
#1344 = DIRECTION ( 'NONE',  ( 0.000000000000000000, 0.000000000000000000, 1.000000000000000000 ) ) ;
#1345 = ORIENTED_EDGE ( 'NONE', *, *, #2525, .F. ) ;
#1346 = CARTESIAN_POINT ( 'NONE',  ( 92.54834243162326857, -0.5755178791685794382, 6.174069430208029452 ) ) ;
#1347 = AXIS2_PLACEMENT_3D ( 'NONE', #4354, #2466, #2557 ) ;
#1348 = ADVANCED_FACE ( 'NONE', ( #766 ), #2700, .F. ) ;
#1349 = CIRCLE ( 'NONE', #2690, 5.000000000000000888 ) ;
#1350 = CIRCLE ( 'NONE', #4587, 3.149999999999999911 ) ;
#1351 = CARTESIAN_POINT ( 'NONE',  ( 29.34700806747155610, -5.233226770511645753, 4.999999998881535568 ) ) ;
#1352 = EDGE_LOOP ( 'NONE', ( #4534, #307, #4243, #659, #441, #563, #2871, #3315, #3862, #2365, #4295, #14, #2912, #2076, #1386, #4405, #2915, #176, #1665, #3795, #3670, #4140, #3126, #2673, #3416, #1098, #1933, #3245, #3647, #1691, #4427, #4231 ) ) ;
#1353 = CARTESIAN_POINT ( 'NONE',  ( 88.31697469964321101, 52.65000000000004121, 5.000000000000000888 ) ) ;
#1354 = DIRECTION ( 'NONE',  ( -0.000000000000000000, -0.000000000000000000, 1.000000000000000000 ) ) ;
#1355 = ORIENTED_EDGE ( 'NONE', *, *, #3614, .F. ) ;
#1356 = CIRCLE ( 'NONE', #4057, 6.000000000000000000 ) ;
#1357 = AXIS2_PLACEMENT_3D ( 'NONE', #2088, #3545, #696 ) ;
#1358 = EDGE_CURVE ( 'NONE', #3470, #2165, #1275, .T. ) ;
#1359 = DIRECTION ( 'NONE',  ( -0.000000000000000000, -0.000000000000000000, -1.000000000000000000 ) ) ;
#1360 = CIRCLE ( 'NONE', #1131, 3.000000000000000888 ) ;
#1361 = CARTESIAN_POINT ( 'NONE',  ( 88.31697469964323943, -6.250000000000013323, 3.600000000000000089 ) ) ;
#1362 = ORIENTED_EDGE ( 'NONE', *, *, #2519, .F. ) ;
#1363 = CARTESIAN_POINT ( 'NONE',  ( -15.70000000000000284, 40.39999999999997016, 9.000000000000001776 ) ) ;
#1364 = DIRECTION ( 'NONE',  ( 1.000000000000000000, 0.000000000000000000, 0.000000000000000000 ) ) ;
#1365 = AXIS2_PLACEMENT_3D ( 'NONE', #1152, #520, #1191 ) ;
#1366 = DIRECTION ( 'NONE',  ( 1.000000000000000000, 0.000000000000000000, 0.000000000000000000 ) ) ;
#1367 = DIRECTION ( 'NONE',  ( -0.000000000000000000, -0.000000000000000000, 1.000000000000000000 ) ) ;
#1368 = DIRECTION ( 'NONE',  ( 0.000000000000000000, 0.000000000000000000, -1.000000000000000000 ) ) ;
#1369 = CARTESIAN_POINT ( 'NONE',  ( 86.90480252681294360, -4.418267682181937772, 5.126404000412089879 ) ) ;
#1370 = CARTESIAN_POINT ( 'NONE',  ( 34.64585752441150390, -0.07093402564569578628, 8.942207955679680964 ) ) ;
#1371 = DIRECTION ( 'NONE',  ( 1.000000000000000000, 0.000000000000000000, 0.000000000000000000 ) ) ;
#1372 = EDGE_CURVE ( 'NONE', #4316, #3318, #1886, .T. ) ;
#1373 = CARTESIAN_POINT ( 'NONE',  ( 91.44798598722174177, 46.38207461005359278, 9.188492630058446409 ) ) ;
#1374 = ORIENTED_EDGE ( 'NONE', *, *, #2457, .T. ) ;
#1375 = LINE ( 'NONE', #575, #2889 ) ;
#1376 = ORIENTED_EDGE ( 'NONE', *, *, #765, .T. ) ;
#1377 = CARTESIAN_POINT ( 'NONE',  ( 92.64508797935546625, -3.320725673034245151, 4.999999771273648363 ) ) ;
#1378 = CARTESIAN_POINT ( 'NONE',  ( 26.38398871242171495, 0.01792538994639087530, 9.188492630058444632 ) ) ;
#1379 = CARTESIAN_POINT ( 'NONE',  ( 28.93901814159266550, 46.35905126974427048, 9.283276529034301561 ) ) ;
#1380 = LINE ( 'NONE', #2541, #2651 ) ;
#1381 = PLANE ( 'NONE',  #1200 ) ;
#1382 = VERTEX_POINT ( 'NONE', #1425 ) ;
#1383 = ADVANCED_FACE ( 'NONE', ( #3182 ), #3798, .F. ) ;
#1384 = LINE ( 'NONE', #2756, #1430 ) ;
#1385 =( NAMED_UNIT ( * ) PLANE_ANGLE_UNIT ( ) SI_UNIT ( $, .RADIAN. ) );
#1386 = ORIENTED_EDGE ( 'NONE', *, *, #4052, .F. ) ;
#1387 = ADVANCED_FACE ( 'NONE', ( #4136 ), #3542, .F. ) ;
#1388 = DIRECTION ( 'NONE',  ( 0.000000000000000000, 0.000000000000000000, 1.000000000000000000 ) ) ;
#1389 = DIRECTION ( 'NONE',  ( 0.000000000000000000, 1.000000000000000000, 0.000000000000000000 ) ) ;
#1390 = CARTESIAN_POINT ( 'NONE',  ( 104.6000000000000227, 0.04168515250008988926, 9.285714285714286476 ) ) ;
#1391 = DIRECTION ( 'NONE',  ( -1.000000000000000000, -0.000000000000000000, -0.000000000000000000 ) ) ;
#1392 = CARTESIAN_POINT ( 'NONE',  ( 83.74206002354172540, -0.3358570077915341567, 7.928613950768227170 ) ) ;
#1393 = CARTESIAN_POINT ( 'NONE',  ( 94.43056748716412585, 51.57829124904841223, 5.000000004329813841 ) ) ;
#1394 = VECTOR ( 'NONE', #4555, 999.9999999999998863 ) ;
#1395 = ORIENTED_EDGE ( 'NONE', *, *, #2124, .T. ) ;
#1396 = CARTESIAN_POINT ( 'NONE',  ( 85.27883971032873944, 47.63760505024838920, 6.939579310600726636 ) ) ;
#1397 = ORIENTED_EDGE ( 'NONE', *, *, #2986, .T. ) ;
#1398 = CARTESIAN_POINT ( 'NONE',  ( 93.76922722525422671, -0.8437823250505583905, 5.505884466271437461 ) ) ;
#1399 = AXIS2_PLACEMENT_3D ( 'NONE', #2649, #3404, #4095 ) ;
#1400 = VERTEX_POINT ( 'NONE', #316 ) ;
#1401 = CARTESIAN_POINT ( 'NONE',  ( 91.72541074564620089, 0.01793782450513903282, 9.188557375276273476 ) ) ;
#1402 = ORIENTED_EDGE ( 'NONE', *, *, #1313, .F. ) ;
#1403 = LINE ( 'NONE', #333, #2021 ) ;
#1404 = DIRECTION ( 'NONE',  ( 0.000000000000000000, 0.000000000000000000, -1.000000000000000000 ) ) ;
#1405 = ORIENTED_EDGE ( 'NONE', *, *, #3271, .T. ) ;
#1406 = CARTESIAN_POINT ( 'NONE',  ( 24.29719766270648762, 46.36121617166534037, 9.276490330870782230 ) ) ;
#1407 = PLANE ( 'NONE',  #3979 ) ;
#1408 = EDGE_CURVE ( 'NONE', #4375, #1332, #1756, .T. ) ;
#1409 = CARTESIAN_POINT ( 'NONE',  ( 91.46697469964324512, -6.250000000000009770, 3.600000000000000089 ) ) ;
#1410 = CARTESIAN_POINT ( 'NONE',  ( -12.70000000000000107, 6.000000000000000000, 9.000000000000001776 ) ) ;
#1411 = CARTESIAN_POINT ( 'NONE',  ( 86.12388139934650155, -2.227648616914043700, 4.979238666733388108 ) ) ;
#1412 = CARTESIAN_POINT ( 'NONE',  ( 31.29596329206009386, -3.060799408640040298, 4.351784258574353359 ) ) ;
#1413 = VERTEX_POINT ( 'NONE', #566 ) ;
#1414 = CARTESIAN_POINT ( 'NONE',  ( 81.91697469964323375, 46.39999999999999858, 9.145898033750341938 ) ) ;
#1415 = ORIENTED_EDGE ( 'NONE', *, *, #3638, .T. ) ;
#1416 = CARTESIAN_POINT ( 'NONE',  ( 91.06932249849397465, -3.112825898819425507, 5.000000024983326519 ) ) ;
#1417 = CARTESIAN_POINT ( 'NONE',  ( 25.65123061949125471, 0.02425933529170795633, 9.218956272664899032 ) ) ;
#1418 = ORIENTED_EDGE ( 'NONE', *, *, #1681, .T. ) ;
#1419 = CARTESIAN_POINT ( 'NONE',  ( 21.81500000000005102, -5.708203932499369415, 11.00000000000000000 ) ) ;
#1420 = TOROIDAL_SURFACE ( 'NONE', #65, 5.000000000000000000, 1.000000000000000000 ) ;
#1421 = EDGE_LOOP ( 'NONE', ( #2801, #654, #2938, #374 ) ) ;
#1422 = AXIS2_PLACEMENT_3D ( 'NONE', #856, #2289, #1949 ) ;
#1423 = ADVANCED_FACE ( 'NONE', ( #1636 ), #3180, .F. ) ;
#1424 = CARTESIAN_POINT ( 'NONE',  ( 86.65671655031849241, 49.76609556203136719, 4.160209839791447983 ) ) ;
#1425 = CARTESIAN_POINT ( 'NONE',  ( 81.91697469964319112, 46.39999999999998437, 9.000000000000001776 ) ) ;
#1426 = DIRECTION ( 'NONE',  ( 0.000000000000000000, 1.000000000000000000, -0.000000000000000000 ) ) ;
#1427 = VERTEX_POINT ( 'NONE', #1850 ) ;
#1428 = AXIS2_PLACEMENT_3D ( 'NONE', #394, #2084, #3268 ) ;
#1429 = DIRECTION ( 'NONE',  ( 0.000000000000000000, 0.000000000000000000, -1.000000000000000000 ) ) ;
#1430 = VECTOR ( 'NONE', #588, 1000.000000000000000 ) ;
#1431 = VECTOR ( 'NONE', #4556, 1000.000000000000000 ) ;
#1432 = CARTESIAN_POINT ( 'NONE',  ( 21.02190669970242354, -2.227648616912256241, 4.979238666733016849 ) ) ;
#1433 = DIRECTION ( 'NONE',  ( 0.000000000000000000, 0.000000000000000000, -1.000000000000000000 ) ) ;
#1434 = CARTESIAN_POINT ( 'NONE',  ( 87.78840994918500940, -3.119749579740179968, 5.577094451977973044 ) ) ;
#1435 = CARTESIAN_POINT ( 'NONE',  ( 32.04929559010873419, 48.18131891723503912, 5.468001728181447696 ) ) ;
#1436 = EDGE_CURVE ( 'NONE', #4185, #3622, #1123, .T. ) ;
#1437 = DIRECTION ( 'NONE',  ( -1.000000000000000000, 0.000000000000000000, 0.000000000000000000 ) ) ;
#1438 = ORIENTED_EDGE ( 'NONE', *, *, #2565, .T. ) ;
#1439 = CARTESIAN_POINT ( 'NONE',  ( 86.74513712308055347, 48.19199418480165065, 6.418980721228692232 ) ) ;
#1440 = ORIENTED_EDGE ( 'NONE', *, *, #2211, .T. ) ;
#1442 = EDGE_CURVE ( 'NONE', #125, #2558, #3747, .T. ) ;
#1441 = CARTESIAN_POINT ( 'NONE',  ( 89.29538510151978414, -3.965391420074690032, 4.999999936477737883 ) ) ;
#1443 = CARTESIAN_POINT ( 'NONE',  ( 25.89984520352705744, 0.02128647982839776062, 9.205258449832490086 ) ) ;
#1444 = ORIENTED_EDGE ( 'NONE', *, *, #264, .T. ) ;
#1445 = CARTESIAN_POINT ( 'NONE',  ( -12.70000000000000107, 6.000000000000000000, 10.00000000000000000 ) ) ;
#1446 = ORIENTED_EDGE ( 'NONE', *, *, #826, .T. ) ;
#1447 = CARTESIAN_POINT ( 'NONE',  ( 28.06500000000004391, -6.250000000000012434, 5.000000000000000000 ) ) ;
#1448 = CARTESIAN_POINT ( 'NONE',  ( -17.69999999999999929, 6.000000000000000000, 10.00000000000000000 ) ) ;
#1449 = CARTESIAN_POINT ( 'NONE',  ( 99.15933845195860386, -0.1958929156052148790, 8.619305215998723568 ) ) ;
#1450 = LINE ( 'NONE', #3628, #1505 ) ;
#1451 = ORIENTED_EDGE ( 'NONE', *, *, #2931, .T. ) ;
#1452 = CARTESIAN_POINT ( 'NONE',  ( 25.07290632821162646, 46.36878153673590930, 9.248109234035284842 ) ) ;
#1453 = EDGE_CURVE ( 'NONE', #4322, #4224, #3764, .T. ) ;
#1454 = DIRECTION ( 'NONE',  ( 0.000000000000000000, 0.000000000000000000, -1.000000000000000000 ) ) ;
#1455 = DIRECTION ( 'NONE',  ( 0.000000000000000000, 0.000000000000000000, -1.000000000000000000 ) ) ;
#1456 = EDGE_CURVE ( 'NONE', #4578, #1047, #4581, .T. ) ;
#1457 = DIRECTION ( 'NONE',  ( 0.000000000000000000, 1.000000000000000000, 0.000000000000000000 ) ) ;
#1458 = VERTEX_POINT ( 'NONE', #1229 ) ;
#1459 = CARTESIAN_POINT ( 'NONE',  ( 85.69167340183007298, 47.40213275383939617, 7.234985991815832129 ) ) ;
#1460 = ORIENTED_EDGE ( 'NONE', *, *, #3401, .T. ) ;
#1461 = CARTESIAN_POINT ( 'NONE',  ( 91.00181990317027214, 0.02128647982838660982, 9.205258449832438572 ) ) ;
#1462 = AXIS2_PLACEMENT_3D ( 'NONE', #473, #1724, #1752 ) ;
#1463 = EDGE_CURVE ( 'NONE', #1047, #1332, #123, .T. ) ;
#1464 = CARTESIAN_POINT ( 'NONE',  ( 26.12009464793447577, 0.01906260481233083837, 9.194328170191445437 ) ) ;
#1465 = VERTEX_POINT ( 'NONE', #1557 ) ;
#1466 = FACE_OUTER_BOUND ( 'NONE', #1321, .T. ) ;
#1467 = ORIENTED_EDGE ( 'NONE', *, *, #495, .F. ) ;
#1468 = DIRECTION ( 'NONE',  ( 1.000000000000000000, -0.000000000000000000, 0.000000000000000000 ) ) ;
#1469 = CONICAL_SURFACE ( 'NONE', #2652, 3.149999999999999911, 0.7853981633974491672 ) ;
#1470 = CARTESIAN_POINT ( 'NONE',  ( 95.71833290222672019, -2.254564897238456211, 6.049810156118485160 ) ) ;
#1471 = DIRECTION ( 'NONE',  ( -0.000000000000000000, -0.000000000000000000, -1.000000000000000000 ) ) ;
#1472 = ORIENTED_EDGE ( 'NONE', *, *, #1501, .T. ) ;
#1473 = DIRECTION ( 'NONE',  ( 0.000000000000000000, 1.000000000000000000, 0.000000000000000000 ) ) ;
#1474 = DIRECTION ( 'NONE',  ( 0.000000000000000000, 0.000000000000000000, -1.000000000000000000 ) ) ;
#1475 = CARTESIAN_POINT ( 'NONE',  ( 21.81500000000005102, 51.39999999999996305, 3.633966658370840985 ) ) ;
#1476 = DIRECTION ( 'NONE',  ( -0.000000000000000000, -0.000000000000000000, -1.000000000000000000 ) ) ;
#1477 = DIRECTION ( 'NONE',  ( 1.000000000000000000, 0.000000000000000000, 0.000000000000000000 ) ) ;
#1478 = VERTEX_POINT ( 'NONE', #4074 ) ;
#1479 = CARTESIAN_POINT ( 'NONE',  ( 81.91697469964319112, 46.35831484749989784, 9.285714285714286476 ) ) ;
#1480 = CARTESIAN_POINT ( 'NONE',  ( 30.91500000000004533, 51.39999999999997016, 0.000000000000000000 ) ) ;
#1481 = ORIENTED_EDGE ( 'NONE', *, *, #4624, .F. ) ;
#1482 = CARTESIAN_POINT ( 'NONE',  ( 89.62221207515133869, -3.692358123685127058, 4.999999881994170892 ) ) ;
#1483 = VECTOR ( 'NONE', #4209, 1000.000000000000000 ) ;
#1484 = CARTESIAN_POINT ( 'NONE',  ( 24.78502523591938456, -0.6405712804458261189, 5.968444323459325851 ) ) ;
#1485 = VERTEX_POINT ( 'NONE', #3087 ) ;
#1486 = CARTESIAN_POINT ( 'NONE',  ( 16.81500000000005102, 46.39999999999997016, 9.000000000000001776 ) ) ;
#1487 = ORIENTED_EDGE ( 'NONE', *, *, #1749, .F. ) ;
#1488 = CARTESIAN_POINT ( 'NONE',  ( 35.91500000000004178, 0.000000000000000000, 10.00000000000000000 ) ) ;
#1489 = EDGE_CURVE ( 'NONE', #3430, #4375, #4353, .T. ) ;
#1490 = CARTESIAN_POINT ( 'NONE',  ( 94.61697469964320817, 52.10820393249936444, 11.00000000000000000 ) ) ;
#1491 = CARTESIAN_POINT ( 'NONE',  ( 96.02914687247056236, -4.418267682182900558, 5.126404000411945994 ) ) ;
#1492 = FACE_OUTER_BOUND ( 'NONE', #3983, .T. ) ;
#1493 = DIRECTION ( 'NONE',  ( 1.000000000000000000, 0.000000000000000000, 0.000000000000000000 ) ) ;
#1494 = ORIENTED_EDGE ( 'NONE', *, *, #1904, .F. ) ;
#1495 = CARTESIAN_POINT ( 'NONE',  ( 29.51500000000003965, -5.133984527770148354, 5.027540533814195634 ) ) ;
#1496 = EDGE_CURVE ( 'NONE', #4190, #3470, #4252, .T. ) ;
#1497 = AXIS2_PLACEMENT_3D ( 'NONE', #2406, #4515, #4586 ) ;
#1498 = AXIS2_PLACEMENT_3D ( 'NONE', #1007, #3165, #1056 ) ;
#1499 = CARTESIAN_POINT ( 'NONE',  ( 31.70809330029803519, -2.227648616911520385, 4.979238666733387220 ) ) ;
#1500 = CARTESIAN_POINT ( 'NONE',  ( 20.58969870218098919, 47.40213275384120095, 7.234985991813966066 ) ) ;
#1501 = EDGE_CURVE ( 'NONE', #2162, #3543, #3695, .T. ) ;
#1502 = VECTOR ( 'NONE', #3132, 1000.000000000000000 ) ;
#1503 = VECTOR ( 'NONE', #990, 1000.000000000000000 ) ;
#1504 = CARTESIAN_POINT ( 'NONE',  ( 29.51500000000004675, -6.250000000000013323, 5.000000000000000888 ) ) ;
#1505 = VECTOR ( 'NONE', #1471, 1000.000000000000000 ) ;
#1506 = ORIENTED_EDGE ( 'NONE', *, *, #1254, .F. ) ;
#1507 = CYLINDRICAL_SURFACE ( 'NONE', #1948, 4.549999999999998934 ) ;
#1508 = CARTESIAN_POINT ( 'NONE',  ( 81.91697469964323375, 0.000000000000000000, 9.000000000000001776 ) ) ;
#1509 = ORIENTED_EDGE ( 'NONE', *, *, #231, .T. ) ;
#1510 = CARTESIAN_POINT ( 'NONE',  ( 88.49802747593258800, -1.204375710127034926, 5.066404875273252451 ) ) ;
#1511 = EDGE_CURVE ( 'NONE', #3105, #1135, #2994, .T. ) ;
#1512 = VECTOR ( 'NONE', #4286, 1000.000000000000000 ) ;
#1513 = CARTESIAN_POINT ( 'NONE',  ( 23.26194392231775865, 0.04168515250008945211, 9.285714285714286476 ) ) ;
#1514 = DIRECTION ( 'NONE',  ( 0.000000000000000000, 0.000000000000000000, -1.000000000000000000 ) ) ;
#1515 = VERTEX_POINT ( 'NONE', #2637 ) ;
#1516 = CYLINDRICAL_SURFACE ( 'NONE', #3825, 1.000000000000000888 ) ;
#1517 = DIRECTION ( 'NONE',  ( 0.000000000000000000, 0.000000000000000000, 1.000000000000000000 ) ) ;
#1518 = EDGE_CURVE ( 'NONE', #1478, #4190, #4099, .T. ) ;
#1519 = CARTESIAN_POINT ( 'NONE',  ( 99.32465674652603127, -0.2781256051464957024, 8.426889323463990777 ) ) ;
#1520 = DIRECTION ( 'NONE',  ( -0.000000000000000000, -0.000000000000000000, 1.000000000000000000 ) ) ;
#1521 = ORIENTED_EDGE ( 'NONE', *, *, #4062, .F. ) ;
#1522 = DIRECTION ( 'NONE',  ( 0.000000000000000000, -1.000000000000000000, 0.000000000000000000 ) ) ;
#1523 = DIRECTION ( 'NONE',  ( -2.312964634635742661E-15, 0.000000000000000000, -1.000000000000000000 ) ) ;
#1524 = ADVANCED_FACE ( 'NONE', ( #534 ), #1608, .T. ) ;
#1525 = CARTESIAN_POINT ( 'NONE',  ( 91.46697469964324512, -6.250000000000013323, 5.000000000000000000 ) ) ;
#1526 = CARTESIAN_POINT ( 'NONE',  ( 20.98601433222426849, 48.53785558263598432, 6.117450971979574881 ) ) ;
#1527 = CARTESIAN_POINT ( 'NONE',  ( 31.03306647993565548, -3.792891581252031408, 5.293062559755447261 ) ) ;
#1528 = ORIENTED_EDGE ( 'NONE', *, *, #3879, .F. ) ;
#1529 = CARTESIAN_POINT ( 'NONE',  ( 16.81500000000005102, 0.04168515250008988926, 9.285714285714286476 ) ) ;
#1530 = DIRECTION ( 'NONE',  ( -1.000000000000000000, -2.111225325732422144E-16, 0.000000000000000000 ) ) ;
#1531 = ORIENTED_EDGE ( 'NONE', *, *, #1807, .T. ) ;
#1532 = CARTESIAN_POINT ( 'NONE',  ( 90.10618793751805811, -3.402262328519361390, 4.999999798125765338 ) ) ;
#1533 = CARTESIAN_POINT ( 'NONE',  ( 88.36391862196089164, 46.35831484749989784, 9.285714285714282923 ) ) ;
#1534 = ORIENTED_EDGE ( 'NONE', *, *, #1273, .F. ) ;
#1535 = LINE ( 'NONE', #2968, #3337 ) ;
#1536 = ORIENTED_EDGE ( 'NONE', *, *, #106, .F. ) ;
#1537 = CARTESIAN_POINT ( 'NONE',  ( 84.12205242450077947, -0.3025155184974310796, 8.383117247896551660 ) ) ;
#1538 = CARTESIAN_POINT ( 'NONE',  ( 101.0169746996432281, -1.192622389734054877E-15, 9.145898033750315292 ) ) ;
#1539 = CARTESIAN_POINT ( 'NONE',  ( 30.91500000000004533, 0.000000000000000000, 5.000000000000000000 ) ) ;
#1540 = EDGE_LOOP ( 'NONE', ( #1709, #2004, #3944, #3248 ) ) ;
#1541 = DIRECTION ( 'NONE',  ( -0.000000000000000000, -0.000000000000000000, -1.000000000000000000 ) ) ;
#1542 = CARTESIAN_POINT ( 'NONE',  ( 91.46697469964321670, 52.65000000000004121, 3.549999999999996714 ) ) ;
#1543 = CARTESIAN_POINT ( 'NONE',  ( 96.01697469964321385, 51.39999999999998437, 0.000000000000000000 ) ) ;
#1544 = ADVANCED_FACE ( 'NONE', ( #149 ), #2731, .T. ) ;
#1545 = CARTESIAN_POINT ( 'NONE',  ( 32.84291317954912870, -1.016802658063045595, 6.516758327472343737 ) ) ;
#1546 = ORIENTED_EDGE ( 'NONE', *, *, #2728, .F. ) ;
#1547 = CARTESIAN_POINT ( 'NONE',  ( 86.91697469964320533, 51.39999999999997726, 0.000000000000000000 ) ) ;
#1548 = DIRECTION ( 'NONE',  ( 0.000000000000000000, 0.000000000000000000, -1.000000000000000000 ) ) ;
#1549 = ORIENTED_EDGE ( 'NONE', *, *, #466, .T. ) ;
#1550 = CARTESIAN_POINT ( 'NONE',  ( 123.3000000000000256, 0.000000000000000000, 9.000000000000001776 ) ) ;
#1551 = EDGE_CURVE ( 'NONE', #576, #1900, #4547, .T. ) ;
#1552 = CARTESIAN_POINT ( 'NONE',  ( 89.48143155299716511, 50.19916808428475719, 5.000000140768135815 ) ) ;
#1553 = CARTESIAN_POINT ( 'NONE',  ( 6.000000000000000000, 0.000000000000000000, 0.000000000000000000 ) ) ;
#1554 = EDGE_LOOP ( 'NONE', ( #27, #2293, #1678, #245 ) ) ;
#1555 = AXIS2_PLACEMENT_3D ( 'NONE', #3635, #3683, #2600 ) ;
#1556 = FACE_OUTER_BOUND ( 'NONE', #2368, .T. ) ;
#1557 = CARTESIAN_POINT ( 'NONE',  ( 23.21500000000004249, -5.133984527770151018, 5.027540533814195634 ) ) ;
#1558 = CARTESIAN_POINT ( 'NONE',  ( 25.56709340823114829, 46.95299010119621386, 6.252420288674185755 ) ) ;
#1559 = VERTEX_POINT ( 'NONE', #4122 ) ;
#1560 = ADVANCED_FACE ( 'NONE', ( #4505 ), #4154, .T. ) ;
#1561 = VECTOR ( 'NONE', #3496, 1000.000000000000000 ) ;
#1562 = DIRECTION ( 'NONE',  ( 0.000000000000000000, 0.000000000000000000, -1.000000000000000000 ) ) ;
#1563 = CARTESIAN_POINT ( 'NONE',  ( 6.000000000000000000, 46.39999999999997016, 0.000000000000000000 ) ) ;
#1564 = FACE_OUTER_BOUND ( 'NONE', #917, .T. ) ;
#1565 = DIRECTION ( 'NONE',  ( 1.000000000000000000, -0.000000000000000000, 0.000000000000000000 ) ) ;
#1566 = AXIS2_PLACEMENT_3D ( 'NONE', #4332, #1104, #1833 ) ;
#1567 = CARTESIAN_POINT ( 'NONE',  ( 22.68643524954181601, 49.51974957973980906, 5.577094451978164891 ) ) ;
#1568 = AXIS2_PLACEMENT_3D ( 'NONE', #3447, #2759, #2019 ) ;
#1569 = TOROIDAL_SURFACE ( 'NONE', #810, 3.000000000000000888, 1.000000000000000000 ) ;
#1570 = CARTESIAN_POINT ( 'NONE',  ( 33.03807538228362262, -0.8484456178227037793, 7.419485966421248690 ) ) ;
#1571 = EDGE_CURVE ( 'NONE', #267, #4213, #4472, .T. ) ;
#1572 = B_SPLINE_CURVE_WITH_KNOTS ( 'NONE', 3,
 ( #204, #1635, #3745, #2407 ),
 .UNSPECIFIED., .F., .F.,
 ( 4, 4 ),
 ( 0.000000000000000000, 1.000000000000000000 ),
 .UNSPECIFIED. ) ;
#1573 = DIRECTION ( 'NONE',  ( 1.000000000000000000, 0.000000000000000000, 0.000000000000000000 ) ) ;
#1574 = LINE ( 'NONE', #2963, #2697 ) ;
#1575 = ORIENTED_EDGE ( 'NONE', *, *, #2047, .F. ) ;
#1576 = AXIS2_PLACEMENT_3D ( 'NONE', #3453, #4212, #1614 ) ;
#1577 = CARTESIAN_POINT ( 'NONE',  ( 99.15933845195587537, 46.59589291560591562, 8.619305215996897473 ) ) ;
#1578 = VECTOR ( 'NONE', #1870, 1000.000000000000000 ) ;
#1579 = CARTESIAN_POINT ( 'NONE',  ( 89.07585494906192025, 47.28598603899597208, 5.437636358476738430 ) ) ;
#1580 = EDGE_CURVE ( 'NONE', #4569, #3459, #1617, .T. ) ;
#1581 = DIRECTION ( 'NONE',  ( -1.000000000000000000, 0.000000000000000000, 0.000000000000000000 ) ) ;
#1582 = ORIENTED_EDGE ( 'NONE', *, *, #278, .T. ) ;
#1583 = AXIS2_PLACEMENT_3D ( 'NONE', #1525, #3044, #2598 ) ;
#1584 = CARTESIAN_POINT ( 'NONE',  ( 29.46014569626695589, -5.662898398804393274, 4.999999999999999112 ) ) ;
#1585 = DIRECTION ( 'NONE',  ( -4.034240641806528883E-16, 1.000000000000000000, 0.000000000000000000 ) ) ;
#1586 = CARTESIAN_POINT ( 'NONE',  ( 23.57306040498933797, 51.18827792441211244, 5.000000014759960365 ) ) ;
#1587 = ORIENTED_EDGE ( 'NONE', *, *, #4373, .F. ) ;
#1588 = CARTESIAN_POINT ( 'NONE',  ( 96.01697469964324227, -5.000000000000000000, 0.000000000000000000 ) ) ;
#1589 = CARTESIAN_POINT ( 'NONE',  ( 99.15933845195588958, 46.59589291560591562, 8.619305215996902803 ) ) ;
#1590 = CARTESIAN_POINT ( 'NONE',  ( 21.82887658208247572, -4.740214989803439138, 5.065399346807705427 ) ) ;
#1591 = CARTESIAN_POINT ( 'NONE',  ( 17.41045056033625116, 46.37968392220742686, 9.213399254569779373 ) ) ;
#1592 = DIRECTION ( 'NONE',  ( 0.000000000000000000, 1.000000000000000000, 0.000000000000000000 ) ) ;
#1593 = CARTESIAN_POINT ( 'NONE',  ( 96.81006799993976131, -2.227648616914492230, 4.979238666733760255 ) ) ;
#1594 = CARTESIAN_POINT ( 'NONE',  ( 88.31697469964319680, 52.65000000000004121, 3.600000000000000089 ) ) ;
#1595 = VERTEX_POINT ( 'NONE', #2105 ) ;
#1596 = CARTESIAN_POINT ( 'NONE',  ( 94.97697160800782967, 49.83699200407401975, 5.432883167383518952 ) ) ;
#1597 = EDGE_CURVE ( 'NONE', #747, #3881, #2396, .T. ) ;
#1598 = CARTESIAN_POINT ( 'NONE',  ( 88.87977240573397353, 47.39647582683687688, 5.289923901872025880 ) ) ;
#1599 = CARTESIAN_POINT ( 'NONE',  ( 29.51500007419802074, 50.99103446761311886, 5.079742220925879792 ) ) ;
#1600 = ORIENTED_EDGE ( 'NONE', *, *, #906, .T. ) ;
#1601 = PLANE ( 'NONE',  #3222 ) ;
#1602 = EDGE_CURVE ( 'NONE', #4020, #3082, #3813, .T. ) ;
#1603 = CARTESIAN_POINT ( 'NONE',  ( 99.15933845195858964, -0.1958929156052166554, 8.619305215998718239 ) ) ;
#1604 = CARTESIAN_POINT ( 'NONE',  ( 129.3000000000000398, 6.000000000000000000, 0.000000000000000000 ) ) ;
#1605 = CARTESIAN_POINT ( 'NONE',  ( 24.27390318973624161, 50.29100370388070473, 4.999999923636789134 ) ) ;
#1606 = ORIENTED_EDGE ( 'NONE', *, *, #3094, .F. ) ;
#1607 = CARTESIAN_POINT ( 'NONE',  ( 99.95508813373351131, 46.43505845609266203, 9.044672882760268706 ) ) ;
#1608 = TOROIDAL_SURFACE ( 'NONE', #3035, 7.400000000000000355, 1.399999999999999911 ) ;
#1609 = CARTESIAN_POINT ( 'NONE',  ( 17.15444096171781041, 0.04168507541366466007, 9.285714027158551431 ) ) ;
#1610 = DIRECTION ( 'NONE',  ( -0.000000000000000000, -0.000000000000000000, 1.000000000000000000 ) ) ;
#1611 = TOROIDAL_SURFACE ( 'NONE', #2818, 3.000000000000005329, 1.000000000000000000 ) ;
#1612 = LINE ( 'NONE', #4182, #1955 ) ;
#1613 = CARTESIAN_POINT ( 'NONE',  ( 22.85500309163248289, -3.436992004071749651, 5.432883167384281897 ) ) ;
#1614 = DIRECTION ( 'NONE',  ( 1.000000000000000000, 0.000000000000000000, 0.000000000000000000 ) ) ;
#1615 = ORIENTED_EDGE ( 'NONE', *, *, #1232, .F. ) ;
#1616 = DIRECTION ( 'NONE',  ( 0.000000000000000000, 1.000000000000000000, 0.000000000000000000 ) ) ;
#1617 = B_SPLINE_CURVE_WITH_KNOTS ( 'NONE', 3,
 ( #999, #312, #2369, #1774, #2423, #2450, #609, #1401, #3465, #2753, #4274, #4196, #3178, #973 ),
 .UNSPECIFIED., .F., .F.,
 ( 4, 2, 2, 2, 2, 2, 4 ),
 ( 0.000000000000000000, 0.001552181371192578978, 0.002328272056788889283, 0.003104362742385199589, 0.003880453427981509461, 0.004656544113577820200, 0.006208725484770481577 ),
 .UNSPECIFIED. ) ;
#1618 = CARTESIAN_POINT ( 'NONE',  ( 88.37182900337570857, 52.06289839880466275, 4.999999999999999112 ) ) ;
#1619 = VERTEX_POINT ( 'NONE', #3203 ) ;
#1620 = CARTESIAN_POINT ( 'NONE',  ( 91.46697469964321670, 52.65000000000004121, 5.000000000000000000 ) ) ;
#1621 = ORIENTED_EDGE ( 'NONE', *, *, #4037, .F. ) ;
#1622 = EDGE_CURVE ( 'NONE', #2025, #2883, #3308, .T. ) ;
#1623 = CARTESIAN_POINT ( 'NONE',  ( 21.02190669970227788, 48.62764861691193374, 4.979238666734149277 ) ) ;
#1624 = CARTESIAN_POINT ( 'NONE',  ( 28.93082644846581530, 0.04092772718456654663, 9.283208829959420427 ) ) ;
#1625 = ORIENTED_EDGE ( 'NONE', *, *, #1855, .T. ) ;
#1626 = CARTESIAN_POINT ( 'NONE',  ( 24.85653370595987610, 47.02882159087977954, 6.003272696335709924 ) ) ;
#1627 = ORIENTED_EDGE ( 'NONE', *, *, #3698, .F. ) ;
#1628 = EDGE_CURVE ( 'NONE', #1413, #1005, #1918, .T. ) ;
#1629 = VECTOR ( 'NONE', #3604, 1000.000000000000000 ) ;
#1630 = CARTESIAN_POINT ( 'NONE',  ( 96.00309811757344391, 51.14021498980390845, 5.065399346800963265 ) ) ;
#1631 = DIRECTION ( 'NONE',  ( -1.000000000000000000, 0.000000000000000000, 0.000000000000000000 ) ) ;
#1632 = EDGE_LOOP ( 'NONE', ( #2899, #3930, #2595, #684 ) ) ;
#1633 = EDGE_CURVE ( 'NONE', #1936, #747, #3708, .T. ) ;
#1634 = CARTESIAN_POINT ( 'NONE',  ( 27.65709367178844147, 0.03121846326405917221, 9.248109234035284842 ) ) ;
#1635 = CARTESIAN_POINT ( 'NONE',  ( 101.0169746996432423, 0.01408975236332358529, 9.193156499856110386 ) ) ;
#1636 = FACE_OUTER_BOUND ( 'NONE', #4600, .T. ) ;
#1637 = CARTESIAN_POINT ( 'NONE',  ( 81.91697469964323375, 0.01408975236332358529, 9.193156499856110386 ) ) ;
#1638 = CARTESIAN_POINT ( 'NONE',  ( 24.66500000000005244, -6.250000000000012434, 3.549999999999996714 ) ) ;
#1639 = FACE_OUTER_BOUND ( 'NONE', #4584, .T. ) ;
#1640 = PLANE ( 'NONE',  #586 ) ;
#1641 = VECTOR ( 'NONE', #3332, 1000.000000000000000 ) ;
#1642 = CARTESIAN_POINT ( 'NONE',  ( 93.87615365756292363, 47.29450052463582210, 5.423262391957052841 ) ) ;
#1643 = TOROIDAL_SURFACE ( 'NONE', #3445, 7.400000000000000355, 1.399999999999999911 ) ;
#1644 = ORIENTED_EDGE ( 'NONE', *, *, #592, .F. ) ;
#1645 = LINE ( 'NONE', #2674, #3943 ) ;
#1646 = AXIS2_PLACEMENT_3D ( 'NONE', #3187, #644, #2947 ) ;
#1647 = ORIENTED_EDGE ( 'NONE', *, *, #153, .T. ) ;
#1648 = CARTESIAN_POINT ( 'NONE',  ( 94.50479473389842155, -1.226051779731401448, 5.033595346801027937 ) ) ;
#1649 = B_SPLINE_CURVE_WITH_KNOTS ( 'NONE', 3,
 ( #779, #2218, #3651, #1875, #82, #2764, #4079, #1880, #2659, #1902, #3655, #2974, #2620, #87 ),
 .UNSPECIFIED., .F., .F.,
 ( 4, 2, 2, 2, 2, 2, 4 ),
 ( 0.000000000000000000, 0.001552181371192645548, 0.002328272056788946963, 0.003104362742385249029, 0.003880453427981551094, 0.004656544113577853160, 0.006208725484770498057 ),
 .UNSPECIFIED. ) ;
#1650 = VECTOR ( 'NONE', #1457, 1000.000000000000000 ) ;
#1651 = CARTESIAN_POINT ( 'NONE',  ( 26.80407534934968083, 0.02099034722081314849, 9.203840687703774393 ) ) ;
#1652 = CARTESIAN_POINT ( 'NONE',  ( 123.3000000000000256, 6.000000000000000000, 0.000000000000000000 ) ) ;
#1653 = CARTESIAN_POINT ( 'NONE',  ( 25.48764406542598238, 46.37374630347414239, 9.227659538288413898 ) ) ;
#1654 = VERTEX_POINT ( 'NONE', #1697 ) ;
#1655 = AXIS2_PLACEMENT_3D ( 'NONE', #4656, #1426, #2862 ) ;
#1656 = ADVANCED_FACE ( 'NONE', ( #261 ), #241, .F. ) ;
#1657 = CARTESIAN_POINT ( 'NONE',  ( 97.24227599746228634, 47.40213275383884195, 7.234985991816408557 ) ) ;
#1658 = CARTESIAN_POINT ( 'NONE',  ( 21.69693352006659381, -3.792891581252047395, 5.293062559755126628 ) ) ;
#1659 = ORIENTED_EDGE ( 'NONE', *, *, #3666, .F. ) ;
#1660 = DIRECTION ( 'NONE',  ( 1.000000000000000000, 0.000000000000000000, 0.000000000000000000 ) ) ;
#1661 = CARTESIAN_POINT ( 'NONE',  ( 91.46697469964321670, 52.65000000000004121, 3.600000000000000089 ) ) ;
#1662 = ADVANCED_FACE ( 'NONE', ( #284 ), #2476, .T. ) ;
#1663 = DIRECTION ( 'NONE',  ( 1.000000000000000000, 0.000000000000000000, -0.000000000000000000 ) ) ;
#1664 = DIRECTION ( 'NONE',  ( 0.000000000000000000, 1.000000000000000000, -0.000000000000000000 ) ) ;
#1665 = ORIENTED_EDGE ( 'NONE', *, *, #1628, .T. ) ;
#1666 = DIRECTION ( 'NONE',  ( 0.000000000000000000, -0.000000000000000000, 1.000000000000000000 ) ) ;
#1667 = CARTESIAN_POINT ( 'NONE',  ( 27.77288472911540751, 46.36766187799500472, 9.252298540190937004 ) ) ;
#1668 = CARTESIAN_POINT ( 'NONE',  ( 35.91500000000004178, 46.39999999999997726, 0.000000000000000000 ) ) ;
#1669 = CARTESIAN_POINT ( 'NONE',  ( 94.50633558883104968, 51.81407645917759197, 5.000000002097936047 ) ) ;
#1670 = EDGE_LOOP ( 'NONE', ( #4643, #1959, #574, #4494 ) ) ;
#1671 = CARTESIAN_POINT ( 'NONE',  ( 83.07568939604689717, 46.53157633338665988, 8.775577008666967771 ) ) ;
#1672 = ORIENTED_EDGE ( 'NONE', *, *, #1320, .F. ) ;
#1673 = CARTESIAN_POINT ( 'NONE',  ( 93.71871425591831439, -0.8215659641165761196, 5.544601870792071452 ) ) ;
#1674 = CARTESIAN_POINT ( 'NONE',  ( 25.69371989264691081, -3.161999914857539729, 4.999999743389675899 ) ) ;
#1675 = FACE_OUTER_BOUND ( 'NONE', #2445, .T. ) ;
#1676 = CARTESIAN_POINT ( 'NONE',  ( 96.01697469964321385, 52.65000000000004121, 5.000000000000000000 ) ) ;
#1677 = CARTESIAN_POINT ( 'NONE',  ( 26.36500000000004817, -6.250000000000012434, 5.000000000000000000 ) ) ;
#1678 = ORIENTED_EDGE ( 'NONE', *, *, #4380, .F. ) ;
#1679 = CARTESIAN_POINT ( 'NONE',  ( 26.62343604600300750, 0.01793782450513916812, 9.188557375276277028 ) ) ;
#1680 = PLANE ( 'NONE',  #1264 ) ;
#1681 = EDGE_CURVE ( 'NONE', #2072, #1301, #3486, .T. ) ;
#1682 = AXIS2_PLACEMENT_3D ( 'NONE', #3059, #2654, #4176 ) ;
#1683 = CARTESIAN_POINT ( 'NONE',  ( 81.91697469964323375, 0.04168515250008988926, 9.285714285714286476 ) ) ;
#1684 = CARTESIAN_POINT ( 'NONE',  ( 86.91697469964323375, -4.476699331117093728, 3.698366727380305807 ) ) ;
#1685 = VERTEX_POINT ( 'NONE', #581 ) ;
#1687 = EDGE_CURVE ( 'NONE', #1559, #3609, #710, .T. ) ;
#1686 = CARTESIAN_POINT ( 'NONE',  ( 96.01697469964321385, 50.87669933111767762, 3.698366727381017238 ) ) ;
#1688 = CARTESIAN_POINT ( 'NONE',  ( 94.52397697310377112, 51.88751306992111267, 4.999999999818261820 ) ) ;
#1689 = ORIENTED_EDGE ( 'NONE', *, *, #2471, .F. ) ;
#1690 = CARTESIAN_POINT ( 'NONE',  ( 101.0169746996432139, 46.39999999999999147, 9.000000000000001776 ) ) ;
#1691 = ORIENTED_EDGE ( 'NONE', *, *, #2287, .F. ) ;
#1693 = EDGE_CURVE ( 'NONE', #1900, #3470, #4576, .T. ) ;
#1692 = CARTESIAN_POINT ( 'NONE',  ( 92.28153846482277345, 0.02548806737131957198, 9.224362302607419295 ) ) ;
#1694 = FACE_BOUND ( 'NONE', #3753, .T. ) ;
#1695 = CARTESIAN_POINT ( 'NONE',  ( 29.15693959501101773, -4.788277924412537523, 5.000000014759959477 ) ) ;
#1696 = CARTESIAN_POINT ( 'NONE',  ( 28.15793388497859695, 46.36387919416232251, 9.266520455294433134 ) ) ;
#1697 = CARTESIAN_POINT ( 'NONE',  ( -12.70000000000000107, 46.39999999999997016, 0.000000000000000000 ) ) ;
#1698 = CARTESIAN_POINT ( 'NONE',  ( 125.3000000000000256, 40.39999999999999147, 0.000000000000000000 ) ) ;
#1699 = DIRECTION ( 'NONE',  ( 1.000000000000000000, 0.000000000000000000, 0.000000000000000000 ) ) ;
#1700 = CARTESIAN_POINT ( 'NONE',  ( 126.3000000000000256, 6.000000000000000000, 10.00000000000000000 ) ) ;
#1701 = ORIENTED_EDGE ( 'NONE', *, *, #4518, .F. ) ;
#1702 = LINE ( 'NONE', #2715, #2242 ) ;
#1703 = DIRECTION ( 'NONE',  ( -1.000000000000000000, 0.000000000000000000, 0.000000000000000000 ) ) ;
#1704 = PRODUCT_DEFINITION_FORMATION_WITH_SPECIFIED_SOURCE ( 'Simétric', '', #1063, .NOT_KNOWN. ) ;
#1705 = ADVANCED_FACE ( 'NONE', ( #1675 ), #3634, .T. ) ;
#1706 = DIRECTION ( 'NONE',  ( 0.000000000000000000, 0.000000000000000000, -1.000000000000000000 ) ) ;
#1707 = DIRECTION ( 'NONE',  ( 0.7071067811865473507, 0.000000000000000000, 0.7071067811865477948 ) ) ;
#1708 = CARTESIAN_POINT ( 'NONE',  ( 26.36500000000004107, 52.65000000000004121, 3.600000000000000089 ) ) ;
#1709 = ORIENTED_EDGE ( 'NONE', *, *, #4632, .T. ) ;
#1710 = CARTESIAN_POINT ( 'NONE',  ( 29.87499690836752819, -3.436992004071655948, 5.432883167384312983 ) ) ;
#1711 = EDGE_CURVE ( 'NONE', #3128, #3058, #4265, .T. ) ;
#1712 = CARTESIAN_POINT ( 'NONE',  ( 91.93212949611569229, 46.37871352017159410, 9.205258449832477652 ) ) ;
#1713 = ORIENTED_EDGE ( 'NONE', *, *, #2496, .F. ) ;
#1714 = CARTESIAN_POINT ( 'NONE',  ( 86.12388139934601838, 48.62764861691312746, 4.979238666733020402 ) ) ;
#1715 = ORIENTED_EDGE ( 'NONE', *, *, #3611, .T. ) ;
#1716 = CARTESIAN_POINT ( 'NONE',  ( 93.55807150990676746, -3.891003703880421938, 4.999999923636774035 ) ) ;
#1717 = CONICAL_SURFACE ( 'NONE', #287, 3.149999999999999911, 0.7853981633974491672 ) ;
#1718 = VECTOR ( 'NONE', #1585, 1000.000000000000000 ) ;
#1719 = B_SPLINE_CURVE_WITH_KNOTS ( 'NONE', 3,
 ( #3612, #1762, #1126, #1809, #1060, #1499, #3239, #742, #1783, #3992, #3568, #1100, #1081, #2934, #3212, #2461 ),
 .UNSPECIFIED., .F., .F.,
 ( 4, 2, 2, 2, 2, 2, 2, 4 ),
 ( 0.000000000000000000, 0.1250000000000000000, 0.2500000000000000000, 0.5000000000000000000, 0.7500000000000000000, 0.8750000000000000000, 0.9375000000000000000, 1.000000000000000000 ),
 .UNSPECIFIED. ) ;
#1720 = CIRCLE ( 'NONE', #2924, 1.000000000000000888 ) ;
#1721 = EDGE_CURVE ( 'NONE', #2558, #3354, #1380, .T. ) ;
#1722 = CARTESIAN_POINT ( 'NONE',  ( 26.47014052450881039, -0.5280067091365614473, 6.344103627558028258 ) ) ;
#1723 = EDGE_LOOP ( 'NONE', ( #2492, #1835, #775, #4292, #3199 ) ) ;
#1724 = DIRECTION ( 'NONE',  ( 0.000000000000000000, 1.000000000000000000, 0.000000000000000000 ) ) ;
#1725 = CARTESIAN_POINT ( 'NONE',  ( 123.3000000000000256, 0.000000000000000000, 10.00000000000000000 ) ) ;
#1726 = ORIENTED_EDGE ( 'NONE', *, *, #4501, .F. ) ;
#1727 = CONICAL_SURFACE ( 'NONE', #444, 3.149999999999999911, 0.7853981633974480570 ) ;
#1728 = VECTOR ( 'NONE', #178, 1000.000000000000000 ) ;
#1729 = DIRECTION ( 'NONE',  ( 1.000000000000000000, 0.000000000000000000, 0.000000000000000000 ) ) ;
#1730 = CARTESIAN_POINT ( 'NONE',  ( 88.31697469964323943, -6.250000000000013323, 3.600000000000000089 ) ) ;
#1731 = CIRCLE ( 'NONE', #10, 1.000000000000000888 ) ;
#1732 = ORIENTED_EDGE ( 'NONE', *, *, #2157, .T. ) ;
#1733 = CARTESIAN_POINT ( 'NONE',  ( 26.36500000000004817, -6.250000000000012434, -8.673617379884035472E-16 ) ) ;
#1734 = AXIS2_PLACEMENT_3D ( 'NONE', #1410, #1854, #410 ) ;
#1735 = LINE ( 'NONE', #3897, #3072 ) ;
#1736 = CIRCLE ( 'NONE', #1365, 6.000000000000005329 ) ;
#1737 = EDGE_CURVE ( 'NONE', #1051, #3563, #3111, .T. ) ;
#1738 = DIRECTION ( 'NONE',  ( 0.000000000000000000, -0.000000000000000000, 1.000000000000000000 ) ) ;
#1739 = CARTESIAN_POINT ( 'NONE',  ( 35.91500000000004178, -1.774217468555771909E-17, 9.096583900478682594 ) ) ;
#1740 = CARTESIAN_POINT ( 'NONE',  ( 87.95697779127864635, -3.436992004073500695, 5.432883167383696588 ) ) ;
#1741 = CARTESIAN_POINT ( 'NONE',  ( 31.29596329205991267, 49.46079940864037638, 4.351784258574356024 ) ) ;
#1742 = CARTESIAN_POINT ( 'NONE',  ( 96.08940475732673292, 50.47595942349267517, 3.836055833570276352 ) ) ;
#1743 = CARTESIAN_POINT ( 'NONE',  ( 91.17567097501780893, 46.93091991331642276, 6.333094687926593913 ) ) ;
#1744 = ORIENTED_EDGE ( 'NONE', *, *, #4604, .T. ) ;
#1745 = DIRECTION ( 'NONE',  ( 1.000000000000000000, 0.000000000000000000, 0.000000000000000000 ) ) ;
#1746 = ORIENTED_EDGE ( 'NONE', *, *, #1094, .T. ) ;
#1747 = CARTESIAN_POINT ( 'NONE',  ( 93.99965422458403452, -0.9627944869297291319, 5.329512187021818725 ) ) ;
#1748 =( BOUNDED_SURFACE ( )  B_SPLINE_SURFACE ( 3, 2, ( 
 ( #97, #822, #1533 ),
 ( #1618, #1935, #4457 ),
 ( #2257, #3711, #3012 ),
 ( #2967, #1223, #864 ),
 ( #4069, #467, #3381 ),
 ( #2648, #1598, #1914 ),
 ( #3757, #887, #4476 ),
 ( #2275, #168, #1243 ),
 ( #139, #1579, #1184 ),
 ( #3030, #486, #4094 ),
 ( #4412, #4046, #4115 ),
 ( #2294, #3731, #119 ),
 ( #4431, #503, #2672 ),
 ( #528, #1983, #4145 ),
 ( #2633, #841, #1965 ),
 ( #2610, #2321, #3340 ),
 ( #1552, #3403, #2988 ),
 ( #189, #3051, #2701 ),
 ( #4496, #2232, #3667 ),
 ( #446, #1894, #3322 ),
 ( #3880, #603, #4599 ),
 ( #2054, #1743, #3854 ),
 ( #2097, #236, #1373 ),
 ( #304, #4187, #991 ),
 ( #626, #210, #4240 ),
 ( #3782, #1013, #2386 ),
 ( #3458, #3833, #3102 ),
 ( #277, #2798, #651 ),
 ( #2823, #2362, #1319 ),
 ( #1342, #1295, #4524 ),
 ( #4167, #3479, #2722 ),
 ( #2075, #3501, #1712 ),
 ( #573, #2745, #4619 ),
 ( #2772, #550, #2442 ),
 ( #3147, #2340, #2003 ),
 ( #3427, #2030, #254 ),
 ( #3527, #1642, #3171 ),
 ( #1393, #916, #3081 ),
 ( #962, #939, #3804 ),
 ( #1669, #2414, #4546 ),
 ( #1688, #3124, #4566 ),
 ( #4218, #3195, #700 ),
 ( #44, #2120, #2161 ),
 ( #3929, #2844, #2491 ) ),
 .UNSPECIFIED., .F., .F., .F. ) 
 B_SPLINE_SURFACE_WITH_KNOTS ( ( 4, 2, 2, 2, 2, 2, 2, 2, 2, 2, 2, 2, 2, 2, 2, 2, 2, 2, 2, 2, 2, 4 ),
 ( 3, 3 ),
 ( 0.005318734795262207091, 0.006118152410070834893, 0.006917570024879463562, 0.007317278832283778331, 0.007517133235985935281, 0.007716987639688092232, 0.007916842043390250050, 0.008116696447092406133, 0.008216623648943485042, 0.008316550850794562216, 0.008416478052645641125, 0.008516405254496720034, 0.008616332456347798943, 0.008716259658198877852, 0.008816186860049955026, 0.008916114061901033935, 0.009115968465603190019, 0.009315822869305347836, 0.009715531676709661738, 0.01011524048411397564, 0.01091465809892260344, 0.01171407571373123298 ),
 ( 0.000000000000000000, 1.000000000000000000 ),
 .UNSPECIFIED. ) 
 GEOMETRIC_REPRESENTATION_ITEM ( )  RATIONAL_B_SPLINE_SURFACE ( (
 ( 1.000000000000000000, 0.8017837257372726345, 1.000000000000000000),
 ( 1.000000000000000000, 0.8040475589151775404, 1.000000000000000000),
 ( 1.000000000000000000, 0.8057983743422945100, 1.000000000000000000),
 ( 1.000000000000000000, 0.8091717858401459296, 1.000000000000000000),
 ( 1.000000000000000000, 0.8106774386254781417, 1.000000000000000000),
 ( 1.000000000000000000, 0.8150772695556167680, 1.000000000000000000),
 ( 1.000000000000000000, 0.8169137669685663239, 1.000000000000000000),
 ( 1.000000000000000000, 0.8211628589654658139, 1.000000000000000000),
 ( 1.000000000000000000, 0.8228351564826992259, 1.000000000000000000),
 ( 1.000000000000000000, 0.8270031150926131502, 1.000000000000000000),
 ( 1.000000000000000000, 0.8294958006882857671, 1.000000000000000000),
 ( 1.000000000000000000, 0.8358059643835258345, 1.000000000000000000),
 ( 1.000000000000000000, 0.8396247735615881558, 1.000000000000000000),
 ( 1.000000000000000000, 0.8493411798883804265, 1.000000000000000000),
 ( 1.000000000000000000, 0.8552884053576456092, 1.000000000000000000),
 ( 1.000000000000000000, 0.8661628951898507900, 1.000000000000000000),
 ( 1.000000000000000000, 0.8701115422145200284, 1.000000000000000000),
 ( 1.000000000000000000, 0.8783756839664885741, 1.000000000000000000),
 ( 1.000000000000000000, 0.8827068171291538867, 1.000000000000000000),
 ( 1.000000000000000000, 0.8908061153907776974, 1.000000000000000000),
 ( 1.000000000000000000, 0.8945150659083980216, 1.000000000000000000),
 ( 1.000000000000000000, 0.8995030287352421272, 1.000000000000000000),
 ( 1.000000000000000000, 0.9007224061781536895, 1.000000000000000000),
 ( 1.000000000000000000, 0.8998088183108171600, 1.000000000000000000),
 ( 1.000000000000000000, 0.8976814737159508617, 1.000000000000000000),
 ( 1.000000000000000000, 0.8913358924711574094, 1.000000000000000000),
 ( 1.000000000000000000, 0.8872725851537911490, 1.000000000000000000),
 ( 1.000000000000000000, 0.8789651812849867962, 1.000000000000000000),
 ( 1.000000000000000000, 0.8747161794271878232, 1.000000000000000000),
 ( 1.000000000000000000, 0.8667296693001592667, 1.000000000000000000),
 ( 1.000000000000000000, 0.8629777373444607047, 1.000000000000000000),
 ( 1.000000000000000000, 0.8526932213243665348, 1.000000000000000000),
 ( 1.000000000000000000, 0.8471317010447964035, 1.000000000000000000),
 ( 1.000000000000000000, 0.8380201226001631198, 1.000000000000000000),
 ( 1.000000000000000000, 0.8344350981098713760, 1.000000000000000000),
 ( 1.000000000000000000, 0.8255224057443504293, 1.000000000000000000),
 ( 1.000000000000000000, 0.8219458382683947351, 1.000000000000000000),
 ( 1.000000000000000000, 0.8165369904361944320, 1.000000000000000000),
 ( 1.000000000000000000, 0.8147677467232826709, 1.000000000000000000),
 ( 1.000000000000000000, 0.8105295808099787225, 1.000000000000000000),
 ( 1.000000000000000000, 0.8090523784633454341, 1.000000000000000000),
 ( 1.000000000000000000, 0.8057463830417302963, 1.000000000000000000),
 ( 1.000000000000000000, 0.8040393906496524634, 1.000000000000000000),
 ( 1.000000000000000000, 0.8017837257372729676, 1.000000000000000000) ) ) 
 REPRESENTATION_ITEM ( '' )  SURFACE ( )  );
#1749 = EDGE_CURVE ( 'NONE', #353, #1296, #2816, .T. ) ;
#1750 = CARTESIAN_POINT ( 'NONE',  ( 27.62179385775548113, 0.03070238788359411913, 9.245965674181734428 ) ) ;
#1751 = VERTEX_POINT ( 'NONE', #1868 ) ;
#1752 = DIRECTION ( 'NONE',  ( 0.000000000000000000, 0.000000000000000000, 1.000000000000000000 ) ) ;
#1753 = ORIENTED_EDGE ( 'NONE', *, *, #3100, .T. ) ;
#1754 = ADVANCED_FACE ( 'NONE', ( #3578 ), #4004, .T. ) ;
#1755 = DIRECTION ( 'NONE',  ( -0.000000000000000000, -0.000000000000000000, 1.000000000000000000 ) ) ;
#1756 = LINE ( 'NONE', #692, #1950 ) ;
#1757 = LINE ( 'NONE', #335, #3528 ) ;
#1758 = EDGE_LOOP ( 'NONE', ( #2758, #1600, #1395 ) ) ;
#1759 = CARTESIAN_POINT ( 'NONE',  ( 23.21500000000004960, 52.65000000000004121, 3.600000000000000089 ) ) ;
#1760 = DIRECTION ( 'NONE',  ( -0.000000000000000000, -0.000000000000000000, 1.000000000000000000 ) ) ;
#1761 = CARTESIAN_POINT ( 'NONE',  ( 89.76697469964324227, -6.250000000000013323, 5.000000000000000000 ) ) ;
#1762 = CARTESIAN_POINT ( 'NONE',  ( 30.91500000000004178, -4.476699331114904368, 3.698366727380464791 ) ) ;
#1763 = DIRECTION ( 'NONE',  ( 0.000000000000000000, 0.000000000000000000, -1.000000000000000000 ) ) ;
#1764 = CARTESIAN_POINT ( 'NONE',  ( 33.29458686581835281, 47.10184921491674714, 7.082355151647142577 ) ) ;
#1765 = CARTESIAN_POINT ( 'NONE',  ( 30.91500000000004178, -4.476699331114904368, 3.698366727380464791 ) ) ;
#1766 = VECTOR ( 'NONE', #4047, 1000.000000000000000 ) ;
#1767 = ORIENTED_EDGE ( 'NONE', *, *, #796, .T. ) ;
#1768 = DIRECTION ( 'NONE',  ( -0.000000000000000000, -0.000000000000000000, 1.000000000000000000 ) ) ;
#1769 = ORIENTED_EDGE ( 'NONE', *, *, #945, .F. ) ;
#1770 = CARTESIAN_POINT ( 'NONE',  ( 91.57211522415288130, -0.5280067091365594489, 6.344103627558017600 ) ) ;
#1771 = EDGE_CURVE ( 'NONE', #2328, #234, #755, .T. ) ;
#1772 = CARTESIAN_POINT ( 'NONE',  ( 129.3000000000000398, 6.000000000000000000, 9.000000000000001776 ) ) ;
#1773 = ORIENTED_EDGE ( 'NONE', *, *, #2496, .T. ) ;
#1774 = CARTESIAN_POINT ( 'NONE',  ( 90.17437674953708893, 0.03122399373453678753, 9.248130669979017782 ) ) ;
#1775 = ORIENTED_EDGE ( 'NONE', *, *, #2744, .F. ) ;
#1776 = DIRECTION ( 'NONE',  ( 1.000000000000000000, 0.000000000000000000, 0.000000000000000000 ) ) ;
#1777 = EDGE_CURVE ( 'NONE', #3727, #709, #255, .T. ) ;
#1778 = CARTESIAN_POINT ( 'NONE',  ( 91.46697469964324512, -6.250000000000009770, 5.000000000000000000 ) ) ;
#1779 = ORIENTED_EDGE ( 'NONE', *, *, #337, .T. ) ;
#1780 = CARTESIAN_POINT ( 'NONE',  ( 26.88237686420824346, 46.37813469802354405, 9.208454547117232991 ) ) ;
#1781 = ADVANCED_FACE ( 'NONE', ( #3601 ), #77, .T. ) ;
#1782 = DIRECTION ( 'NONE',  ( -0.000000000000000000, -0.000000000000000000, 1.000000000000000000 ) ) ;
#1783 = CARTESIAN_POINT ( 'NONE',  ( 33.29458686581534010, -0.7018492149181557727, 7.082355151647883318 ) ) ;
#1784 = CARTESIAN_POINT ( 'NONE',  ( 86.40165411412822039, -2.661722311567711330, 5.775813378228916051 ) ) ;
#1785 = CARTESIAN_POINT ( 'NONE',  ( 35.03109324248823953, 46.47485810325690636, 8.716407524614362856 ) ) ;
#1786 = LINE ( 'NONE', #3969, #799 ) ;
#1787 = AXIS2_PLACEMENT_3D ( 'NONE', #4465, #155, #1523 ) ;
#1788 = CARTESIAN_POINT ( 'NONE',  ( 88.31697469964319680, 51.53398452777013006, 5.027540533814195634 ) ) ;
#1789 = ORIENTED_EDGE ( 'NONE', *, *, #618, .F. ) ;
#1790 = CARTESIAN_POINT ( 'NONE',  ( 28.90816112252793246, 47.36908225749723300, 5.321761915396526099 ) ) ;
#1791 = FACE_OUTER_BOUND ( 'NONE', #1421, .T. ) ;
#1792 = ORIENTED_EDGE ( 'NONE', *, *, #450, .T. ) ;
#1793 = CARTESIAN_POINT ( 'NONE',  ( 89.97043812351303416, -0.6267874382611374751, 6.009412835926490892 ) ) ;
#1794 = CARTESIAN_POINT ( 'NONE',  ( 25.08516544258149850, 0.03095704086455231679, 9.246965285795537781 ) ) ;
#1795 = VERTEX_POINT ( 'NONE', #32 ) ;
#1796 = CARTESIAN_POINT ( 'NONE',  ( 86.91697469964320533, 52.65000000000004121, 5.000000000000000000 ) ) ;
#1797 = CIRCLE ( 'NONE', #807, 7.400000000000000355 ) ;
#1798 = ORIENTED_EDGE ( 'NONE', *, *, #50, .T. ) ;
#1799 = CIRCLE ( 'NONE', #362, 1.400000000000000133 ) ;
#1800 = CIRCLE ( 'NONE', #1125, 1.400000000000000133 ) ;
#1801 = DIRECTION ( 'NONE',  ( -0.000000000000000000, 0.000000000000000000, 1.000000000000000000 ) ) ;
#1802 = CARTESIAN_POINT ( 'NONE',  ( 100.6775337379242217, 0.04168507541347032941, 9.285714027157903061 ) ) ;
#1803 = DIRECTION ( 'NONE',  ( 0.000000000000000000, 1.000000000000000000, 0.000000000000000000 ) ) ;
#1804 = VERTEX_POINT ( 'NONE', #2920 ) ;
#1805 = FACE_OUTER_BOUND ( 'NONE', #1017, .T. ) ;
#1806 = CIRCLE ( 'NONE', #2033, 4.549999999999998934 ) ;
#1807 = EDGE_CURVE ( 'NONE', #2829, #267, #3323, .T. ) ;
#1808 = AXIS2_PLACEMENT_3D ( 'NONE', #4558, #1331, #2757 ) ;
#1809 = CARTESIAN_POINT ( 'NONE',  ( 31.17525814932445627, -3.366095562032513477, 4.160209839791261466 ) ) ;
#1810 = CARTESIAN_POINT ( 'NONE',  ( 82.46216660860372372, -0.02498561500679243735, 9.067798870450110016 ) ) ;
#1811 = AXIS2_PLACEMENT_3D ( 'NONE', #3191, #2885, #3967 ) ;
#1812 = EDGE_CURVE ( 'NONE', #2513, #3354, #3623, .T. ) ;
#1813 = DIRECTION ( 'NONE',  ( 1.000000000000000000, 0.000000000000000000, 0.000000000000000000 ) ) ;
#1814 = ORIENTED_EDGE ( 'NONE', *, *, #3426, .F. ) ;
#1815 = DIRECTION ( 'NONE',  ( -1.000000000000000000, 0.000000000000000000, 0.000000000000000000 ) ) ;
#1816 = CARTESIAN_POINT ( 'NONE',  ( 29.51500000000004675, -6.250000000000008882, 5.000000000000000000 ) ) ;
#1817 = EDGE_LOOP ( 'NONE', ( #3172, #1587, #1285, #31 ) ) ;
#1818 = CARTESIAN_POINT ( 'NONE',  ( 90.31196788914185447, -3.308516185696897427, 5.000000256610321436 ) ) ;
#1819 = LINE ( 'NONE', #1266, #433 ) ;
#1820 = EDGE_LOOP ( 'NONE', ( #3653, #2315, #3836, #2973 ) ) ;
#1821 = CARTESIAN_POINT ( 'NONE',  ( 126.3000000000000256, 40.39999999999999147, 10.00000000000000000 ) ) ;
#1822 = VERTEX_POINT ( 'NONE', #3957 ) ;
#1823 = FACE_OUTER_BOUND ( 'NONE', #1869, .T. ) ;
#1824 = CARTESIAN_POINT ( 'NONE',  ( 86.91697469964320533, 52.65000000000004121, 5.000000000000000000 ) ) ;
#1825 = CARTESIAN_POINT ( 'NONE',  ( 99.01431756343126267, -0.4037697134341918237, 8.172133052151600907 ) ) ;
#1826 = CARTESIAN_POINT ( 'NONE',  ( -12.70000000000000107, 40.39999999999997016, 10.00000000000000000 ) ) ;
#1827 = EDGE_LOOP ( 'NONE', ( #2055, #438, #3591, #135 ) ) ;
#1828 = FACE_OUTER_BOUND ( 'NONE', #4171, .T. ) ;
#1829 = ADVANCED_FACE ( 'NONE', ( #1466 ), #2589, .T. ) ;
#1830 = DIRECTION ( 'NONE',  ( 1.000000000000000000, 0.000000000000000000, 0.000000000000000000 ) ) ;
#1831 = CARTESIAN_POINT ( 'NONE',  ( 82.25641566136103222, 0.04168507541366352209, 9.285714027158551431 ) ) ;
#1832 = CARTESIAN_POINT ( 'NONE',  ( 24.66500000000005244, 52.65000000000004121, 3.549999999999996714 ) ) ;
#1833 = DIRECTION ( 'NONE',  ( 1.000000000000000000, 0.000000000000000000, -0.000000000000000000 ) ) ;
#1834 = EDGE_CURVE ( 'NONE', #1051, #4549, #351, .T. ) ;
#1835 = ORIENTED_EDGE ( 'NONE', *, *, #2663, .T. ) ;
#1836 = DIRECTION ( 'NONE',  ( -0.000000000000000000, -0.000000000000000000, -1.000000000000000000 ) ) ;
#1837 = CARTESIAN_POINT ( 'NONE',  ( 96.39793799170307409, 49.46079940864040481, 4.351784258573983877 ) ) ;
#1838 = ORIENTED_EDGE ( 'NONE', *, *, #4193, .T. ) ;
#1839 = CARTESIAN_POINT ( 'NONE',  ( 91.20329731560811126, -0.5302268970230861189, 6.335812432922464765 ) ) ;
#1840 = CARTESIAN_POINT ( 'NONE',  ( 30.91500000000004533, 52.65000000000004121, 3.600000000000000089 ) ) ;
#1841 = AXIS2_PLACEMENT_3D ( 'NONE', #868, #2300, #2680 ) ;
#1842 = CARTESIAN_POINT ( 'NONE',  ( 23.95650356869220232, -4.207305468041512952, 5.000000127044506470 ) ) ;
#1843 = EDGE_CURVE ( 'NONE', #234, #547, #3982, .T. ) ;
#1844 = ORIENTED_EDGE ( 'NONE', *, *, #4423, .F. ) ;
#1845 = DIRECTION ( 'NONE',  ( 1.000000000000000000, 0.000000000000000000, 0.000000000000000000 ) ) ;
#1846 = AXIS2_PLACEMENT_3D ( 'NONE', #4525, #2468, #1344 ) ;
#1847 = EDGE_LOOP ( 'NONE', ( #839, #2259, #220, #3303 ) ) ;
#1848 = FACE_OUTER_BOUND ( 'NONE', #2809, .T. ) ;
#1849 = PLANE ( 'NONE',  #1192 ) ;
#1850 = CARTESIAN_POINT ( 'NONE',  ( 81.91697469964323375, 0.000000000000000000, 0.000000000000000000 ) ) ;
#1851 = DIRECTION ( 'NONE',  ( -0.000000000000000000, -0.000000000000000000, -1.000000000000000000 ) ) ;
#1852 = ORIENTED_EDGE ( 'NONE', *, *, #3117, .T. ) ;
#1853 = CARTESIAN_POINT ( 'NONE',  ( 81.91697469964319112, 51.39999999999997726, 0.000000000000000000 ) ) ;
#1854 = DIRECTION ( 'NONE',  ( 0.000000000000000000, 0.000000000000000000, 1.000000000000000000 ) ) ;
#1855 = EDGE_CURVE ( 'NONE', #2328, #1685, #2508, .T. ) ;
#1856 = CARTESIAN_POINT ( 'NONE',  ( 16.81500000000006523, 46.39999999999997016, 9.000000000000024869 ) ) ;
#1857 = CARTESIAN_POINT ( 'NONE',  ( 88.31697462543343136, 50.99103446761319702, 5.079742220925874463 ) ) ;
#1858 = B_SPLINE_CURVE_WITH_KNOTS ( 'NONE', 3,
 ( #4467, #3769, #1994, #3065 ),
 .UNSPECIFIED., .F., .F.,
 ( 4, 4 ),
 ( 0.000000000000000000, 1.000000000000000000 ),
 .UNSPECIFIED. ) ;
#1859 = ORIENTED_EDGE ( 'NONE', *, *, #1273, .T. ) ;
#1860 = DIRECTION ( 'NONE',  ( 1.000000000000000000, 0.000000000000000000, 0.000000000000000000 ) ) ;
#1861 = CARTESIAN_POINT ( 'NONE',  ( -12.70000000000000107, 40.39999999999997016, 10.00000000000000000 ) ) ;
#1862 = VERTEX_POINT ( 'NONE', #1821 ) ;
#1863 = CARTESIAN_POINT ( 'NONE',  ( 90.75320531913396849, 0.02425933529170501424, 9.218956272664888374 ) ) ;
#1864 = AXIS2_PLACEMENT_3D ( 'NONE', #4614, #3925, #4591 ) ;
#1865 = EDGE_CURVE ( 'NONE', #3257, #353, #2361, .T. ) ;
#1866 = CARTESIAN_POINT ( 'NONE',  ( 23.30799772653944046, -5.487513069920790798, 4.999999999818276031 ) ) ;
#1867 = ORIENTED_EDGE ( 'NONE', *, *, #1408, .T. ) ;
#1868 = CARTESIAN_POINT ( 'NONE',  ( 101.0169746996432139, 46.39999999999999147, 0.000000000000000000 ) ) ;
#1869 = EDGE_LOOP ( 'NONE', ( #628, #551, #866, #1045 ) ) ;
#1870 = DIRECTION ( 'NONE',  ( 0.000000000000000000, 0.000000000000000000, -1.000000000000000000 ) ) ;
#1871 = ADVANCED_FACE ( 'NONE', ( #13 ), #774, .F. ) ;
#1872 = VECTOR ( 'NONE', #1940, 1000.000000000000000 ) ;
#1873 = DIRECTION ( 'NONE',  ( -2.312964634635742661E-15, 0.000000000000000000, 1.000000000000000000 ) ) ;
#1874 = CARTESIAN_POINT ( 'NONE',  ( 100.4717827906844150, -0.02498561500674450001, 9.067798870449248483 ) ) ;
#1875 = CARTESIAN_POINT ( 'NONE',  ( 92.75957264974937289, 46.36877600626545615, 9.248130669979014229 ) ) ;
#1876 = CARTESIAN_POINT ( 'NONE',  ( 23.21500000000004960, -5.708203932499369415, 5.000000000000000000 ) ) ;
#1877 = ORIENTED_EDGE ( 'NONE', *, *, #1008, .F. ) ;
#1878 = DIRECTION ( 'NONE',  ( 2.111225325732422144E-16, -1.000000000000000000, 0.000000000000000000 ) ) ;
#1879 = VECTOR ( 'NONE', #521, 1000.000000000000000 ) ;
#1880 = CARTESIAN_POINT ( 'NONE',  ( 91.20853865364026092, 46.38206217549485189, 9.188557375276278805 ) ) ;
#1881 = AXIS2_PLACEMENT_3D ( 'NONE', #3990, #2202, #1473 ) ;
#1882 = AXIS2_PLACEMENT_3D ( 'NONE', #3710, #165, #4141 ) ;
#1883 = FACE_OUTER_BOUND ( 'NONE', #1820, .T. ) ;
#1884 = CARTESIAN_POINT ( 'NONE',  ( 96.01697469964324227, -6.250000000000014211, 5.000000000000000000 ) ) ;
#1885 = VECTOR ( 'NONE', #1530, 1000.000000000000000 ) ;
#1886 = CIRCLE ( 'NONE', #3078, 1.699999999999996625 ) ;
#1887 = CARTESIAN_POINT ( 'NONE',  ( 35.03109324248885770, -0.07485810325684490174, 8.716407524614467661 ) ) ;
#1888 = CIRCLE ( 'NONE', #514, 1.400000000000000133 ) ;
#1889 = ORIENTED_EDGE ( 'NONE', *, *, #368, .F. ) ;
#1890 = CARTESIAN_POINT ( 'NONE',  ( 23.21500000000004960, 52.65000000000004121, 5.000000000000000888 ) ) ;
#1891 = CARTESIAN_POINT ( 'NONE',  ( 91.46697469964321670, 52.65000000000004121, -8.673617379884035472E-16 ) ) ;
#1892 = ORIENTED_EDGE ( 'NONE', *, *, #472, .T. ) ;
#1893 = CARTESIAN_POINT ( 'NONE',  ( 90.53717449215112367, -0.5625531320372896271, 6.218644564911219419 ) ) ;
#1894 = CARTESIAN_POINT ( 'NONE',  ( 90.66906810787398285, 46.95299010119609306, 6.252420288674201743 ) ) ;
#1895 = CARTESIAN_POINT ( 'NONE',  ( -18.70000000000000284, 6.000000000000000000, 9.000000000000001776 ) ) ;
#1896 = VERTEX_POINT ( 'NONE', #1895 ) ;
#1897 = CARTESIAN_POINT ( 'NONE',  ( 21.81500000000005102, 52.65000000000004121, 5.000000000000000000 ) ) ;
#1898 = CARTESIAN_POINT ( 'NONE',  ( 35.91500000000004178, 46.39999999999997726, 9.000000000000001776 ) ) ;
#1899 = CARTESIAN_POINT ( 'NONE',  ( 88.31697469964323943, -6.250000000000009770, 5.000000000000000000 ) ) ;
#1900 = VERTEX_POINT ( 'NONE', #99 ) ;
#1901 = EDGE_CURVE ( 'NONE', #1804, #797, #1535, .T. ) ;
#1902 = CARTESIAN_POINT ( 'NONE',  ( 90.43335197250729607, 46.37184162341591076, 9.236060913608341139 ) ) ;
#1903 = DIRECTION ( 'NONE',  ( -1.000000000000000000, 4.956448396240257567E-16, -1.662443331144429351E-15 ) ) ;
#1904 = EDGE_CURVE ( 'NONE', #4549, #2106, #546, .T. ) ;
#1905 = DIRECTION ( 'NONE',  ( -0.000000000000000000, -0.000000000000000000, 1.000000000000000000 ) ) ;
#1906 = CARTESIAN_POINT ( 'NONE',  ( 23.21500000000005670, 51.53398452777011585, 5.027540533814196522 ) ) ;
#1907 = CARTESIAN_POINT ( 'NONE',  ( 26.36500000000004817, 52.65000000000004121, 3.549999999999996714 ) ) ;
#1908 = ORIENTED_EDGE ( 'NONE', *, *, #1453, .F. ) ;
#1909 = CARTESIAN_POINT ( 'NONE',  ( 18.67263624768441233, -0.1958929156052022502, 8.619305215998748437 ) ) ;
#1910 = LINE ( 'NONE', #2983, #2107 ) ;
#1911 = EDGE_LOOP ( 'NONE', ( #3792, #1114, #942, #2540 ) ) ;
#1912 = DIRECTION ( 'NONE',  ( -1.000000000000000000, -1.206787435606313069E-15, -0.000000000000000000 ) ) ;
#1913 = CYLINDRICAL_SURFACE ( 'NONE', #4273, 5.999999999999998224 ) ;
#1914 = CARTESIAN_POINT ( 'NONE',  ( 90.08240548304378592, 46.36790651914910200, 9.251360159499419922 ) ) ;
#1915 = DIRECTION ( 'NONE',  ( -0.000000000000000000, 1.000000000000000000, -0.000000000000000000 ) ) ;
#1916 = ORIENTED_EDGE ( 'NONE', *, *, #253, .T. ) ;
#1917 = EDGE_CURVE ( 'NONE', #2165, #2234, #935, .T. ) ;
#1918 = CIRCLE ( 'NONE', #2144, 5.000000000000000888 ) ;
#1919 = CARTESIAN_POINT ( 'NONE',  ( 29.46805607768231283, -5.708203932499376521, 4.999999999999999112 ) ) ;
#1920 = CARTESIAN_POINT ( 'NONE',  ( 23.62886314195462489, 47.48749656182520340, 5.189011463376483668 ) ) ;
#1921 = ORIENTED_EDGE ( 'NONE', *, *, #1988, .T. ) ;
#1922 = EDGE_CURVE ( 'NONE', #2228, #848, #3067, .T. ) ;
#1923 = CARTESIAN_POINT ( 'NONE',  ( 23.21500000000004249, -5.708203932499369415, 3.599999999999999201 ) ) ;
#1924 = DIRECTION ( 'NONE',  ( 0.000000000000000000, 0.000000000000000000, -1.000000000000000000 ) ) ;
#1925 =( BOUNDED_SURFACE ( )  B_SPLINE_SURFACE ( 2, 3, ( 
 ( #623, #2768, #4214, #2743, #648, #4239, #3121, #2412, #2095, #3803, #960, #3524, #601, #1742, #1686, #3499 ),
 ( #2073, #2051, #2720, #3477, #252, #3793, #2351, #2734, #2286, #1233, #2661, #1253, #1213, #4446, #1630, #4080 ),
 ( #2640, #2685, #156, #1607, #3042, #1589, #4535, #1306, #1657, #4104, #561, #873, #3740, #852, #223, #3442 ) ),
 .UNSPECIFIED., .F., .F., .F. ) 
 B_SPLINE_SURFACE_WITH_KNOTS ( ( 3, 3 ),
 ( 4, 2, 2, 2, 2, 2, 2, 4 ),
 ( 0.000000000000000000, 1.000000000000000000 ),
 ( 0.000000000000000000, 0.0006427307277335916978, 0.001285461455467183396, 0.002570922910934366791, 0.005141845821868733582, 0.007712768732803100373, 0.008998230188270284202, 0.01028369164373746716 ),
 .UNSPECIFIED. ) 
 GEOMETRIC_REPRESENTATION_ITEM ( )  RATIONAL_B_SPLINE_SURFACE ( (
 ( 1.000000000000000000, 1.000000000000000000, 1.000000000000000000, 1.000000000000000000, 1.000000000000000000, 1.000000000000000000, 1.000000000000000000, 1.000000000000000000, 1.000000000000000000, 1.000000000000000000, 1.000000000000000000, 1.000000000000000000, 1.000000000000000000, 1.000000000000000000, 1.000000000000000000, 1.000000000000000000),
 ( 0.9895238368780989724, 0.9894255275013195128, 0.9876140079640303160, 0.9826890182792658024, 0.9795074006085068286, 0.9685053220528775375, 0.9592048874235273859, 0.9272361658431598208, 0.9004258755106372414, 0.8416830905381479377, 0.8094360125433555098, 0.7632568035510671756, 0.7482222592940533934, 0.7222236534432360244, 0.7110400930584301893, 0.7071067811865476838),
 ( 1.000000000000000000, 1.000000000000000000, 1.000000000000000000, 1.000000000000000000, 1.000000000000000000, 1.000000000000000000, 1.000000000000000000, 1.000000000000000000, 1.000000000000000000, 1.000000000000000000, 1.000000000000000000, 1.000000000000000000, 1.000000000000000000, 1.000000000000000000, 1.000000000000000000, 1.000000000000000000) ) ) 
 REPRESENTATION_ITEM ( '' )  SURFACE ( )  );
#1926 = DIRECTION ( 'NONE',  ( 1.000000000000000000, 0.000000000000000000, 0.000000000000000000 ) ) ;
#1927 = CARTESIAN_POINT ( 'NONE',  ( 17.78536956003059544, 46.48959483566189022, 8.886104278001715429 ) ) ;
#1928 = CARTESIAN_POINT ( 'NONE',  ( 28.77349643130754586, 50.60730546804114738, 5.000000127044503806 ) ) ;
#1929 = ADVANCED_FACE ( 'NONE', ( #4435 ), #2322, .T. ) ;
#1930 = CARTESIAN_POINT ( 'NONE',  ( 35.63212175352266087, -8.673617379884035472E-16, 8.999999698238138279 ) ) ;
#1931 = DIRECTION ( 'NONE',  ( -0.7071067811865473507, 8.659560562354931626E-17, 0.7071067811865477948 ) ) ;
#1932 = DIRECTION ( 'NONE',  ( 0.000000000000000000, -1.000000000000000000, 0.000000000000000000 ) ) ;
#1933 = ORIENTED_EDGE ( 'NONE', *, *, #1904, .T. ) ;
#1934 = PLANE ( 'NONE',  #4208 ) ;
#1935 = CARTESIAN_POINT ( 'NONE',  ( 88.42915466538677549, 47.62605177973281911, 5.033595346803973136 ) ) ;
#1936 = VERTEX_POINT ( 'NONE', #1937 ) ;
#1937 = CARTESIAN_POINT ( 'NONE',  ( -12.70000000000000107, 1.000000000000000000, 10.00000000000000000 ) ) ;
#1938 = ORIENTED_EDGE ( 'NONE', *, *, #3666, .T. ) ;
#1939 = EDGE_CURVE ( 'NONE', #4504, #4117, #120, .T. ) ;
#1940 = DIRECTION ( 'NONE',  ( -0.000000000000000000, -0.000000000000000000, 1.000000000000000000 ) ) ;
#1941 = CARTESIAN_POINT ( 'NONE',  ( 26.11612722044713664, 46.38090147511250905, 9.194510910237706725 ) ) ;
#1942 = ORIENTED_EDGE ( 'NONE', *, *, #612, .F. ) ;
#1943 = LINE ( 'NONE', #2266, #205 ) ;
#1944 = CARTESIAN_POINT ( 'NONE',  ( 18.35639516445572994, -0.2318187177960634726, 8.211755662395002986 ) ) ;
#1945 = CARTESIAN_POINT ( 'NONE',  ( 6.000000000000005329, 45.39999999999997016, 10.00000000000000000 ) ) ;
#1946 = AXIS2_PLACEMENT_3D ( 'NONE', #232, #2437, #4540 ) ;
#1947 = CARTESIAN_POINT ( 'NONE',  ( 17.87688656590975356, -0.03505845609259117257, 9.044672882760520949 ) ) ;
#1948 = AXIS2_PLACEMENT_3D ( 'NONE', #372, #4385, #1815 ) ;
#1949 = DIRECTION ( 'NONE',  ( 0.000000000000000000, 0.000000000000000000, -1.000000000000000000 ) ) ;
#1950 = VECTOR ( 'NONE', #543, 1000.000000000000000 ) ;
#1951 = CARTESIAN_POINT ( 'NONE',  ( 17.41045056033625116, 46.37968392220742686, 9.213399254569779373 ) ) ;
#1952 = EDGE_CURVE ( 'NONE', #1005, #1022, #1645, .T. ) ;
#1953 = CARTESIAN_POINT ( 'NONE',  ( 28.44285442158018640, 50.27782691935512105, 5.000000118005801575 ) ) ;
#1954 = AXIS2_PLACEMENT_3D ( 'NONE', #3610, #386, #2907 ) ;
#1955 = VECTOR ( 'NONE', #955, 1000.000000000000000 ) ;
#1956 = CARTESIAN_POINT ( 'NONE',  ( 34.08991467610130144, -0.3358570077916475660, 7.928613950768414576 ) ) ;
#1957 = CARTESIAN_POINT ( 'NONE',  ( 23.21499992579912330, -4.591034467613472003, 5.079742220925846929 ) ) ;
#1958 = DIRECTION ( 'NONE',  ( 0.000000000000000000, 0.000000000000000000, -1.000000000000000000 ) ) ;
#1959 = ORIENTED_EDGE ( 'NONE', *, *, #3015, .F. ) ;
#1960 = CONICAL_SURFACE ( 'NONE', #296, 3.149999999999999911, 0.7853981633974491672 ) ;
#1962 = EDGE_CURVE ( 'NONE', #2626, #2918, #1205, .T. ) ;
#1961 = FACE_OUTER_BOUND ( 'NONE', #2191, .T. ) ;
#1963 = AXIS2_PLACEMENT_3D ( 'NONE', #3028, #1981, #2631 ) ;
#1964 = VECTOR ( 'NONE', #1028, 1000.000000000000000 ) ;
#1965 = CARTESIAN_POINT ( 'NONE',  ( 91.02789935029308310, 46.37900965277913912, 9.203840687703909396 ) ) ;
#1966 = DIRECTION ( 'NONE',  ( 0.000000000000000000, 0.000000000000000000, -1.000000000000000000 ) ) ;
#1967 = ORIENTED_EDGE ( 'NONE', *, *, #4062, .T. ) ;
#1968 = CARTESIAN_POINT ( 'NONE',  ( 17.87070437003801615, 46.50987206391030782, 8.595321593667437199 ) ) ;
#1969 = AXIS2_PLACEMENT_3D ( 'NONE', #3903, #1454, #675 ) ;
#1970 = CARTESIAN_POINT ( 'NONE',  ( 94.61697469964323659, -5.133984527770151907, 5.027540533814194745 ) ) ;
#1971 = CARTESIAN_POINT ( 'NONE',  ( 26.76265220114797927, 49.51282589881941476, 5.000000024983305202 ) ) ;
#1972 = VERTEX_POINT ( 'NONE', #1268 ) ;
#1973 = EDGE_CURVE ( 'NONE', #959, #113, #3358, .T. ) ;
#1974 = CARTESIAN_POINT ( 'NONE',  ( 94.61697469964320817, 52.65000000000004121, 5.000000000000000888 ) ) ;
#1975 = FACE_OUTER_BOUND ( 'NONE', #1298, .T. ) ;
#1976 = DIRECTION ( 'NONE',  ( 0.000000000000000000, 0.000000000000000000, 1.000000000000000000 ) ) ;
#1977 = CARTESIAN_POINT ( 'NONE',  ( 34.37360483554481050, -0.2318187177959533940, 8.211755662393345645 ) ) ;
#1978 = CARTESIAN_POINT ( 'NONE',  ( 101.0169746996432423, 0.000000000000000000, 9.000000000000001776 ) ) ;
#1979 = DIRECTION ( 'NONE',  ( -1.000000000000000000, 0.000000000000000000, 0.000000000000000000 ) ) ;
#1980 = LINE ( 'NONE', #911, #435 ) ;
#1981 = DIRECTION ( 'NONE',  ( 0.000000000000000000, 0.000000000000000000, 1.000000000000000000 ) ) ;
#1982 = ADVANCED_FACE ( 'NONE', ( #843 ), #141, .F. ) ;
#1983 = CARTESIAN_POINT ( 'NONE',  ( 89.60193686216022968, 47.09768612968830581, 5.811258955977408824 ) ) ;
#1984 = ORIENTED_EDGE ( 'NONE', *, *, #2335, .T. ) ;
#1985 = LINE ( 'NONE', #1553, #2891 ) ;
#1986 = ORIENTED_EDGE ( 'NONE', *, *, #932, .T. ) ;
#1987 = CARTESIAN_POINT ( 'NONE',  ( 26.36500000000004817, -6.250000000000012434, 5.000000000000000888 ) ) ;
#1988 = EDGE_CURVE ( 'NONE', #498, #1822, #2735, .T. ) ;
#1989 = CARTESIAN_POINT ( 'NONE',  ( 23.46101130168129956, 51.42862864625114838, 4.999999997591316969 ) ) ;
#1990 = ORIENTED_EDGE ( 'NONE', *, *, #3698, .T. ) ;
#1991 = PRODUCT_CONTEXT ( 'NONE', #4280, 'mechanical' ) ;
#1992 = DIRECTION ( 'NONE',  ( 0.7071067811865482389, 0.000000000000000000, 0.7071067811865469066 ) ) ;
#1993 = AXIS2_PLACEMENT_3D ( 'NONE', #3429, #2277, #3341 ) ;
#1994 = CARTESIAN_POINT ( 'NONE',  ( 101.0169746996432139, 46.38591024763667292, 9.193156499856110386 ) ) ;
#1995 = ORIENTED_EDGE ( 'NONE', *, *, #3264, .T. ) ;
#1996 = FACE_OUTER_BOUND ( 'NONE', #2561, .T. ) ;
#1997 = DIRECTION ( 'NONE',  ( 1.000000000000000000, 0.000000000000000000, 0.000000000000000000 ) ) ;
#1998 = CARTESIAN_POINT ( 'NONE',  ( 28.27347927382682258, 47.10861468344743486, 5.784081985477230958 ) ) ;
#1999 = CARTESIAN_POINT ( 'NONE',  ( 21.81500000000005102, -6.250000000000012434, 3.600000000000000089 ) ) ;
#2000 = DIRECTION ( 'NONE',  ( 1.000000000000000000, 2.111225325732422144E-16, -0.000000000000000000 ) ) ;
#2001 = ORIENTED_EDGE ( 'NONE', *, *, #2, .T. ) ;
#2002 = CARTESIAN_POINT ( 'NONE',  ( 91.46697469964324512, -6.250000000000009770, 0.000000000000000000 ) ) ;
#2003 = CARTESIAN_POINT ( 'NONE',  ( 92.18074408015196752, 46.37574066470828882, 9.218956272664865281 ) ) ;
#2004 = ORIENTED_EDGE ( 'NONE', *, *, #2553, .F. ) ;
#2005 = CARTESIAN_POINT ( 'NONE',  ( 34.64585752441431765, 46.47093402564576792, 8.942207955679444709 ) ) ;
#2006 = EDGE_LOOP ( 'NONE', ( #71, #2354, #1304, #723 ) ) ;
#2007 = EDGE_CURVE ( 'NONE', #3881, #2549, #1985, .T. ) ;
#2008 = CARTESIAN_POINT ( 'NONE',  ( 29.17996515166402105, -1.134174564520090467, 5.145747787299909781 ) ) ;
#2009 = EDGE_LOOP ( 'NONE', ( #3027, #454, #4146, #1472, #4567, #4473, #2130, #2952 ) ) ;
#2010 = CARTESIAN_POINT ( 'NONE',  ( 26.07369627537337209, 46.93091991331640145, 6.333094687926526412 ) ) ;
#2011 = VERTEX_POINT ( 'NONE', #3759 ) ;
#2012 = EDGE_CURVE ( 'NONE', #1619, #1400, #4093, .T. ) ;
#2013 = AXIS2_PLACEMENT_3D ( 'NONE', #428, #2570, #4008 ) ;
#2014 = VECTOR ( 'NONE', #909, 1000.000000000000000 ) ;
#2015 = SHAPE_DEFINITION_REPRESENTATION ( #334, #4410 ) ;
#2016 = CARTESIAN_POINT ( 'NONE',  ( 91.46697469964324512, -6.250000000000013323, 3.549999999999996714 ) ) ;
#2017 = CARTESIAN_POINT ( 'NONE',  ( 18.81765713621428660, -0.4037697134342098648, 8.172133052153048638 ) ) ;
#2018 = ORIENTED_EDGE ( 'NONE', *, *, #2181, .F. ) ;
#2019 = DIRECTION ( 'NONE',  ( 1.000000000000000000, 0.000000000000000000, 0.000000000000000000 ) ) ;
#2020 = DIRECTION ( 'NONE',  ( 1.000000000000000000, 0.000000000000000000, 0.000000000000000000 ) ) ;
#2021 = VECTOR ( 'NONE', #2109, 1000.000000000000000 ) ;
#2022 = CARTESIAN_POINT ( 'NONE',  ( 96.08940475732613606, -4.075959423495020495, 3.836055833569633311 ) ) ;
#2023 = DIRECTION ( 'NONE',  ( -1.000000000000000000, 0.000000000000000000, 0.000000000000000000 ) ) ;
#2024 = CARTESIAN_POINT ( 'NONE',  ( 6.000000000000000000, 46.39999999999997016, 10.00000000000000000 ) ) ;
#2025 = VERTEX_POINT ( 'NONE', #505 ) ;
#2026 = CYLINDRICAL_SURFACE ( 'NONE', #3151, 1.699999999999993072 ) ;
#2027 = AXIS2_PLACEMENT_3D ( 'NONE', #4307, #761, #1121 ) ;
#2028 = VECTOR ( 'NONE', #3723, 1000.000000000000000 ) ;
#2029 = CARTESIAN_POINT ( 'NONE',  ( 94.57003077732547069, 46.35831484749989784, 9.285714285714286476 ) ) ;
#2030 = CARTESIAN_POINT ( 'NONE',  ( 93.79831941000495021, 47.25346129857695132, 5.485202439361763993 ) ) ;
#2031 = CIRCLE ( 'NONE', #3678, 3.149999999999999911 ) ;
#2032 = CARTESIAN_POINT ( 'NONE',  ( 86.40165411413360630, 49.06172231156764241, 5.775813378233214834 ) ) ;
#2033 = AXIS2_PLACEMENT_3D ( 'NONE', #2002, #4043, #3423 ) ;
#2034 = VERTEX_POINT ( 'NONE', #3384 ) ;
#2035 = CARTESIAN_POINT ( 'NONE',  ( 92.34433063421728605, 0.02625369652583485480, 9.227659538288424557 ) ) ;
#2036 = CIRCLE ( 'NONE', #230, 6.000000000000000000 ) ;
#2037 = CARTESIAN_POINT ( 'NONE',  ( 26.65630372462617359, -0.5309199133165387607, 6.333094687926507760 ) ) ;
#2038 = CARTESIAN_POINT ( 'NONE',  ( 16.81500000000005102, 46.39999999999997016, 9.096583900478682594 ) ) ;
#2039 = CARTESIAN_POINT ( 'NONE',  ( 96.08940475732673292, 50.47595942349267517, 3.836055833570276352 ) ) ;
#2040 = AXIS2_PLACEMENT_3D ( 'NONE', #714, #614, #3844 ) ;
#2041 = DIRECTION ( 'NONE',  ( -0.000000000000000000, -0.000000000000000000, 1.000000000000000000 ) ) ;
#2042 = ADVANCED_FACE ( 'NONE', ( #4497 ), #191, .F. ) ;
#2043 = CARTESIAN_POINT ( 'NONE',  ( 21.81500000000005102, -4.476699331115293390, 3.698366727381424468 ) ) ;
#2044 = EDGE_LOOP ( 'NONE', ( #2276, #4434, #4088, #2176, #3152 ) ) ;
#2045 = CARTESIAN_POINT ( 'NONE',  ( 23.21499992579030547, 50.99103446761314018, 5.079742220925878016 ) ) ;
#2046 = FACE_OUTER_BOUND ( 'NONE', #3841, .T. ) ;
#2047 = EDGE_CURVE ( 'NONE', #2121, #953, #4631, .T. ) ;
#2048 = FACE_OUTER_BOUND ( 'NONE', #2542, .T. ) ;
#2049 = CARTESIAN_POINT ( 'NONE',  ( 88.36391862196096270, -5.708203932499369415, 5.000000000000000888 ) ) ;
#2050 = CARTESIAN_POINT ( 'NONE',  ( 81.91697469964323375, 0.000000000000000000, 9.000000000000001776 ) ) ;
#2051 = CARTESIAN_POINT ( 'NONE',  ( 100.7063620677243136, 46.40000008960284816, 9.145897756017824065 ) ) ;
#2052 = APPLICATION_CONTEXT ( 'automotive_design' ) ;
#2053 = DIRECTION ( 'NONE',  ( 0.000000000000000000, 0.000000000000000000, 1.000000000000000000 ) ) ;
#2054 = CARTESIAN_POINT ( 'NONE',  ( 91.02732873454556284, 49.51990723451302756, 4.999999816533794217 ) ) ;
#2055 = ORIENTED_EDGE ( 'NONE', *, *, #1597, .F. ) ;
#2056 = CARTESIAN_POINT ( 'NONE',  ( 82.22758733156221922, 46.40000008960284106, 9.145897756015271440 ) ) ;
#2057 = VERTEX_POINT ( 'NONE', #1690 ) ;
#2058 = CARTESIAN_POINT ( 'NONE',  ( 91.71584747919635561, 0.01909852488746594662, 9.194510910237685408 ) ) ;
#2059 = CARTESIAN_POINT ( 'NONE',  ( 27.44636773198059032, -0.5755178791685499062, 6.174069430207829612 ) ) ;
#2060 = DIRECTION ( 'NONE',  ( 0.000000000000000000, 0.000000000000000000, 1.000000000000000000 ) ) ;
#2061 = ADVANCED_FACE ( 'NONE', ( #4601 ), #1469, .F. ) ;
#2062 = FACE_OUTER_BOUND ( 'NONE', #1847, .T. ) ;
#2063 = CARTESIAN_POINT ( 'NONE',  ( -12.70000000000000107, 6.000000000000000000, 9.000000000000001776 ) ) ;
#2064 = ORIENTED_EDGE ( 'NONE', *, *, #3185, .T. ) ;
#2065 = DIRECTION ( 'NONE',  ( 0.000000000000000000, 0.000000000000000000, 1.000000000000000000 ) ) ;
#2066 = LINE ( 'NONE', #55, #3673 ) ;
#2067 = EDGE_CURVE ( 'NONE', #2057, #3430, #256, .T. ) ;
#2068 = AXIS2_PLACEMENT_3D ( 'NONE', #924, #3790, #948 ) ;
#2069 = DIRECTION ( 'NONE',  ( -0.000000000000000000, -0.000000000000000000, 1.000000000000000000 ) ) ;
#2070 = CYLINDRICAL_SURFACE ( 'NONE', #4198, 1.699999999999993072 ) ;
#2071 = CARTESIAN_POINT ( 'NONE',  ( 23.26194392231780128, -5.708203932499396949, 11.00000000000003908 ) ) ;
#2072 = VERTEX_POINT ( 'NONE', #4568 ) ;
#2073 = CARTESIAN_POINT ( 'NONE',  ( 101.0169746996432139, 46.39999999999998437, 9.145898033750325951 ) ) ;
#2074 = EDGE_CURVE ( 'NONE', #3733, #3883, #3911, .T. ) ;
#2075 = CARTESIAN_POINT ( 'NONE',  ( 93.87547113094952067, 50.60730546803979024, 5.000000127044550879 ) ) ;
#2076 = ORIENTED_EDGE ( 'NONE', *, *, #2007, .F. ) ;
#2077 = CARTESIAN_POINT ( 'NONE',  ( 82.41314895022667031, 46.42083089541162622, 8.915208395342840930 ) ) ;
#2078 = VERTEX_POINT ( 'NONE', #1322 ) ;
#2079 = CARTESIAN_POINT ( 'NONE',  ( 32.72207261405579004, 47.07816507440222864, 7.686862611336666262 ) ) ;
#2080 = CARTESIAN_POINT ( 'NONE',  ( 93.33201253712634582, -0.6976861296880843000, 5.811258955977279150 ) ) ;
#2081 = CARTESIAN_POINT ( 'NONE',  ( 28.23003783748296058, -0.6976861296882916896, 5.811258955977472773 ) ) ;
#2082 = ORIENTED_EDGE ( 'NONE', *, *, #3312, .T. ) ;
#2083 = DIRECTION ( 'NONE',  ( 0.000000000000000000, 0.000000000000000000, -1.000000000000000000 ) ) ;
#2084 = DIRECTION ( 'NONE',  ( 1.000000000000000000, 0.000000000000000000, 0.000000000000000000 ) ) ;
#2085 = DIRECTION ( 'NONE',  ( -1.000000000000000000, -4.034240641806528883E-16, 0.000000000000000000 ) ) ;
#2086 = ORIENTED_EDGE ( 'NONE', *, *, #3991, .T. ) ;
#2087 = DIRECTION ( 'NONE',  ( -1.000000000000000000, -0.000000000000000000, -0.000000000000000000 ) ) ;
#2088 = CARTESIAN_POINT ( 'NONE',  ( 88.31697469964323943, -5.708203932499369415, 11.00000000000000000 ) ) ;
#2089 = VECTOR ( 'NONE', #298, 1000.000000000000000 ) ;
#2090 = CARTESIAN_POINT ( 'NONE',  ( 23.26194392231778352, 0.04168515250008988926, 9.285714285714286476 ) ) ;
#2091 = EDGE_CURVE ( 'NONE', #2072, #3660, #409, .T. ) ;
#2092 = CARTESIAN_POINT ( 'NONE',  ( 28.07017690072054350, 49.99411460861476542, 5.000000201874210681 ) ) ;
#2093 = CARTESIAN_POINT ( 'NONE',  ( 35.91500000000004178, 0.000000000000000000, 9.000000000000001776 ) ) ;
#2094 = CARTESIAN_POINT ( 'NONE',  ( 86.65671655031957243, -3.366095562035361421, 4.160209839790626418 ) ) ;
#2095 = CARTESIAN_POINT ( 'NONE',  ( 97.94488787919091521, 47.41680265806437689, 6.516758327472722101 ) ) ;
#2096 = CIRCLE ( 'NONE', #1258, 6.000000000000000000 ) ;
#2097 = CARTESIAN_POINT ( 'NONE',  ( 91.30829311157810935, 49.49170803058011359, 4.999999975016677034 ) ) ;
#2098 = EDGE_CURVE ( 'NONE', #1465, #4020, #1019, .T. ) ;
#2099 = ORIENTED_EDGE ( 'NONE', *, *, #2954, .T. ) ;
#2100 = ORIENTED_EDGE ( 'NONE', *, *, #3250, .T. ) ;
#2101 = CARTESIAN_POINT ( 'NONE',  ( 33.70992227514546613, 46.70251551849724336, 8.383117247896857194 ) ) ;
#2102 = CARTESIAN_POINT ( 'NONE',  ( 94.10701739943694122, -4.525418171442852966, 5.000000044420953138 ) ) ;
#2103 = CARTESIAN_POINT ( 'NONE',  ( 28.72179956974348514, -4.145671282186709661, 5.000000152726436831 ) ) ;
#2104 = ORIENTED_EDGE ( 'NONE', *, *, #2663, .F. ) ;
#2105 = CARTESIAN_POINT ( 'NONE',  ( 86.91697469964323375, -5.000000000000000000, 0.000000000000000000 ) ) ;
#2106 = VERTEX_POINT ( 'NONE', #941 ) ;
#2107 = VECTOR ( 'NONE', #3008, 1000.000000000000000 ) ;
#2108 = AXIS2_PLACEMENT_3D ( 'NONE', #4234, #4393, #1166 ) ;
#2109 = DIRECTION ( 'NONE',  ( -0.000000000000000000, 1.000000000000000000, 0.000000000000000000 ) ) ;
#2110 = AXIS2_PLACEMENT_3D ( 'NONE', #1778, #1404, #3113 ) ;
#2111 = DIRECTION ( 'NONE',  ( 1.000000000000000000, 2.111225325732422144E-16, -0.000000000000000000 ) ) ;
#2112 = FACE_OUTER_BOUND ( 'NONE', #4256, .T. ) ;
#2113 = ORIENTED_EDGE ( 'NONE', *, *, #3526, .F. ) ;
#2114 = CYLINDRICAL_SURFACE ( 'NONE', #1881, 5.999999999999998224 ) ;
#2115 = DIRECTION ( 'NONE',  ( -0.000000000000000000, -0.000000000000000000, 1.000000000000000000 ) ) ;
#2116 = DIRECTION ( 'NONE',  ( -0.000000000000000000, -0.000000000000000000, 1.000000000000000000 ) ) ;
#2117 = LINE ( 'NONE', #41, #3234 ) ;
#2118 = ADVANCED_FACE ( 'NONE', ( #993 ), #1611, .T. ) ;
#2119 = CARTESIAN_POINT ( 'NONE',  ( 88.31697462543348820, -4.591034467614760750, 5.079742220925724361 ) ) ;
#2120 = CARTESIAN_POINT ( 'NONE',  ( 94.50482619749344337, 47.62605660960898035, 5.033579143429411040 ) ) ;
#2121 = VERTEX_POINT ( 'NONE', #1016 ) ;
#2122 = CARTESIAN_POINT ( 'NONE',  ( 29.21418334463755784, 51.29461295671892884, 5.000000025657570291 ) ) ;
#2123 = CARTESIAN_POINT ( 'NONE',  ( 86.91697469964323375, -5.708203932499369415, 5.000000000000000000 ) ) ;
#2124 = EDGE_CURVE ( 'NONE', #4185, #324, #1375, .T. ) ;
#2125 = ORIENTED_EDGE ( 'NONE', *, *, #172, .F. ) ;
#2126 = CARTESIAN_POINT ( 'NONE',  ( 91.75827842426959080, -0.5309199133165327655, 6.333094687926515753 ) ) ;
#2127 = ADVANCED_FACE ( 'NONE', ( #964 ), #593, .F. ) ;
#2128 = CARTESIAN_POINT ( 'NONE',  ( 28.45609681026368065, -3.891003703880530740, 4.999999923636780252 ) ) ;
#2129 = B_SPLINE_CURVE_WITH_KNOTS ( 'NONE', 3,
 ( #3474, #2793, #3096, #1010 ),
 .UNSPECIFIED., .F., .F.,
 ( 4, 4 ),
 ( 0.000000000000000000, 1.000000000000000000 ),
 .UNSPECIFIED. ) ;
#2130 = ORIENTED_EDGE ( 'NONE', *, *, #2248, .T. ) ;
#2131 = DIRECTION ( 'NONE',  ( -0.7071067811865482389, 8.659560562354941486E-17, 0.7071067811865469066 ) ) ;
#2132 = ORIENTED_EDGE ( 'NONE', *, *, #1622, .F. ) ;
#2133 = EDGE_CURVE ( 'NONE', #3082, #1301, #4475, .T. ) ;
#2134 = DIRECTION ( 'NONE',  ( 1.000000000000000000, 8.673617379884035472E-16, 0.000000000000000000 ) ) ;
#2135 = CARTESIAN_POINT ( 'NONE',  ( 96.01697469964324227, -4.476699331115844060, 3.698366727380669516 ) ) ;
#2136 = DIRECTION ( 'NONE',  ( 0.000000000000000000, 0.000000000000000000, -1.000000000000000000 ) ) ;
#2137 = ORIENTED_EDGE ( 'NONE', *, *, #3064, .F. ) ;
#2138 = CARTESIAN_POINT ( 'NONE',  ( -12.70000000000000107, 6.000000000000000000, 9.000000000000001776 ) ) ;
#2139 = DIRECTION ( 'NONE',  ( -0.000000000000000000, -0.000000000000000000, -1.000000000000000000 ) ) ;
#2140 = FACE_OUTER_BOUND ( 'NONE', #3230, .T. ) ;
#2141 = CARTESIAN_POINT ( 'NONE',  ( 125.3000000000000256, 6.000000000000000000, 9.000000000000001776 ) ) ;
#2142 = CARTESIAN_POINT ( 'NONE',  ( 84.12205242450077947, -0.3025155184974231970, 8.383117247896569424 ) ) ;
#2143 = CARTESIAN_POINT ( 'NONE',  ( 81.91697469964319112, 46.35831484749989784, 9.285714285714286476 ) ) ;
#2144 = AXIS2_PLACEMENT_3D ( 'NONE', #636, #4627, #2830 ) ;
#2145 = ORIENTED_EDGE ( 'NONE', *, *, #4228, .F. ) ;
#2146 = DIRECTION ( 'NONE',  ( -0.000000000000000000, -0.000000000000000000, 1.000000000000000000 ) ) ;
#2147 = ORIENTED_EDGE ( 'NONE', *, *, #455, .T. ) ;
#2148 = CARTESIAN_POINT ( 'NONE',  ( 89.05847826833534953, -4.207305468041511176, 5.000000127044518017 ) ) ;
#2149 = CARTESIAN_POINT ( 'NONE',  ( 23.76818074774018541, -1.002354263738392204, 5.283138792059892452 ) ) ;
#2150 = EDGE_LOOP ( 'NONE', ( #3807, #484, #1163, #1726 ) ) ;
#2151 = DIRECTION ( 'NONE',  ( -0.000000000000000000, -0.000000000000000000, -1.000000000000000000 ) ) ;
#2152 = ORIENTED_EDGE ( 'NONE', *, *, #3297, .F. ) ;
#2153 = EDGE_CURVE ( 'NONE', #401, #2011, #4092, .T. ) ;
#2154 = CARTESIAN_POINT ( 'NONE',  ( 35.91500000000004178, 51.39999999999997016, 5.000000000000000000 ) ) ;
#2155 = CARTESIAN_POINT ( 'NONE',  ( -18.70000000000000284, 40.39999999999997016, 9.000000000000001776 ) ) ;
#2156 = ORIENTED_EDGE ( 'NONE', *, *, #1812, .F. ) ;
#2157 = EDGE_CURVE ( 'NONE', #3663, #3502, #3931, .T. ) ;
#2158 = CARTESIAN_POINT ( 'NONE',  ( 104.6000000000000227, -5.708203932499369415, 11.00000000000000000 ) ) ;
#2159 = CARTESIAN_POINT ( 'NONE',  ( 26.36500000000004817, 52.65000000000004121, 5.000000000000000888 ) ) ;
#2160 = DIRECTION ( 'NONE',  ( -0.000000000000000000, -0.000000000000000000, -1.000000000000000000 ) ) ;
#2161 = CARTESIAN_POINT ( 'NONE',  ( 94.30434798793793050, 46.35831484754183407, 9.285714285573618554 ) ) ;
#2162 = VERTEX_POINT ( 'NONE', #3617 ) ;
#2163 = CARTESIAN_POINT ( 'NONE',  ( 94.57003077732547069, 52.10820393249936444, 5.000000000000000888 ) ) ;
#2164 = CARTESIAN_POINT ( 'NONE',  ( 97.94488787919091521, 47.41680265806437689, 6.516758327472722101 ) ) ;
#2165 = VERTEX_POINT ( 'NONE', #4315 ) ;
#2166 = CARTESIAN_POINT ( 'NONE',  ( 91.02008674546925704, -0.5353766901906041875, 6.316482611735581010 ) ) ;
#2167 = DIRECTION ( 'NONE',  ( 0.000000000000000000, -1.000000000000000000, 0.000000000000000000 ) ) ;
#2168 = ORIENTED_EDGE ( 'NONE', *, *, #271, .F. ) ;
#2169 = DIRECTION ( 'NONE',  ( 0.000000000000000000, 0.000000000000000000, -1.000000000000000000 ) ) ;
#2170 = CIRCLE ( 'NONE', #3361, 4.999999999999997335 ) ;
#2171 = ORIENTED_EDGE ( 'NONE', *, *, #3242, .F. ) ;
#2172 = AXIS2_PLACEMENT_3D ( 'NONE', #3372, #1905, #4448 ) ;
#2173 = AXIS2_PLACEMENT_3D ( 'NONE', #2716, #2739, #2377 ) ;
#2174 = CARTESIAN_POINT ( 'NONE',  ( 21.81500000000005102, 51.39999999999996305, 0.000000000000000000 ) ) ;
#2175 = CARTESIAN_POINT ( 'NONE',  ( 98.14005008192373225, -0.8484456178235431079, 7.419485966424232970 ) ) ;
#2176 = ORIENTED_EDGE ( 'NONE', *, *, #2744, .T. ) ;
#2177 = AXIS2_PLACEMENT_3D ( 'NONE', #1708, #1368, #1631 ) ;
#2178 = CARTESIAN_POINT ( 'NONE',  ( -17.69999999999999929, 40.39999999999997016, 10.00000000000000000 ) ) ;
#2179 = AXIS2_PLACEMENT_3D ( 'NONE', #2815, #4369, #4006 ) ;
#2180 = AXIS2_PLACEMENT_3D ( 'NONE', #981, #2085, #693 ) ;
#2181 = EDGE_CURVE ( 'NONE', #2162, #1804, #3868, .T. ) ;
#2182 = DIRECTION ( 'NONE',  ( -0.000000000000000000, -0.000000000000000000, 1.000000000000000000 ) ) ;
#2183 = CARTESIAN_POINT ( 'NONE',  ( 82.51242525997960797, 0.02031607779266126831, 9.213399254570123986 ) ) ;
#2184 = AXIS2_PLACEMENT_3D ( 'NONE', #4400, #3703, #3003 ) ;
#2185 = DIRECTION ( 'NONE',  ( -0.000000000000000000, -0.000000000000000000, -1.000000000000000000 ) ) ;
#2186 = ADVANCED_FACE ( 'NONE', ( #1791 ), #1717, .F. ) ;
#2187 = LINE ( 'NONE', #3950, #360 ) ;
#2188 = ORIENTED_EDGE ( 'NONE', *, *, #2897, .F. ) ;
#2189 = CARTESIAN_POINT ( 'NONE',  ( -15.70000000000000284, 6.000000000000000000, 9.000000000000001776 ) ) ;
#2190 = LINE ( 'NONE', #1725, #3225 ) ;
#2191 = EDGE_LOOP ( 'NONE', ( #731, #1531, #2984 ) ) ;
#2192 = CARTESIAN_POINT ( 'NONE',  ( 88.42761381045539792, -5.414076459177000089, 5.000000002097981344 ) ) ;
#2193 = CARTESIAN_POINT ( 'NONE',  ( 23.69953773172758815, -4.565795311508031418, 5.000000037719356527 ) ) ;
#2194 = EDGE_LOOP ( 'NONE', ( #929, #3488, #3032, #1838 ) ) ;
#2195 = DIRECTION ( 'NONE',  ( 0.000000000000000000, 0.000000000000000000, -1.000000000000000000 ) ) ;
#2196 = ORIENTED_EDGE ( 'NONE', *, *, #388, .F. ) ;
#2197 = EDGE_CURVE ( 'NONE', #2618, #3936, #2533, .T. ) ;
#2198 = CARTESIAN_POINT ( 'NONE',  ( 21.81500000000005102, 52.65000000000004121, 0.000000000000000000 ) ) ;
#2199 = CARTESIAN_POINT ( 'NONE',  ( 30.91500000000004178, 50.87669933111402543, 3.698366727381826813 ) ) ;
#2200 = CARTESIAN_POINT ( 'NONE',  ( 101.0169746996432139, 51.39999999999998437, 5.000000000000000000 ) ) ;
#2201 = ORIENTED_EDGE ( 'NONE', *, *, #4632, .F. ) ;
#2202 = DIRECTION ( 'NONE',  ( 1.000000000000000000, 2.111225325732422144E-16, -0.000000000000000000 ) ) ;
#2203 = CARTESIAN_POINT ( 'NONE',  ( 125.3000000000000256, 40.39999999999999147, 10.00000000000000000 ) ) ;
#2204 = CARTESIAN_POINT ( 'NONE',  ( 21.02190669970227788, 48.62764861691193374, 4.979238666734135954 ) ) ;
#2205 = EDGE_CURVE ( 'NONE', #4454, #324, #3970, .T. ) ;
#2206 = EDGE_LOOP ( 'NONE', ( #3677, #1859, #251, #898 ) ) ;
#2207 = DIRECTION ( 'NONE',  ( 0.000000000000000000, 1.000000000000000000, 0.000000000000000000 ) ) ;
#2208 = CARTESIAN_POINT ( 'NONE',  ( 88.31697469964321101, 52.65000000000004121, 5.000000000000000888 ) ) ;
#2209 = EDGE_LOOP ( 'NONE', ( #2806, #770, #143, #3559 ) ) ;
#2211 = EDGE_CURVE ( 'NONE', #4117, #1382, #2671, .T. ) ;
#2210 = CARTESIAN_POINT ( 'NONE',  ( 89.55849542581593425, -0.7086146834474629230, 5.784081985477059540 ) ) ;
#2212 = AXIS2_PLACEMENT_3D ( 'NONE', #3646, #3294, #730 ) ;
#2213 = CARTESIAN_POINT ( 'NONE',  ( 23.79098185840563318, 0.04094873025570619496, 9.283276529034329982 ) ) ;
#2214 = DIRECTION ( 'NONE',  ( 0.000000000000000000, -2.039472194729489405E-14, -1.000000000000000000 ) ) ;
#2215 = ORIENTED_EDGE ( 'NONE', *, *, #1865, .T. ) ;
#2216 = CARTESIAN_POINT ( 'NONE',  ( 128.3000000000000114, 40.39999999999999147, 10.00000000000000000 ) ) ;
#2217 = CARTESIAN_POINT ( 'NONE',  ( 86.91697469964320533, 52.65000000000004121, 3.600000000000000089 ) ) ;
#2218 = CARTESIAN_POINT ( 'NONE',  ( 94.05251250189944301, 46.35831484749990494, 9.285714285714288252 ) ) ;
#2219 = CYLINDRICAL_SURFACE ( 'NONE', #2320, 5.000000000000004441 ) ;
#2220 = EDGE_LOOP ( 'NONE', ( #531, #3359, #3293, #1744, #1521 ) ) ;
#2221 = FACE_OUTER_BOUND ( 'NONE', #3428, .T. ) ;
#2222 = CARTESIAN_POINT ( 'NONE',  ( 16.81500000000005102, 0.04168515250008988926, 9.285714285714286476 ) ) ;
#2223 = LINE ( 'NONE', #109, #3224 ) ;
#2224 = CARTESIAN_POINT ( 'NONE',  ( 35.91500000000004178, 0.04168515250008945211, 9.285714285714286476 ) ) ;
#2225 = ORIENTED_EDGE ( 'NONE', *, *, #466, .F. ) ;
#2226 = CARTESIAN_POINT ( 'NONE',  ( 87.78840994918496676, 49.51974957973964564, 5.577094451978259038 ) ) ;
#2227 = DIRECTION ( 'NONE',  ( -0.000000000000000000, -0.000000000000000000, 1.000000000000000000 ) ) ;
#2228 = VERTEX_POINT ( 'NONE', #3661 ) ;
#2229 = CARTESIAN_POINT ( 'NONE',  ( 88.36391862196096270, -5.708203932499401390, 4.999999999999999112 ) ) ;
#2230 = VECTOR ( 'NONE', #3546, 1000.000000000000000 ) ;
#2231 = EDGE_CURVE ( 'NONE', #2011, #3660, #3220, .T. ) ;
#2232 = CARTESIAN_POINT ( 'NONE',  ( 90.38560696766340641, 46.97551787916854948, 6.174069430207985931 ) ) ;
#2233 = CARTESIAN_POINT ( 'NONE',  ( 30.91499999999977177, -5.133984527762576633, 5.027540533814924828 ) ) ;
#2234 = VERTEX_POINT ( 'NONE', #2163 ) ;
#2235 = CIRCLE ( 'NONE', #4513, 1.000000000000000888 ) ;
#2236 = FACE_OUTER_BOUND ( 'NONE', #2454, .T. ) ;
#2237 = CARTESIAN_POINT ( 'NONE',  ( 100.4215241393085307, 0.02031607779239986630, 9.213399254569324626 ) ) ;
#2238 = DIRECTION ( 'NONE',  ( 1.000000000000000000, -0.000000000000000000, -0.000000000000000000 ) ) ;
#2239 = ORIENTED_EDGE ( 'NONE', *, *, #1518, .F. ) ;
#2240 = CARTESIAN_POINT ( 'NONE',  ( 18.35639516445488439, 46.63181871779580234, 8.211755662394477184 ) ) ;
#2241 = AXIS2_PLACEMENT_3D ( 'NONE', #3192, #1061, #1455 ) ;
#2242 = VECTOR ( 'NONE', #4233, 1000.000000000000000 ) ;
#2243 = AXIS2_PLACEMENT_3D ( 'NONE', #295, #402, #2791 ) ;
#2244 = LINE ( 'NONE', #3331, #3375 ) ;
#2245 = CARTESIAN_POINT ( 'NONE',  ( 23.11592461910719720, 50.57453699054986629, 5.186304173505738468 ) ) ;
#2246 = VECTOR ( 'NONE', #4000, 1000.000000000000000 ) ;
#2247 = VECTOR ( 'NONE', #4609, 1000.000000000000000 ) ;
#2248 = EDGE_CURVE ( 'NONE', #105, #1862, #884, .T. ) ;
#2249 = CARTESIAN_POINT ( 'NONE',  ( 30.92717217282583775, -4.418267682184880307, 5.126404000412679629 ) ) ;
#2250 = AXIS2_PLACEMENT_3D ( 'NONE', #3582, #1148, #3280 ) ;
#2251 = ORIENTED_EDGE ( 'NONE', *, *, #3185, .F. ) ;
#2252 = AXIS2_PLACEMENT_3D ( 'NONE', #249, #1391, #4263 ) ;
#2253 = CARTESIAN_POINT ( 'NONE',  ( 94.61697469964320817, 46.39999999999999147, 3.600000000000000089 ) ) ;
#2254 = CARTESIAN_POINT ( 'NONE',  ( 16.81500000000004746, -5.000000000000000000, 5.000000000000000000 ) ) ;
#2255 = EDGE_LOOP ( 'NONE', ( #558, #2498, #2363, #3289 ) ) ;
#2256 = DIRECTION ( 'NONE',  ( 1.000000000000000000, 0.000000000000000000, -0.000000000000000000 ) ) ;
#2257 = CARTESIAN_POINT ( 'NONE',  ( 88.38162346795267865, 52.01164361039973016, 5.000000000186517468 ) ) ;
#2258 = CARTESIAN_POINT ( 'NONE',  ( -12.70000000000000107, 45.39999999999997016, 9.000000000000001776 ) ) ;
#2259 = ORIENTED_EDGE ( 'NONE', *, *, #4402, .F. ) ;
#2260 = ADVANCED_FACE ( 'NONE', ( #2913 ), #1507, .T. ) ;
#2261 = CARTESIAN_POINT ( 'NONE',  ( 94.97697160801075711, -3.436992004072083606, 5.432883167384167322 ) ) ;
#2262 = CARTESIAN_POINT ( 'NONE',  ( 99.74783222405616812, -0.07093402564589812442, 8.942207955679160492 ) ) ;
#2263 = CARTESIAN_POINT ( 'NONE',  ( 23.53886633065711820, 51.25720836202541619, 4.999999994365349032 ) ) ;
#2264 = VERTEX_POINT ( 'NONE', #3246 ) ;
#2265 = ADVANCED_FACE ( 'NONE', ( #2894 ), #4335, .F. ) ;
#2266 = CARTESIAN_POINT ( 'NONE',  ( 86.91697469964320533, 52.65000000000004121, 0.000000000000000000 ) ) ;
#2267 = DIRECTION ( 'NONE',  ( 1.000000000000000000, 0.000000000000000000, 0.000000000000000000 ) ) ;
#2268 = FACE_OUTER_BOUND ( 'NONE', #3602, .T. ) ;
#2269 = CARTESIAN_POINT ( 'NONE',  ( 21.81500000000005102, 51.53398452777011585, 5.027540533814200074 ) ) ;
#2270 = CARTESIAN_POINT ( 'NONE',  ( 35.36980809104046131, -0.02498561500676999350, 9.067798870449617965 ) ) ;
#2271 = CARTESIAN_POINT ( 'NONE',  ( 97.94488787919186734, -1.016802658063493681, 6.516758327470855150 ) ) ;
#2272 = FACE_OUTER_BOUND ( 'NONE', #1244, .T. ) ;
#2273 = ORIENTED_EDGE ( 'NONE', *, *, #1865, .F. ) ;
#2274 = CARTESIAN_POINT ( 'NONE',  ( 94.61697469964323659, -5.133984527770151907, 5.027540533814194745 ) ) ;
#2275 = CARTESIAN_POINT ( 'NONE',  ( 88.56298600132467413, 51.42862864625110575, 4.999999997591260126 ) ) ;
#2276 = ORIENTED_EDGE ( 'NONE', *, *, #3467, .T. ) ;
#2277 = DIRECTION ( 'NONE',  ( 0.000000000000000000, 0.000000000000000000, -1.000000000000000000 ) ) ;
#2278 = VERTEX_POINT ( 'NONE', #1547 ) ;
#2279 = AXIS2_PLACEMENT_3D ( 'NONE', #4301, #3889, #660 ) ;
#2280 = CARTESIAN_POINT ( 'NONE',  ( 101.0169746996432423, 0.04168515250008988926, 9.285714285714286476 ) ) ;
#2281 = EDGE_CURVE ( 'NONE', #234, #1400, #3055, .T. ) ;
#2282 = DIRECTION ( 'NONE',  ( -1.000000000000000000, -0.000000000000000000, -0.000000000000000000 ) ) ;
#2283 = CARTESIAN_POINT ( 'NONE',  ( 25.16128619126124022, 46.98836670719161646, 6.130882010226491374 ) ) ;
#2284 = ORIENTED_EDGE ( 'NONE', *, *, #1442, .F. ) ;
#2285 = CYLINDRICAL_SURFACE ( 'NONE', #2530, 5.000000000000004441 ) ;
#2286 = CARTESIAN_POINT ( 'NONE',  ( 97.65510968896330724, 47.63760505024857395, 6.939579310600580975 ) ) ;
#2287 = EDGE_CURVE ( 'NONE', #3342, #1751, #4040, .T. ) ;
#2288 = CARTESIAN_POINT ( 'NONE',  ( 17.78536956003005187, -0.08959483566205647675, 8.886104278000834356 ) ) ;
#2289 = DIRECTION ( 'NONE',  ( 0.000000000000000000, -1.000000000000000000, 0.000000000000000000 ) ) ;
#2290 = CARTESIAN_POINT ( 'NONE',  ( 18.08414247558710386, 46.47093402564601661, 8.942207955678783904 ) ) ;
#2291 = CARTESIAN_POINT ( 'NONE',  ( 99.96127032960470160, -0.1098720639104948660, 8.595321593667231141 ) ) ;
#2292 = CARTESIAN_POINT ( 'NONE',  ( 86.12388139934650155, -2.227648616914043700, 4.979238666733388108 ) ) ;
#2293 = ORIENTED_EDGE ( 'NONE', *, *, #3117, .F. ) ;
#2294 = CARTESIAN_POINT ( 'NONE',  ( 88.76837522227906163, 51.02238870174755192, 4.999999985240014766 ) ) ;
#2295 = ORIENTED_EDGE ( 'NONE', *, *, #2978, .T. ) ;
#2296 = CARTESIAN_POINT ( 'NONE',  ( 29.51500000000005386, 51.53398452777012295, 5.027540533814195634 ) ) ;
#2297 = ORIENTED_EDGE ( 'NONE', *, *, #618, .T. ) ;
#2298 = AXIS2_PLACEMENT_3D ( 'NONE', #3140, #1706, #3567 ) ;
#2299 = CARTESIAN_POINT ( 'NONE',  ( 83.77461094732757374, -0.1958929156054357301, 8.619305215998153358 ) ) ;
#2300 = DIRECTION ( 'NONE',  ( -0.000000000000000000, -0.000000000000000000, 1.000000000000000000 ) ) ;
#2301 = CARTESIAN_POINT ( 'NONE',  ( 26.20631841193363343, 49.49170803058006385, 4.999999975016694798 ) ) ;
#2302 = VERTEX_POINT ( 'NONE', #3686 ) ;
#2303 = LINE ( 'NONE', #1945, #1728 ) ;
#2304 = CIRCLE ( 'NONE', #1946, 4.999999999999997335 ) ;
#2305 = CARTESIAN_POINT ( 'NONE',  ( 20.58969870218098919, -1.002132753839184653, 7.234985991816070161 ) ) ;
#2306 = CARTESIAN_POINT ( 'NONE',  ( 19.02007772485760384, 46.70251551849739258, 8.383117247896572977 ) ) ;
#2307 = AXIS2_PLACEMENT_3D ( 'NONE', #2693, #666, #1312 ) ;
#2308 = DIRECTION ( 'NONE',  ( 0.000000000000000000, 1.000000000000000000, 0.000000000000000000 ) ) ;
#2309 = EDGE_CURVE ( 'NONE', #1465, #2883, #4659, .T. ) ;
#2310 = CIRCLE ( 'NONE', #1422, 1.400000000000000133 ) ;
#2311 = AXIS2_PLACEMENT_3D ( 'NONE', #2439, #3240, #1763 ) ;
#2312 = CARTESIAN_POINT ( 'NONE',  ( 34.94463043996987750, -0.08959483566196592419, 8.886104278000944490 ) ) ;
#2313 = CARTESIAN_POINT ( 'NONE',  ( 100.1330679421291023, -0.07485810325725514303, 8.716407524614650626 ) ) ;
#2314 = CARTESIAN_POINT ( 'NONE',  ( 86.84454464195991363, -4.075959423493379141, 3.836055833570275908 ) ) ;
#2315 = ORIENTED_EDGE ( 'NONE', *, *, #4456, .T. ) ;
#2316 = VECTOR ( 'NONE', #4583, 1000.000000000000000 ) ;
#2317 = CARTESIAN_POINT ( 'NONE',  ( 96.18881227619991137, 48.19199418480221908, 6.418980721228109587 ) ) ;
#2318 = CIRCLE ( 'NONE', #3907, 7.400000000000000355 ) ;
#2319 = ADVANCED_FACE ( 'NONE', ( #524 ), #133, .T. ) ;
#2320 = AXIS2_PLACEMENT_3D ( 'NONE', #2200, #1189, #2905 ) ;
#2321 = CARTESIAN_POINT ( 'NONE',  ( 89.95850840560379424, 47.02882159087954506, 6.003272696336082070 ) ) ;
#2322 = PLANE ( 'NONE',  #3189 ) ;
#2323 = ORIENTED_EDGE ( 'NONE', *, *, #3843, .F. ) ;
#2324 = CIRCLE ( 'NONE', #2399, 5.000000000000004441 ) ;
#2325 = DIRECTION ( 'NONE',  ( 0.000000000000000000, 0.000000000000000000, -1.000000000000000000 ) ) ;
#2326 = DIRECTION ( 'NONE',  ( 1.000000000000000000, 0.000000000000000000, 0.000000000000000000 ) ) ;
#2327 = CARTESIAN_POINT ( 'NONE',  ( 23.77779770609034315, 47.39647582683733162, 5.289923901872071177 ) ) ;
#2328 = VERTEX_POINT ( 'NONE', #3007 ) ;
#2329 = EDGE_CURVE ( 'NONE', #709, #1595, #4470, .T. ) ;
#2330 = CARTESIAN_POINT ( 'NONE',  ( 86.91697469964320533, 52.10820393249936444, 11.00000000000000000 ) ) ;
#2331 = DIRECTION ( 'NONE',  ( 1.000000000000000000, 0.000000000000000000, 0.000000000000000000 ) ) ;
#2332 = ORIENTED_EDGE ( 'NONE', *, *, #4518, .T. ) ;
#2333 = DIRECTION ( 'NONE',  ( 1.000000000000000000, 0.000000000000000000, 0.000000000000000000 ) ) ;
#2334 = CARTESIAN_POINT ( 'NONE',  ( 29.51500000000005386, 52.10820393249935023, 3.599999999999999201 ) ) ;
#2335 = EDGE_CURVE ( 'NONE', #681, #704, #4377, .T. ) ;
#2336 = LINE ( 'NONE', #2982, #2608 ) ;
#2337 = LINE ( 'NONE', #3475, #2387 ) ;
#2338 = FACE_OUTER_BOUND ( 'NONE', #1540, .T. ) ;
#2339 = CARTESIAN_POINT ( 'NONE',  ( 99.95508813373352552, 46.43505845609266913, 9.044672882760268706 ) ) ;
#2340 = CARTESIAN_POINT ( 'NONE',  ( 93.62126374056555278, 47.18399379461420295, 5.616529430093451403 ) ) ;
#2341 = EDGE_CURVE ( 'NONE', #3609, #346, #3706, .T. ) ;
#2342 = CARTESIAN_POINT ( 'NONE',  ( 34.85311343409032503, 46.43505845609248439, 9.044672882760773192 ) ) ;
#2343 = ORIENTED_EDGE ( 'NONE', *, *, #2691, .T. ) ;
#2344 = CARTESIAN_POINT ( 'NONE',  ( 35.91500000000004178, 46.39999999999997016, 9.145898033750325951 ) ) ;
#2345 = CYLINDRICAL_SURFACE ( 'NONE', #3145, 1.000000000000000888 ) ;
#2346 = FACE_BOUND ( 'NONE', #3389, .T. ) ;
#2347 = DIRECTION ( 'NONE',  ( -1.000000000000000000, 0.000000000000000000, 0.000000000000000000 ) ) ;
#2348 = DIRECTION ( 'NONE',  ( -0.000000000000000000, -0.000000000000000000, 1.000000000000000000 ) ) ;
#2349 = CARTESIAN_POINT ( 'NONE',  ( 23.89661194395007726, 50.68758641050350633, 4.999999955579000677 ) ) ;
#2350 = DIRECTION ( 'NONE',  ( -1.000000000000000000, 0.000000000000000000, 0.000000000000000000 ) ) ;
#2351 = CARTESIAN_POINT ( 'NONE',  ( 99.01431756343126267, 46.80376971343537207, 8.172133052152002364 ) ) ;
#2352 = VECTOR ( 'NONE', #3863, 1000.000000000000000 ) ;
#2353 = CARTESIAN_POINT ( 'NONE',  ( 19.69192461771516989, -0.8484456178236202684, 7.419485966421066614 ) ) ;
#2354 = ORIENTED_EDGE ( 'NONE', *, *, #3843, .T. ) ;
#2355 = PLANE ( 'NONE',  #3906 ) ;
#2356 = DIRECTION ( 'NONE',  ( 1.000000000000000000, 0.000000000000000000, 0.000000000000000000 ) ) ;
#2357 = CARTESIAN_POINT ( 'NONE',  ( 123.3000000000000256, 0.9999999999999904521, 9.000000000000001776 ) ) ;
#2358 = FACE_OUTER_BOUND ( 'NONE', #3917, .T. ) ;
#2359 = ORIENTED_EDGE ( 'NONE', *, *, #2309, .T. ) ;
#2360 = CARTESIAN_POINT ( 'NONE',  ( 33.70992227514248896, -0.3025155184972975198, 8.383117247896798574 ) ) ;
#2361 =( BOUNDED_CURVE ( )  B_SPLINE_CURVE ( 2, ( #4025, #2233, #3668 ),
 .UNSPECIFIED., .F., .T. ) 
 B_SPLINE_CURVE_WITH_KNOTS ( ( 3, 3 ),
 ( 0.000000000000000000, 1.000000000000000000 ),
 .UNSPECIFIED. ) 
 CURVE ( )  GEOMETRIC_REPRESENTATION_ITEM ( )  RATIONAL_B_SPLINE_CURVE ( ( 1.000000000000000000, 0.7071067811866220687, 1.000000000000000000 ) ) 
 REPRESENTATION_ITEM ( '' )  );
#2362 = CARTESIAN_POINT ( 'NONE',  ( 92.76826104502298165, 46.99981428864324329, 6.093561793279976158 ) ) ;
#2363 = ORIENTED_EDGE ( 'NONE', *, *, #2335, .F. ) ;
#2364 = CARTESIAN_POINT ( 'NONE',  ( 86.93085128171311737, 51.14021498980260105, 5.065399346819931203 ) ) ;
#2365 = ORIENTED_EDGE ( 'NONE', *, *, #1227, .T. ) ;
#2366 = EDGE_CURVE ( 'NONE', #4213, #2513, #2336, .T. ) ;
#2367 = CARTESIAN_POINT ( 'NONE',  ( 26.67778431553570684, 0.01967959650007256381, 9.197418602368607310 ) ) ;
#2368 = EDGE_LOOP ( 'NONE', ( #2991, #1889, #1814, #754 ) ) ;
#2369 = CARTESIAN_POINT ( 'NONE',  ( 89.39874339856019958, 0.03878678560134350695, 9.276500045687017248 ) ) ;
#2370 = ORIENTED_EDGE ( 'NONE', *, *, #1901, .T. ) ;
#2371 = EDGE_CURVE ( 'NONE', #4593, #1485, #439, .T. ) ;
#2372 = AXIS2_PLACEMENT_3D ( 'NONE', #2487, #2069, #2792 ) ;
#2373 = CARTESIAN_POINT ( 'NONE',  ( 86.12388139934603259, 48.62764861691312746, 4.979238666733021290 ) ) ;
#2374 = CARTESIAN_POINT ( 'NONE',  ( 17.12561263191828687, -8.960008877937106526E-08, 9.145897756021660996 ) ) ;
#2375 = ORIENTED_EDGE ( 'NONE', *, *, #1843, .F. ) ;
#2376 = CARTESIAN_POINT ( 'NONE',  ( 26.88181066485239157, 0.02185837108711821339, 9.208422287015926244 ) ) ;
#2377 = DIRECTION ( 'NONE',  ( 1.000000000000000000, 0.000000000000000000, 0.000000000000000000 ) ) ;
#2378 = CIRCLE ( 'NONE', #2763, 1.400000000000000133 ) ;
#2379 = FACE_OUTER_BOUND ( 'NONE', #4392, .T. ) ;
#2380 = CARTESIAN_POINT ( 'NONE',  ( 94.61697469964323659, -5.133984527770151907, 5.027540533814194745 ) ) ;
#2381 = DIRECTION ( 'NONE',  ( 0.000000000000000000, -1.000000000000000000, 0.000000000000000000 ) ) ;
#2382 = CARTESIAN_POINT ( 'NONE',  ( 29.51500000000003965, -5.133984527770148354, 5.027540533814195634 ) ) ;
#2383 = AXIS2_PLACEMENT_3D ( 'NONE', #737, #359, #338 ) ;
#2384 = CIRCLE ( 'NONE', #2173, 4.549999999999998934 ) ;
#2385 = DIRECTION ( 'NONE',  ( 1.000000000000000000, 0.000000000000000000, 0.000000000000000000 ) ) ;
#2386 = CARTESIAN_POINT ( 'NONE',  ( 91.61469414266264266, 46.38163681771440849, 9.190761123939742205 ) ) ;
#2387 = VECTOR ( 'NONE', #2718, 1000.000000000000000 ) ;
#2388 = ORIENTED_EDGE ( 'NONE', *, *, #717, .F. ) ;
#2389 = CARTESIAN_POINT ( 'NONE',  ( 86.84454464196089418, 50.47595942349734344, 3.836055833569449902 ) ) ;
#2390 = CIRCLE ( 'NONE', #3306, 6.000000000000000000 ) ;
#2391 = ORIENTED_EDGE ( 'NONE', *, *, #826, .F. ) ;
#2392 = CARTESIAN_POINT ( 'NONE',  ( 32.55313498931467109, 47.63760505025108216, 6.939579310601613926 ) ) ;
#2393 = CARTESIAN_POINT ( 'NONE',  ( 91.77975901517893931, 0.01967959650007789288, 9.197418602368641061 ) ) ;
#2394 = CARTESIAN_POINT ( 'NONE',  ( 28.08754982658960486, -3.607694719267341643, 4.999999859231906818 ) ) ;
#2395 = EDGE_LOOP ( 'NONE', ( #3802, #3252, #540, #3202 ) ) ;
#2396 = LINE ( 'NONE', #4650, #4174 ) ;
#2397 = CARTESIAN_POINT ( 'NONE',  ( 100.1330679421306655, 46.47485810325702005, 8.716407524613991598 ) ) ;
#2398 = EDGE_LOOP ( 'NONE', ( #2415, #3324, #33, #392 ) ) ;
#2399 = AXIS2_PLACEMENT_3D ( 'NONE', #3657, #2957, #3022 ) ;
#2400 = EDGE_CURVE ( 'NONE', #4316, #4478, #2628, .T. ) ;
#2401 = CARTESIAN_POINT ( 'NONE',  ( 104.6000000000000227, 1.000000000000000000, 9.000000000000001776 ) ) ;
#2402 = CYLINDRICAL_SURFACE ( 'NONE', #285, 5.000000000000000888 ) ;
#2403 = FACE_OUTER_BOUND ( 'NONE', #1157, .T. ) ;
#2404 = VERTEX_POINT ( 'NONE', #3316 ) ;
#2405 = EDGE_CURVE ( 'NONE', #2264, #959, #3809, .T. ) ;
#2406 = CARTESIAN_POINT ( 'NONE',  ( -12.70000000000000107, 6.000000000000000000, 0.000000000000000000 ) ) ;
#2407 = CARTESIAN_POINT ( 'NONE',  ( 101.0169746996432423, 0.000000000000000000, 9.000000000000001776 ) ) ;
#2408 = B_SPLINE_CURVE_WITH_KNOTS ( 'NONE', 3,
 ( #4114, #136, #862, #1596, #464, #3339, #2317, #527, #3049, #4455, #1577, #4495, #2339, #1262, #912, #1222 ),
 .UNSPECIFIED., .F., .F.,
 ( 4, 2, 2, 2, 2, 2, 2, 4 ),
 ( 0.000000000000000000, 0.1249999999999999584, 0.2500000000000000000, 0.5000000000000000000, 0.7500000000000000000, 0.8750000000000000000, 0.9375000000000000000, 1.000000000000000000 ),
 .UNSPECIFIED. ) ;
#2409 = CARTESIAN_POINT ( 'NONE',  ( 86.91697469964320533, 51.39999999999997726, 5.000000000000000000 ) ) ;
#2410 = DIRECTION ( 'NONE',  ( 0.000000000000000000, 0.000000000000000000, -1.000000000000000000 ) ) ;
#2411 = LINE ( 'NONE', #250, #4511 ) ;
#2412 = CARTESIAN_POINT ( 'NONE',  ( 98.39656156545794374, 47.10184921491840271, 7.082355151649371017 ) ) ;
#2413 = CARTESIAN_POINT ( 'NONE',  ( 28.20976262449145366, 50.09235812368473262, 4.999999881994196649 ) ) ;
#2414 = CARTESIAN_POINT ( 'NONE',  ( 94.21000940347560970, 47.49171058200045081, 5.184958212114387344 ) ) ;
#2415 = ORIENTED_EDGE ( 'NONE', *, *, #2978, .F. ) ;
#2416 = CARTESIAN_POINT ( 'NONE',  ( 86.91697469964320533, 51.39999999999997726, 3.633966658370840985 ) ) ;
#2417 = ORIENTED_EDGE ( 'NONE', *, *, #1511, .T. ) ;
#2418 = CARTESIAN_POINT ( 'NONE',  ( 93.52186350714126206, -0.7497718128549142325, 5.687964927390960490 ) ) ;
#2419 = EDGE_CURVE ( 'NONE', #3318, #267, #987, .T. ) ;
#2420 = CARTESIAN_POINT ( 'NONE',  ( 28.75611975058162173, -0.8859860389960769744, 5.437636358476509280 ) ) ;
#2421 = CARTESIAN_POINT ( 'NONE',  ( 29.18555462005425838, 47.53705166667773341, 5.142763123024631788 ) ) ;
#2422 = ORIENTED_EDGE ( 'NONE', *, *, #1501, .F. ) ;
#2423 = CARTESIAN_POINT ( 'NONE',  ( 90.43285689681150075, 0.02816438271406803209, 9.236085405448905661 ) ) ;
#2424 = DIRECTION ( 'NONE',  ( 0.000000000000000000, -1.000000000000000000, -0.000000000000000000 ) ) ;
#2425 = ORIENTED_EDGE ( 'NONE', *, *, #172, .T. ) ;
#2426 = ADVANCED_FACE ( 'NONE', ( #2048 ), #4519, .T. ) ;
#2427 = CARTESIAN_POINT ( 'NONE',  ( -12.70000000000000107, 42.39999999999997016, 9.000000000000001776 ) ) ;
#2428 = FACE_OUTER_BOUND ( 'NONE', #1308, .T. ) ;
#2429 = ORIENTED_EDGE ( 'NONE', *, *, #3382, .T. ) ;
#2430 = CARTESIAN_POINT ( 'NONE',  ( 23.77946219774382186, 0.04168515250008990314, 9.285714285714288252 ) ) ;
#2431 = DIRECTION ( 'NONE',  ( 1.000000000000000000, 0.000000000000000000, 0.000000000000000000 ) ) ;
#2432 = AXIS2_PLACEMENT_3D ( 'NONE', #1046, #3839, #2083 ) ;
#2433 = EDGE_CURVE ( 'NONE', #1301, #3221, #1341, .T. ) ;
#2434 = PRODUCT_DEFINITION_CONTEXT ( 'detailed design', #2052, 'design' ) ;
#2435 = VECTOR ( 'NONE', #2444, 1000.000000000000000 ) ;
#2436 = DIRECTION ( 'NONE',  ( -0.000000000000000000, -0.000000000000000000, 1.000000000000000000 ) ) ;
#2437 = DIRECTION ( 'NONE',  ( 0.000000000000000000, 0.000000000000000000, 1.000000000000000000 ) ) ;
#2438 = AXIS2_PLACEMENT_3D ( 'NONE', #918, #4268, #3150 ) ;
#2439 = CARTESIAN_POINT ( 'NONE',  ( -18.70000000000000284, 6.000000000000000000, 10.00000000000000000 ) ) ;
#2440 = CARTESIAN_POINT ( 'NONE',  ( 30.98743005768226766, 50.47595942349755660, 3.836055833569532947 ) ) ;
#2441 = CARTESIAN_POINT ( 'NONE',  ( 35.31954943966384519, 0.02031607779250805407, 9.213399254569656804 ) ) ;
#2442 = CARTESIAN_POINT ( 'NONE',  ( 92.11857382633780844, 46.37650072384192157, 9.215542575669948278 ) ) ;
#2443 = ORIENTED_EDGE ( 'NONE', *, *, #3565, .F. ) ;
#2444 = DIRECTION ( 'NONE',  ( 1.000000000000000000, 2.111225325732422144E-16, -0.000000000000000000 ) ) ;
#2445 = EDGE_LOOP ( 'NONE', ( #3207, #1644, #1481, #1689 ) ) ;
#2446 = CARTESIAN_POINT ( 'NONE',  ( 35.36980809104028367, 46.42498561500605803, 9.067798870448818604 ) ) ;
#2447 = CARTESIAN_POINT ( 'NONE',  ( 93.85809445022466946, -0.8859860389960786398, 5.437636358476317433 ) ) ;
#2448 = CARTESIAN_POINT ( 'NONE',  ( 29.00504269979399652, -4.525418171443106097, 5.000000044420970013 ) ) ;
#2449 = ORIENTED_EDGE ( 'NONE', *, *, #332, .T. ) ;
#2450 = CARTESIAN_POINT ( 'NONE',  ( 90.94959783543502851, 0.02186530197643495044, 9.208454547117232991 ) ) ;
#2451 = CARTESIAN_POINT ( 'NONE',  ( 99.19188937574475062, 46.73585700779150898, 7.928613950767672058 ) ) ;
#2452 = ADVANCED_FACE ( 'NONE', ( #2379 ), #2070, .F. ) ;
#2453 = CARTESIAN_POINT ( 'NONE',  ( 82.80088145715589576, 46.47485810325702715, 8.716407524614112390 ) ) ;
#2454 = EDGE_LOOP ( 'NONE', ( #605, #1376, #349, #798, #3066 ) ) ;
#2455 = CARTESIAN_POINT ( 'NONE',  ( 23.26194392231775154, 46.35831484749988363, 9.285714285714286476 ) ) ;
#2456 = DIRECTION ( 'NONE',  ( 0.000000000000000000, 0.000000000000000000, 1.000000000000000000 ) ) ;
#2457 = EDGE_CURVE ( 'NONE', #1427, #2626, #4615, .T. ) ;
#2458 = CIRCLE ( 'NONE', #3656, 6.000000000000000000 ) ;
#2459 = LINE ( 'NONE', #4235, #2230 ) ;
#2460 = CARTESIAN_POINT ( 'NONE',  ( 26.54539558920724929, 46.38142753769445648, 9.191837429253197911 ) ) ;
#2461 = CARTESIAN_POINT ( 'NONE',  ( 35.91500000000004178, 0.000000000000000000, 9.000000000000001776 ) ) ;
#2462 = CARTESIAN_POINT ( 'NONE',  ( 81.91697469964324796, -1.192622389734054877E-15, 9.145898033750315292 ) ) ;
#2463 = CARTESIAN_POINT ( 'NONE',  ( 31.17525814932481865, 49.76609556203112561, 4.160209839791369824 ) ) ;
#2464 = ADVANCED_FACE ( 'NONE', ( #2717 ), #620, .T. ) ;
#2465 = CIRCLE ( 'NONE', #2614, 1.400000000000000133 ) ;
#2466 = DIRECTION ( 'NONE',  ( 0.000000000000000000, -1.000000000000000000, 0.000000000000000000 ) ) ;
#2467 = ORIENTED_EDGE ( 'NONE', *, *, #4045, .F. ) ;
#2468 = DIRECTION ( 'NONE',  ( -1.000000000000000000, 0.000000000000000000, 0.000000000000000000 ) ) ;
#2469 = ORIENTED_EDGE ( 'NONE', *, *, #4501, .T. ) ;
#2471 = EDGE_CURVE ( 'NONE', #4646, #4384, #4298, .T. ) ;
#2470 = CARTESIAN_POINT ( 'NONE',  ( 94.29310836898602588, -4.857208362025135173, 4.999999994365339262 ) ) ;
#2472 = CIRCLE ( 'NONE', #4502, 2.000000000000001776 ) ;
#2473 = AXIS2_PLACEMENT_3D ( 'NONE', #4557, #3561, #2134 ) ;
#2474 = CARTESIAN_POINT ( 'NONE',  ( 27.43152924435228002, 0.02851279731808516876, 9.237111489510377638 ) ) ;
#2475 = ORIENTED_EDGE ( 'NONE', *, *, #4652, .T. ) ;
#2476 = CYLINDRICAL_SURFACE ( 'NONE', #186, 1.400000000000000133 ) ;
#2477 = ORIENTED_EDGE ( 'NONE', *, *, #1208, .T. ) ;
#2478 = VECTOR ( 'NONE', #3777, 999.9999999999998863 ) ;
#2479 = VECTOR ( 'NONE', #4371, 1000.000000000000000 ) ;
#2480 = DIRECTION ( 'NONE',  ( 0.000000000000000000, 0.000000000000000000, -1.000000000000000000 ) ) ;
#2481 = AXIS2_PLACEMENT_3D ( 'NONE', #1826, #4396, #735 ) ;
#2482 = PLANE ( 'NONE',  #2180 ) ;
#2483 = ORIENTED_EDGE ( 'NONE', *, *, #3024, .F. ) ;
#2484 = CARTESIAN_POINT ( 'NONE',  ( 27.65759795010621147, 46.36877600626543483, 9.248130669979017782 ) ) ;
#2485 = DIRECTION ( 'NONE',  ( 0.000000000000000000, -0.09570323412153622367, 0.9954099110309673204 ) ) ;
#2486 = UNCERTAINTY_MEASURE_WITH_UNIT (LENGTH_MEASURE( 1.000000000000000082E-05 ), #3135, 'distance_accuracy_value', 'NONE');
#2487 = CARTESIAN_POINT ( 'NONE',  ( 91.46697469964324512, -6.250000000000013323, 5.000000000000000888 ) ) ;
#2488 = LINE ( 'NONE', #3926, #3750 ) ;
#2489 = CARTESIAN_POINT ( 'NONE',  ( 86.93085128171610165, -4.740214989804180767, 5.065399346800185221 ) ) ;
#2490 = EDGE_CURVE ( 'NONE', #4190, #3563, #2627, .T. ) ;
#2491 = CARTESIAN_POINT ( 'NONE',  ( 94.57003077732549912, 46.35831484749989784, 9.285714285714282923 ) ) ;
#2492 = ORIENTED_EDGE ( 'NONE', *, *, #4168, .T. ) ;
#2493 = CARTESIAN_POINT ( 'NONE',  ( 83.77461094732782954, 46.59589291560489244, 8.619305215999524705 ) ) ;
#2494 = ORIENTED_EDGE ( 'NONE', *, *, #515, .F. ) ;
#2495 = CARTESIAN_POINT ( 'NONE',  ( 94.25891429465447402, -4.788277924413059772, 5.000000014759955036 ) ) ;
#2496 = EDGE_CURVE ( 'NONE', #2626, #2824, #4077, .T. ) ;
#2497 = CARTESIAN_POINT ( 'NONE',  ( 24.28714557841944455, -3.877826919355411572, 5.000000118005833549 ) ) ;
#2498 = ORIENTED_EDGE ( 'NONE', *, *, #3401, .F. ) ;
#2499 = DIRECTION ( 'NONE',  ( 0.000000000000000000, 0.000000000000000000, 1.000000000000000000 ) ) ;
#2500 = ORIENTED_EDGE ( 'NONE', *, *, #2817, .F. ) ;
#2501 = CYLINDRICAL_SURFACE ( 'NONE', #4044, 2.000000000000000000 ) ;
#2502 = CARTESIAN_POINT ( 'NONE',  ( 99.47557953518956708, -0.2318187177955607359, 8.211755662394830679 ) ) ;
#2503 = ORIENTED_EDGE ( 'NONE', *, *, #478, .F. ) ;
#2504 = CARTESIAN_POINT ( 'NONE',  ( 16.81500000000005102, 46.35831484749988363, 9.285714285714286476 ) ) ;
#2505 = DIRECTION ( 'NONE',  ( 1.000000000000000000, 2.111225325732422144E-16, 0.000000000000000000 ) ) ;
#2506 = CARTESIAN_POINT ( 'NONE',  ( 89.76697469964321385, 52.65000000000004121, -8.673617379884035472E-16 ) ) ;
#2507 = CARTESIAN_POINT ( 'NONE',  ( 34.37360483554332546, 46.63181871779629972, 8.211755662394635280 ) ) ;
#2508 = CIRCLE ( 'NONE', #4015, 1.000000000000000888 ) ;
#2509 = EDGE_CURVE ( 'NONE', #668, #4314, #4283, .T. ) ;
#2510 = CARTESIAN_POINT ( 'NONE',  ( 86.91697469964323375, -6.250000000000013323, 3.600000000000000089 ) ) ;
#2511 = VERTEX_POINT ( 'NONE', #299 ) ;
#2512 = CARTESIAN_POINT ( 'NONE',  ( 91.46697469964324512, -6.250000000000013323, 5.000000000000000888 ) ) ;
#2513 = VERTEX_POINT ( 'NONE', #1336 ) ;
#2514 = CARTESIAN_POINT ( 'NONE',  ( 90.79569459229131212, -3.161999914857188010, 4.999999743389676787 ) ) ;
#2515 = LINE ( 'NONE', #3955, #4500 ) ;
#2516 = ORIENTED_EDGE ( 'NONE', *, *, #1208, .F. ) ;
#2517 = CARTESIAN_POINT ( 'NONE',  ( 6.000000000000000000, 4.000000000000000000, 9.000000000000001776 ) ) ;
#2518 = ORIENTED_EDGE ( 'NONE', *, *, #1082, .F. ) ;
#2519 = EDGE_CURVE ( 'NONE', #1165, #2918, #259, .T. ) ;
#2520 = CARTESIAN_POINT ( 'NONE',  ( 6.000000000000000000, 46.39999999999997016, 0.000000000000000000 ) ) ;
#2521 = CARTESIAN_POINT ( 'NONE',  ( 32.04929559010873419, 48.18131891723503912, 5.468001728181447696 ) ) ;
#2522 = DIRECTION ( 'NONE',  ( 0.000000000000000000, -0.000000000000000000, 1.000000000000000000 ) ) ;
#2523 = ORIENTED_EDGE ( 'NONE', *, *, #2133, .T. ) ;
#2524 = CYLINDRICAL_SURFACE ( 'NONE', #739, 6.000000000000001776 ) ;
#2525 = EDGE_CURVE ( 'NONE', #2234, #1478, #544, .T. ) ;
#2526 = CYLINDRICAL_SURFACE ( 'NONE', #1969, 5.000000000000000888 ) ;
#2527 = CARTESIAN_POINT ( 'NONE',  ( 87.21561649705977004, -2.254564897239339061, 6.049810156118002880 ) ) ;
#2528 = CARTESIAN_POINT ( 'NONE',  ( 30.91500000000004178, 50.87669933111402543, 3.698366727381826813 ) ) ;
#2529 = DIRECTION ( 'NONE',  ( -0.000000000000000000, -0.000000000000000000, -1.000000000000000000 ) ) ;
#2530 = AXIS2_PLACEMENT_3D ( 'NONE', #2576, #4012, #2956 ) ;
#2531 = CARTESIAN_POINT ( 'NONE',  ( 85.69167340183005876, 47.40213275383939617, 7.234985991815827688 ) ) ;
#2532 = ORIENTED_EDGE ( 'NONE', *, *, #2601, .T. ) ;
#2533 = LINE ( 'NONE', #4356, #1263 ) ;
#2534 = DIRECTION ( 'NONE',  ( 0.000000000000000000, 0.000000000000000000, 1.000000000000000000 ) ) ;
#2535 = EDGE_LOOP ( 'NONE', ( #3177, #491, #2657, #4347 ) ) ;
#2536 = CARTESIAN_POINT ( 'NONE',  ( 89.31268565872031218, -0.7839937946148742842, 5.616529430092876751 ) ) ;
#2537 = EDGE_CURVE ( 'NONE', #125, #848, #2129, .T. ) ;
#2538 = DIRECTION ( 'NONE',  ( 1.000000000000000000, 0.000000000000000000, 0.000000000000000000 ) ) ;
#2539 = CARTESIAN_POINT ( 'NONE',  ( 23.40140721247880151, -5.178291249048093903, 5.000000004329955061 ) ) ;
#2540 = ORIENTED_EDGE ( 'NONE', *, *, #1807, .F. ) ;
#2541 = CARTESIAN_POINT ( 'NONE',  ( 30.91500000000004533, 51.39999999999997016, 5.000000000000000000 ) ) ;
#2542 = EDGE_LOOP ( 'NONE', ( #1231, #3718, #1438 ) ) ;
#2543 = AXIS2_PLACEMENT_3D ( 'NONE', #1759, #3186, #1429 ) ;
#2544 = CIRCLE ( 'NONE', #3146, 6.000000000000000000 ) ;
#2545 = FACE_OUTER_BOUND ( 'NONE', #2044, .T. ) ;
#2546 = EDGE_CURVE ( 'NONE', #3354, #4188, #2304, .T. ) ;
#2547 = CARTESIAN_POINT ( 'NONE',  ( 34.37360483554332546, 46.63181871779629972, 8.211755662394635280 ) ) ;
#2548 = FACE_OUTER_BOUND ( 'NONE', #1554, .T. ) ;
#2549 = VERTEX_POINT ( 'NONE', #3521 ) ;
#2550 = DIRECTION ( 'NONE',  ( -0.000000000000000000, -0.000000000000000000, 1.000000000000000000 ) ) ;
#2551 = AXIS2_PLACEMENT_3D ( 'NONE', #2606, #3380, #209 ) ;
#2552 = AXIS2_PLACEMENT_3D ( 'NONE', #1677, #290, #1077 ) ;
#2553 = EDGE_CURVE ( 'NONE', #1190, #1559, #3118, .T. ) ;
#2554 = DIRECTION ( 'NONE',  ( -1.000000000000000000, 0.000000000000000000, -0.000000000000000000 ) ) ;
#2555 = LINE ( 'NONE', #4013, #3597 ) ;
#2556 = TOROIDAL_SURFACE ( 'NONE', #2184, 7.400000000000000355, 1.399999999999999911 ) ;
#2557 = DIRECTION ( 'NONE',  ( 0.000000000000000000, 0.000000000000000000, -1.000000000000000000 ) ) ;
#2558 = VERTEX_POINT ( 'NONE', #2740 ) ;
#2559 = CARTESIAN_POINT ( 'NONE',  ( 82.25641566136118854, 46.35831492458670766, 9.285714027157267125 ) ) ;
#2560 = CARTESIAN_POINT ( 'NONE',  ( 88.31697469964319680, 51.53398452777013006, 5.027540533814195634 ) ) ;
#2561 = EDGE_LOOP ( 'NONE', ( #4537, #3538, #2370, #331 ) ) ;
#2562 = CARTESIAN_POINT ( 'NONE',  ( 90.68567907560536412, -0.5516688852158075917, 6.257347182019998399 ) ) ;
#2563 = CARTESIAN_POINT ( 'NONE',  ( 23.54444537994766051, -1.137051666677079131, 5.142763123023494920 ) ) ;
#2564 = CARTESIAN_POINT ( 'NONE',  ( 104.6000000000000085, 45.39999999999999147, 9.000000000000001776 ) ) ;
#2565 = EDGE_CURVE ( 'NONE', #2566, #1093, #646, .T. ) ;
#2566 = VERTEX_POINT ( 'NONE', #206 ) ;
#2567 = DIRECTION ( 'NONE',  ( -0.000000000000000000, -0.9954099110309674314, -0.09570323412153616816 ) ) ;
#2568 = DIRECTION ( 'NONE',  ( -0.000000000000000000, -0.000000000000000000, 1.000000000000000000 ) ) ;
#2569 = CARTESIAN_POINT ( 'NONE',  ( 99.85826000323953622, -0.1315763333869788276, 8.775577008668248524 ) ) ;
#2570 = DIRECTION ( 'NONE',  ( 0.000000000000000000, 0.000000000000000000, 1.000000000000000000 ) ) ;
#2571 = CARTESIAN_POINT ( 'NONE',  ( -12.70000000000000107, 6.000000000000000000, 0.000000000000000000 ) ) ;
#2572 = ORIENTED_EDGE ( 'NONE', *, *, #2897, .T. ) ;
#2573 = CARTESIAN_POINT ( 'NONE',  ( 17.09787824647858301, 46.39999999999994884, 8.999999698236333501 ) ) ;
#2574 = EDGE_CURVE ( 'NONE', #940, #4578, #3073, .T. ) ;
#2575 = LINE ( 'NONE', #2955, #3603 ) ;
#2576 = CARTESIAN_POINT ( 'NONE',  ( 81.91697469964323375, -5.000000000000000000, 5.000000000000000000 ) ) ;
#2577 = CARTESIAN_POINT ( 'NONE',  ( 93.16697469964323375, -6.250000000000013323, -8.673617379884035472E-16 ) ) ;
#2578 = CARTESIAN_POINT ( 'NONE',  ( 17.97371469640339114, 46.53157633338738464, 8.775577008666795464 ) ) ;
#2579 = ADVANCED_FACE ( 'NONE', ( #2866 ), #1137, .T. ) ;
#2580 = CARTESIAN_POINT ( 'NONE',  ( 34.64585752441150390, -0.07093402564569578628, 8.942207955679680964 ) ) ;
#2581 = ORIENTED_EDGE ( 'NONE', *, *, #2811, .F. ) ;
#2582 = CARTESIAN_POINT ( 'NONE',  ( 85.10990208558746417, 47.07816507440259102, 7.686862611336007234 ) ) ;
#2583 = DIRECTION ( 'NONE',  ( -0.000000000000000000, -0.000000000000000000, -1.000000000000000000 ) ) ;
#2584 = EDGE_LOOP ( 'NONE', ( #3887, #701, #882, #4251, #2082, #2981 ) ) ;
#2585 = CARTESIAN_POINT ( 'NONE',  ( 29.61407538089281388, 50.57453699055005814, 5.186304173505678072 ) ) ;
#2586 = CARTESIAN_POINT ( 'NONE',  ( 90.44063386853019892, 0.02805905978732985487, 9.235301758974653552 ) ) ;
#2587 = AXIS2_PLACEMENT_3D ( 'NONE', #2807, #4225, #3558 ) ;
#2588 = CARTESIAN_POINT ( 'NONE',  ( 25.99366103003000816, 0.02027317711616120899, 9.200345074734867623 ) ) ;
#2589 = CYLINDRICAL_SURFACE ( 'NONE', #627, 1.000000000000000888 ) ;
#2590 = VERTEX_POINT ( 'NONE', #64 ) ;
#2591 = FACE_OUTER_BOUND ( 'NONE', #2613, .T. ) ;
#2592 = CYLINDRICAL_SURFACE ( 'NONE', #3216, 5.000000000000000888 ) ;
#2593 = CARTESIAN_POINT ( 'NONE',  ( 100.7063620677242568, -8.959979097424122962E-08, 9.145897756020193725 ) ) ;
#2594 = DIRECTION ( 'NONE',  ( 0.000000000000000000, 1.000000000000000000, 0.000000000000000000 ) ) ;
#2595 = ORIENTED_EDGE ( 'NONE', *, *, #4433, .F. ) ;
#2596 = CARTESIAN_POINT ( 'NONE',  ( 18.64008532389791029, 46.73585700779119634, 7.928613950768425234 ) ) ;
#2597 = EDGE_CURVE ( 'NONE', #4049, #736, #4580, .T. ) ;
#2598 = DIRECTION ( 'NONE',  ( 1.000000000000000000, 0.000000000000000000, 0.000000000000000000 ) ) ;
#2599 = LINE ( 'NONE', #2623, #2688 ) ;
#2600 = DIRECTION ( 'NONE',  ( 1.000000000000000000, 2.111225325732422144E-16, 0.000000000000000000 ) ) ;
#2601 = EDGE_CURVE ( 'NONE', #3105, #3953, #4372, .T. ) ;
#2602 = VERTEX_POINT ( 'NONE', #363 ) ;
#2603 = CARTESIAN_POINT ( 'NONE',  ( 94.61697469964320817, 51.39999999999998437, 3.633966658370840541 ) ) ;
#2604 = CARTESIAN_POINT ( 'NONE',  ( -15.70000000000000284, 40.39999999999997016, 10.00000000000000000 ) ) ;
#2605 = ORIENTED_EDGE ( 'NONE', *, *, #242, .F. ) ;
#2606 = CARTESIAN_POINT ( 'NONE',  ( 21.81500000000005102, 52.10820393249935023, 11.00000000000000000 ) ) ;
#2607 = AXIS2_PLACEMENT_3D ( 'NONE', #2401, #3767, #3133 ) ;
#2608 = VECTOR ( 'NONE', #482, 1000.000000000000000 ) ;
#2609 = DIRECTION ( 'NONE',  ( 0.000000000000000000, -0.000000000000000000, 1.000000000000000000 ) ) ;
#2610 = CARTESIAN_POINT ( 'NONE',  ( 89.37587788937986488, 50.29100370388027130, 4.999999923636783805 ) ) ;
#2611 = EDGE_CURVE ( 'NONE', #353, #2918, #1719, .T. ) ;
#2612 = CARTESIAN_POINT ( 'NONE',  ( 6.000000000000005329, 0.000000000000000000, 9.000000000000001776 ) ) ;
#2613 = EDGE_LOOP ( 'NONE', ( #870, #652, #1990, #812, #2469, #211 ) ) ;
#2614 = AXIS2_PLACEMENT_3D ( 'NONE', #2926, #382, #4344 ) ;
#2615 = CARTESIAN_POINT ( 'NONE',  ( 81.91697469964323375, 0.04168515250008988926, 9.285714285714286476 ) ) ;
#2616 = CARTESIAN_POINT ( 'NONE',  ( 96.13504117957739936, -3.792891581253775346, 5.293062559756197771 ) ) ;
#2617 = FACE_OUTER_BOUND ( 'NONE', #4096, .T. ) ;
#2618 = VERTEX_POINT ( 'NONE', #2141 ) ;
#2619 = VECTOR ( 'NONE', #695, 1000.000000000000000 ) ;
#2620 = CARTESIAN_POINT ( 'NONE',  ( 88.88156674614106123, 46.35831484749989073, 9.285714285714286476 ) ) ;
#2621 = AXIS2_PLACEMENT_3D ( 'NONE', #832, #3368, #492 ) ;
#2622 = DIRECTION ( 'NONE',  ( 1.000000000000000000, 0.000000000000000000, 0.000000000000000000 ) ) ;
#2623 = CARTESIAN_POINT ( 'NONE',  ( 93.16697469964323375, -6.250000000000013323, 5.000000000000000000 ) ) ;
#2624 = AXIS2_PLACEMENT_3D ( 'NONE', #1539, #1493, #829 ) ;
#2625 = CIRCLE ( 'NONE', #154, 1.699999999999996625 ) ;
#2626 = VERTEX_POINT ( 'NONE', #20 ) ;
#2627 = CIRCLE ( 'NONE', #597, 1.400000000000000133 ) ;
#2628 = LINE ( 'NONE', #1890, #352 ) ;
#2629 = DIRECTION ( 'NONE',  ( 0.000000000000000000, 0.000000000000000000, -1.000000000000000000 ) ) ;
#2630 = ORIENTED_EDGE ( 'NONE', *, *, #2231, .T. ) ;
#2631 = DIRECTION ( 'NONE',  ( 1.000000000000000000, 0.000000000000000000, 0.000000000000000000 ) ) ;
#2632 = EDGE_CURVE ( 'NONE', #1190, #2078, #2841, .T. ) ;
#2633 = CARTESIAN_POINT ( 'NONE',  ( 89.11017512989923262, 50.54567128218727134, 5.000000152726429725 ) ) ;
#2634 = CARTESIAN_POINT ( 'NONE',  ( 30.04356475045826613, 49.51974957974117331, 5.577094451977409051 ) ) ;
#2635 = ORIENTED_EDGE ( 'NONE', *, *, #2886, .T. ) ;
#2636 = ADVANCED_FACE ( 'NONE', ( #3632 ), #2526, .F. ) ;
#2637 = CARTESIAN_POINT ( 'NONE',  ( 81.91697469964319112, 46.39999999999998437, 0.000000000000000000 ) ) ;
#2638 = CARTESIAN_POINT ( 'NONE',  ( 23.66640052263541349, 51.02238870174830510, 4.999999985240039635 ) ) ;
#2639 = ORIENTED_EDGE ( 'NONE', *, *, #4297, .T. ) ;
#2640 = CARTESIAN_POINT ( 'NONE',  ( 101.0169746996432139, 46.35831484749989784, 9.285714285714290028 ) ) ;
#2641 = CARTESIAN_POINT ( 'NONE',  ( 21.74256994231735973, -4.075959423495829625, 3.836055833569345097 ) ) ;
#2642 = CARTESIAN_POINT ( 'NONE',  ( -12.70000000000000107, 4.000000000000000000, 0.000000000000000000 ) ) ;
#2643 = CARTESIAN_POINT ( 'NONE',  ( 33.70992227514248896, -0.3025155184972975198, 8.383117247896798574 ) ) ;
#2644 = CARTESIAN_POINT ( 'NONE',  ( 96.39793799170402622, -3.060799408638553487, 4.351784258574168618 ) ) ;
#2645 = LINE ( 'NONE', #3726, #2246 ) ;
#2646 = ORIENTED_EDGE ( 'NONE', *, *, #2309, .F. ) ;
#2647 = CARTESIAN_POINT ( 'NONE',  ( 125.3000000000000256, 6.000000000000000000, 0.000000000000000000 ) ) ;
#2648 = CARTESIAN_POINT ( 'NONE',  ( 88.48496663217240155, 51.63322677051095866, 4.999999998881416552 ) ) ;
#2649 = CARTESIAN_POINT ( 'NONE',  ( 123.3000000000000256, 6.000000000000000000, 10.00000000000000000 ) ) ;
#2650 = EDGE_LOOP ( 'NONE', ( #237, #4337, #1672, #2789 ) ) ;
#2651 = VECTOR ( 'NONE', #4367, 1000.000000000000000 ) ;
#2652 = AXIS2_PLACEMENT_3D ( 'NONE', #653, #2746, #3480 ) ;
#2653 = CARTESIAN_POINT ( 'NONE',  ( 99.74783222405615390, -0.07093402564589941506, 8.942207955679153386 ) ) ;
#2654 = DIRECTION ( 'NONE',  ( 0.000000000000000000, 0.000000000000000000, -1.000000000000000000 ) ) ;
#2655 = CARTESIAN_POINT ( 'NONE',  ( 24.11326044372536970, 47.22156596411652174, 5.544601870792602583 ) ) ;
#2656 = AXIS2_PLACEMENT_3D ( 'NONE', #1620, #3053, #4147 ) ;
#2657 = ORIENTED_EDGE ( 'NONE', *, *, #2419, .T. ) ;
#2658 = EDGE_CURVE ( 'NONE', #2590, #3481, #2117, .T. ) ;
#2659 = CARTESIAN_POINT ( 'NONE',  ( 90.95016403479084488, 46.37814162891287850, 9.208422287015929797 ) ) ;
#2660 = CARTESIAN_POINT ( 'NONE',  ( 19.43541313418244343, -0.7018492149170917349, 7.082355151647511171 ) ) ;
#2661 = CARTESIAN_POINT ( 'NONE',  ( 96.53229528515824143, 49.06172231156548946, 5.775813378230380657 ) ) ;
#2662 = CARTESIAN_POINT ( 'NONE',  ( 20.98601433222300727, -2.137855582637108842, 6.117450971980437302 ) ) ;
#2663 = EDGE_CURVE ( 'NONE', #4424, #959, #3832, .T. ) ;
#2664 = CARTESIAN_POINT ( 'NONE',  ( 18.08414247558710386, 46.47093402564601661, 8.942207955678783904 ) ) ;
#2665 = DIRECTION ( 'NONE',  ( 0.000000000000000000, 0.000000000000000000, -1.000000000000000000 ) ) ;
#2666 = CARTESIAN_POINT ( 'NONE',  ( 34.05736375231840185, -0.1958929156056161969, 8.619305215997684400 ) ) ;
#2667 = CARTESIAN_POINT ( 'NONE',  ( 23.11592461911025609, -4.174536990549577276, 5.186304173505844162 ) ) ;
#2668 = CARTESIAN_POINT ( 'NONE',  ( 91.46697469964324512, -6.250000000000013323, 5.000000000000000888 ) ) ;
#2669 = DIRECTION ( 'NONE',  ( 0.000000000000000000, 0.000000000000000000, 1.000000000000000000 ) ) ;
#2670 = CARTESIAN_POINT ( 'NONE',  ( 26.36500000000004107, 52.65000000000004121, 5.000000000000000000 ) ) ;
#2671 = B_SPLINE_CURVE_WITH_KNOTS ( 'NONE', 3,
 ( #1479, #3287, #69, #2872 ),
 .UNSPECIFIED., .F., .F.,
 ( 4, 4 ),
 ( 0.000000000000000000, 1.000000000000000000 ),
 .UNSPECIFIED. ) ;
#2672 = CARTESIAN_POINT ( 'NONE',  ( 90.84025837753505073, 46.37680250619426658, 9.214171110249086638 ) ) ;
#2673 = ORIENTED_EDGE ( 'NONE', *, *, #1032, .F. ) ;
#2674 = CARTESIAN_POINT ( 'NONE',  ( 21.81500000000005102, 52.65000000000004121, 0.000000000000000000 ) ) ;
#2675 = ORIENTED_EDGE ( 'NONE', *, *, #3297, .T. ) ;
#2676 = CARTESIAN_POINT ( 'NONE',  ( 88.31697469964323943, -5.708203932499369415, 3.599999999999999201 ) ) ;
#2677 = CIRCLE ( 'NONE', #276, 6.000000000000000000 ) ;
#2678 = EDGE_CURVE ( 'NONE', #736, #2829, #4308, .T. ) ;
#2679 = CARTESIAN_POINT ( 'NONE',  ( 99.95508813373189128, -0.03505845609244376271, 9.044672882760972144 ) ) ;
#2680 = DIRECTION ( 'NONE',  ( 1.000000000000000000, 0.000000000000000000, 0.000000000000000000 ) ) ;
#2681 = CARTESIAN_POINT ( 'NONE',  ( 27.03628010735246079, 49.56199991485735978, 4.999999743389705209 ) ) ;
#2682 = ORIENTED_EDGE ( 'NONE', *, *, #3810, .T. ) ;
#2683 = AXIS2_PLACEMENT_3D ( 'NONE', #1167, #2903, #403 ) ;
#2684 = ADVANCED_FACE ( 'NONE', ( #3947 ), #4598, .T. ) ;
#2685 = CARTESIAN_POINT ( 'NONE',  ( 100.6775337379254722, 46.35831492458540737, 9.285714027161656503 ) ) ;
#2686 = CARTESIAN_POINT ( 'NONE',  ( 96.01697469964324227, -6.250000000000014211, 0.000000000000000000 ) ) ;
#2687 = DIRECTION ( 'NONE',  ( 1.000000000000000000, 0.000000000000000000, 0.000000000000000000 ) ) ;
#2688 = VECTOR ( 'NONE', #3633, 1000.000000000000000 ) ;
#2689 = DIRECTION ( 'NONE',  ( 0.000000000000000000, 0.000000000000000000, 1.000000000000000000 ) ) ;
#2690 = AXIS2_PLACEMENT_3D ( 'NONE', #1256, #3092, #2687 ) ;
#2691 = EDGE_CURVE ( 'NONE', #668, #704, #2909, .T. ) ;
#2692 = AXIS2_PLACEMENT_3D ( 'NONE', #4516, #1592, #1287 ) ;
#2693 = CARTESIAN_POINT ( 'NONE',  ( 26.36500000000004817, 52.65000000000004121, 5.000000000000000000 ) ) ;
#2694 = DIRECTION ( 'NONE',  ( 0.000000000000000000, 0.000000000000000000, -1.000000000000000000 ) ) ;
#2695 = LINE ( 'NONE', #3827, #4363 ) ;
#2696 = ORIENTED_EDGE ( 'NONE', *, *, #3891, .F. ) ;
#2697 = VECTOR ( 'NONE', #1180, 1000.000000000000000 ) ;
#2698 = FACE_OUTER_BOUND ( 'NONE', #3595, .T. ) ;
#2699 = VECTOR ( 'NONE', #1992, 999.9999999999998863 ) ;
#2700 =( BOUNDED_SURFACE ( )  B_SPLINE_SURFACE ( 2, 3, ( 
 ( #680, #1765, #1064, #323, #1412, #4383, #2980, #1545, #3659, #1956, #1977, #811, #1887, #4038, #1930, #161 ),
 ( #835, #132, #2249, #1527, #1177, #1195, #3351, #3684, #1570, #1156, #4063, #522, #2312, #2270, #3396, #3749 ),
 ( #183, #3705, #481, #4451, #2960, #3006, #1218, #788, #437, #2643, #2666, #2580, #112, #4404, #4016, #2224 ) ),
 .UNSPECIFIED., .F., .F., .T. ) 
 B_SPLINE_SURFACE_WITH_KNOTS ( ( 3, 3 ),
 ( 4, 2, 2, 2, 2, 2, 2, 4 ),
 ( 0.000000000000000000, 1.000000000000000000 ),
 ( 0.000000000000000000, 0.001285461455467182962, 0.002570922910934365924, 0.005141845821868731847, 0.007712768732803097771, 0.008998230188270280733, 0.009640960916003872214, 0.01028369164373746369 ),
 .UNSPECIFIED. ) 
 GEOMETRIC_REPRESENTATION_ITEM ( )  RATIONAL_B_SPLINE_SURFACE ( (
 ( 1.000000000000000000, 1.000000000000000000, 1.000000000000000000, 1.000000000000000000, 1.000000000000000000, 1.000000000000000000, 1.000000000000000000, 1.000000000000000000, 1.000000000000000000, 1.000000000000000000, 1.000000000000000000, 1.000000000000000000, 1.000000000000000000, 1.000000000000000000, 1.000000000000000000, 1.000000000000000000),
 ( 0.7071067811865467956, 0.7110400930582670975, 0.7222236534434610666, 0.7482222592938333472, 0.7632568035511134719, 0.8094360125432590314, 0.8416830905384818928, 0.9004258755103052847, 0.9272361658430172682, 0.9592048874235988842, 0.9685053220531584239, 0.9795074006083667184, 0.9826890182791924166, 0.9876140079641032576, 0.9894255275012645567, 0.9895238368780990834),
 ( 1.000000000000000000, 1.000000000000000000, 1.000000000000000000, 1.000000000000000000, 1.000000000000000000, 1.000000000000000000, 1.000000000000000000, 1.000000000000000000, 1.000000000000000000, 1.000000000000000000, 1.000000000000000000, 1.000000000000000000, 1.000000000000000000, 1.000000000000000000, 1.000000000000000000, 1.000000000000000000) ) ) 
 REPRESENTATION_ITEM ( '' )  SURFACE ( )  );
#2701 = CARTESIAN_POINT ( 'NONE',  ( 91.21810192009010620, 46.38090147511251615, 9.194510910237706725 ) ) ;
#2702 = ORIENTED_EDGE ( 'NONE', *, *, #4433, .T. ) ;
#2703 = CARTESIAN_POINT ( 'NONE',  ( 104.6000000000000227, -5.708203932499369415, 11.00000000000000000 ) ) ;
#2704 = ORIENTED_EDGE ( 'NONE', *, *, #4318, .F. ) ;
#2705 = CARTESIAN_POINT ( 'NONE',  ( 30.91500000000004533, 51.53398452777011585, 5.027540533814199186 ) ) ;
#2706 = CARTESIAN_POINT ( 'NONE',  ( 6.000000000000000000, 43.39999999999997016, 9.000000000000001776 ) ) ;
#2707 = FACE_BOUND ( 'NONE', #756, .T. ) ;
#2708 = CARTESIAN_POINT ( 'NONE',  ( 29.40255383038816106, -5.407048908265414511, 5.000000002236926200 ) ) ;
#2709 = DIRECTION ( 'NONE',  ( -0.000000000000000000, 1.000000000000000000, -0.000000000000000000 ) ) ;
#2710 = CARTESIAN_POINT ( 'NONE',  ( 26.24684203922533499, 46.38179249017892403, 9.189957567198966615 ) ) ;
#2711 =( LENGTH_UNIT ( ) NAMED_UNIT ( * ) SI_UNIT ( .MILLI., .METRE. ) );
#2712 = DIRECTION ( 'NONE',  ( 0.000000000000000000, 0.000000000000000000, 1.000000000000000000 ) ) ;
#2713 = CARTESIAN_POINT ( 'NONE',  ( 123.3000000000000256, 46.39999999999999147, 10.00000000000000000 ) ) ;
#2714 = ORIENTED_EDGE ( 'NONE', *, *, #2405, .F. ) ;
#2715 = CARTESIAN_POINT ( 'NONE',  ( 6.000000000000000000, 42.39999999999997016, 9.000000000000001776 ) ) ;
#2716 = CARTESIAN_POINT ( 'NONE',  ( 26.36500000000004107, -6.250000000000008882, 0.000000000000000000 ) ) ;
#2717 = FACE_OUTER_BOUND ( 'NONE', #824, .T. ) ;
#2718 = DIRECTION ( 'NONE',  ( 1.000000000000000000, 2.814967100976562858E-16, -0.000000000000000000 ) ) ;
#2719 = ORIENTED_EDGE ( 'NONE', *, *, #2471, .T. ) ;
#2721 = EDGE_CURVE ( 'NONE', #3871, #3383, #763, .T. ) ;
#2720 = CARTESIAN_POINT ( 'NONE',  ( 100.4717827906841876, 46.42498561500607224, 9.067798870449191639 ) ) ;
#2722 = CARTESIAN_POINT ( 'NONE',  ( 91.83831366961344145, 46.37972682288382487, 9.200345074734872952 ) ) ;
#2723 = VERTEX_POINT ( 'NONE', #321 ) ;
#2724 = DIRECTION ( 'NONE',  ( 0.000000000000000000, 0.000000000000000000, 1.000000000000000000 ) ) ;
#2725 = ORIENTED_EDGE ( 'NONE', *, *, #657, .F. ) ;
#2726 = CARTESIAN_POINT ( 'NONE',  ( 34.85311343409033924, 46.43505845609248439, 9.044672882760773192 ) ) ;
#2728 = EDGE_CURVE ( 'NONE', #2855, #3128, #2488, .T. ) ;
#2727 = CARTESIAN_POINT ( 'NONE',  ( 19.43541313418655747, 47.10184921491893562, 7.082355151647896641 ) ) ;
#2729 = CARTESIAN_POINT ( 'NONE',  ( 27.87346629404008169, -0.6288215908796346287, 6.003272696335832492 ) ) ;
#2730 = CARTESIAN_POINT ( 'NONE',  ( 29.40436088918831103, 51.81407645917756355, 5.000000002098043517 ) ) ;
#2731 = CYLINDRICAL_SURFACE ( 'NONE', #1682, 4.549999999999998934 ) ;
#2732 = CARTESIAN_POINT ( 'NONE',  ( 26.44594735257232543, 46.38194273511783905, 9.189180107961943733 ) ) ;
#2733 = ORIENTED_EDGE ( 'NONE', *, *, #2876, .F. ) ;
#2734 = CARTESIAN_POINT ( 'NONE',  ( 98.14005008192386015, 47.24844561782094132, 7.419485966423606804 ) ) ;
#2735 = CIRCLE ( 'NONE', #713, 1.000000000000000888 ) ;
#2736 = CARTESIAN_POINT ( 'NONE',  ( 17.97371469640496144, -0.1315763333869588991, 8.775577008668742351 ) ) ;
#2737 = ORIENTED_EDGE ( 'NONE', *, *, #2371, .T. ) ;
#2738 = CARTESIAN_POINT ( 'NONE',  ( 21.64316242344336416, 48.19199418479983166, 6.418980721230561848 ) ) ;
#2739 = DIRECTION ( 'NONE',  ( -0.000000000000000000, 0.000000000000000000, -1.000000000000000000 ) ) ;
#2740 = CARTESIAN_POINT ( 'NONE',  ( 30.91500000000004533, 51.39999999999997016, 3.633966658370840985 ) ) ;
#2741 = CARTESIAN_POINT ( 'NONE',  ( 86.65671655031957243, -3.366095562035361421, 4.160209839790626418 ) ) ;
#2742 = EDGE_LOOP ( 'NONE', ( #1775, #2682, #4302, #3820 ) ) ;
#2743 = CARTESIAN_POINT ( 'NONE',  ( 100.1330679421306655, 46.47485810325702005, 8.716407524613991598 ) ) ;
#2744 = EDGE_CURVE ( 'NONE', #2511, #1022, #2244, .T. ) ;
#2745 = CARTESIAN_POINT ( 'NONE',  ( 93.37545397346947595, 47.10861468344700143, 5.784081985477363297 ) ) ;
#2746 = DIRECTION ( 'NONE',  ( -0.000000000000000000, -0.000000000000000000, 1.000000000000000000 ) ) ;
#2747 = EDGE_LOOP ( 'NONE', ( #4418, #513, #3619, #2422 ) ) ;
#2748 = CARTESIAN_POINT ( 'NONE',  ( 34.94463043997004092, 46.48959483566261497, 8.886104278001768719 ) ) ;
#2749 = CARTESIAN_POINT ( 'NONE',  ( 91.90605004899340713, 0.02099034722082354296, 9.203840687703827683 ) ) ;
#2750 = EDGE_CURVE ( 'NONE', #105, #4322, #3159, .T. ) ;
#2751 = CARTESIAN_POINT ( 'NONE',  ( 27.92970606181545534, -3.507683539563885233, 5.000000228726348972 ) ) ;
#2752 = ORIENTED_EDGE ( 'NONE', *, *, #2601, .F. ) ;
#2753 = CARTESIAN_POINT ( 'NONE',  ( 92.50059742677913732, 0.02815837658407914848, 9.236060913608337586 ) ) ;
#2754 = FACE_OUTER_BOUND ( 'NONE', #2964, .T. ) ;
#2755 = ORIENTED_EDGE ( 'NONE', *, *, #3382, .F. ) ;
#2756 = CARTESIAN_POINT ( 'NONE',  ( 104.6000000000000227, 46.39999999999999147, 9.000000000000001776 ) ) ;
#2757 = DIRECTION ( 'NONE',  ( 1.000000000000000000, 0.000000000000000000, 0.000000000000000000 ) ) ;
#2758 = ORIENTED_EDGE ( 'NONE', *, *, #2205, .F. ) ;
#2759 = DIRECTION ( 'NONE',  ( -0.000000000000000000, -0.000000000000000000, 1.000000000000000000 ) ) ;
#2760 = CARTESIAN_POINT ( 'NONE',  ( 17.15444096171800226, 46.35831492458719794, 9.285714027155590244 ) ) ;
#2761 = LINE ( 'NONE', #4260, #3432 ) ;
#2762 = VECTOR ( 'NONE', #1707, 999.9999999999998863 ) ;
#2763 = AXIS2_PLACEMENT_3D ( 'NONE', #4201, #3541, #979 ) ;
#2764 = CARTESIAN_POINT ( 'NONE',  ( 91.98435156385140488, 46.37813469802355826, 9.208454547117236544 ) ) ;
#2765 = CARTESIAN_POINT ( 'NONE',  ( 81.91697469964323375, 0.000000000000000000, 9.000000000000001776 ) ) ;
#2766 = CARTESIAN_POINT ( 'NONE',  ( 126.3000000000000256, 40.39999999999999147, 9.000000000000001776 ) ) ;
#2767 = ORIENTED_EDGE ( 'NONE', *, *, #3864, .T. ) ;
#2768 = CARTESIAN_POINT ( 'NONE',  ( 100.7340964531648666, 46.39999999999999147, 8.999999698242353574 ) ) ;
#2769 = CIRCLE ( 'NONE', #3671, 3.149999999999999911 ) ;
#2770 = AXIS2_PLACEMENT_3D ( 'NONE', #364, #2160, #743 ) ;
#2771 = DIRECTION ( 'NONE',  ( 0.000000000000000000, -1.000000000000000000, 0.000000000000000000 ) ) ;
#2772 = CARTESIAN_POINT ( 'NONE',  ( 94.13243696791543869, 50.96579531150800335, 5.000000037719283696 ) ) ;
#2773 = AXIS2_PLACEMENT_3D ( 'NONE', #2024, #4562, #881 ) ;
#2774 = CARTESIAN_POINT ( 'NONE',  ( 85.78267910953599085, 48.18131891723648863, 5.468001728180700738 ) ) ;
#2775 = ORIENTED_EDGE ( 'NONE', *, *, #3995, .F. ) ;
#2776 = CARTESIAN_POINT ( 'NONE',  ( 30.90112341791680350, 51.14021498980397951, 5.065399346801024549 ) ) ;
#2777 = CARTESIAN_POINT ( 'NONE',  ( 91.61813695797596324, 0.01838656288409985795, 9.190883246934809847 ) ) ;
#2778 = EDGE_CURVE ( 'NONE', #767, #668, #1736, .T. ) ;
#2779 = VECTOR ( 'NONE', #624, 1000.000000000000000 ) ;
#2780 = CARTESIAN_POINT ( 'NONE',  ( 26.41711574341985624, 0.01797679951718498745, 9.188761237603021215 ) ) ;
#2781 = DIRECTION ( 'NONE',  ( 0.000000000000000000, 0.000000000000000000, 1.000000000000000000 ) ) ;
#2782 = CARTESIAN_POINT ( 'NONE',  ( 23.21500000000004960, 52.10820393249935023, 5.000000000000000000 ) ) ;
#2783 = VERTEX_POINT ( 'NONE', #2577 ) ;
#2784 = VECTOR ( 'NONE', #2505, 1000.000000000000000 ) ;
#2785 = ADVANCED_FACE ( 'NONE', ( #3348 ), #3606, .T. ) ;
#2786 =( NAMED_UNIT ( * ) PLANE_ANGLE_UNIT ( ) SI_UNIT ( $, .RADIAN. ) );
#2787 = CARTESIAN_POINT ( 'NONE',  ( 128.3000000000000398, 6.000000000000000000, 10.00000000000000000 ) ) ;
#2788 = CARTESIAN_POINT ( 'NONE',  ( 88.31697469964321101, 52.65000000000004121, 3.600000000000000089 ) ) ;
#2789 = ORIENTED_EDGE ( 'NONE', *, *, #3356, .F. ) ;
#2790 = CARTESIAN_POINT ( 'NONE',  ( 89.76697469964324227, -6.250000000000013323, -8.673617379884035472E-16 ) ) ;
#2791 = DIRECTION ( 'NONE',  ( 0.000000000000000000, 0.000000000000000000, 1.000000000000000000 ) ) ;
#2792 = DIRECTION ( 'NONE',  ( 1.000000000000000000, 0.000000000000000000, 0.000000000000000000 ) ) ;
#2793 = CARTESIAN_POINT ( 'NONE',  ( 35.91500000000004178, 46.39999999999997726, 9.096583900478682594 ) ) ;
#2794 = DIRECTION ( 'NONE',  ( 0.000000000000000000, 0.000000000000000000, -1.000000000000000000 ) ) ;
#2795 = CARTESIAN_POINT ( 'NONE',  ( 82.97267906968183127, -0.1098720639105095348, 8.595321593667712534 ) ) ;
#2796 = FACE_OUTER_BOUND ( 'NONE', #3639, .T. ) ;
#2797 = FACE_OUTER_BOUND ( 'NONE', #1670, .T. ) ;
#2798 = CARTESIAN_POINT ( 'NONE',  ( 92.65664955185022222, 46.98661027203517904, 6.136796593080863005 ) ) ;
#2799 = ORIENTED_EDGE ( 'NONE', *, *, #3614, .T. ) ;
#2800 = CARTESIAN_POINT ( 'NONE',  ( 86.91697469964320533, 50.87669933111401122, 3.698366727380366203 ) ) ;
#2801 = ORIENTED_EDGE ( 'NONE', *, *, #1693, .F. ) ;
#2802 = CARTESIAN_POINT ( 'NONE',  ( 35.57555903828228594, 46.35831492458539316, 9.285714027161656503 ) ) ;
#2803 = CARTESIAN_POINT ( 'NONE',  ( 94.52275052677390477, -5.482455095967372571, 4.999999999813742768 ) ) ;
#2804 = CARTESIAN_POINT ( 'NONE',  ( 26.51616225833270946, 0.01838656288409931672, 9.190883246934804518 ) ) ;
#2805 = CARTESIAN_POINT ( 'NONE',  ( 29.46014617015598702, 52.06290111343262339, 4.999999999999999112 ) ) ;
#2806 = ORIENTED_EDGE ( 'NONE', *, *, #1071, .T. ) ;
#2807 = CARTESIAN_POINT ( 'NONE',  ( 23.21500000000005670, 52.10820393249935023, 11.00000000000000000 ) ) ;
#2808 = DIRECTION ( 'NONE',  ( 0.000000000000000000, 0.000000000000000000, -1.000000000000000000 ) ) ;
#2809 = EDGE_LOOP ( 'NONE', ( #2532, #1877, #1186, #3815 ) ) ;
#2810 = CARTESIAN_POINT ( 'NONE',  ( 123.3000000000000256, 6.000000000000000000, 9.000000000000001776 ) ) ;
#2811 = EDGE_CURVE ( 'NONE', #113, #1751, #2324, .T. ) ;
#2812 = LINE ( 'NONE', #4633, #2316 ) ;
#2813 = EDGE_LOOP ( 'NONE', ( #317, #4575, #1105 ) ) ;
#2814 = CARTESIAN_POINT ( 'NONE',  ( 26.10656395399707108, 46.38206217549482346, 9.188557375276280581 ) ) ;
#2815 = CARTESIAN_POINT ( 'NONE',  ( 88.31697469964319680, 52.10820393249936444, 11.00000000000000000 ) ) ;
#2816 = CIRCLE ( 'NONE', #1170, 7.400000000000000355 ) ;
#2817 = EDGE_CURVE ( 'NONE', #1900, #576, #3540, .T. ) ;
#2818 = AXIS2_PLACEMENT_3D ( 'NONE', #280, #2724, #1745 ) ;
#2819 = FACE_OUTER_BOUND ( 'NONE', #729, .T. ) ;
#2820 = DIRECTION ( 'NONE',  ( 0.000000000000000000, -0.000000000000000000, 1.000000000000000000 ) ) ;
#2821 = CARTESIAN_POINT ( 'NONE',  ( 83.18611717523042159, -0.07093402564578679681, 8.942207955679448261 ) ) ;
#2822 = CARTESIAN_POINT ( 'NONE',  ( 32.72207261406173728, -0.6781650744021903154, 7.686862611336774620 ) ) ;
#2823 = CARTESIAN_POINT ( 'NONE',  ( 93.31173732413471100, 50.09235812368488183, 4.999999881994161122 ) ) ;
#2824 = VERTEX_POINT ( 'NONE', #4060 ) ;
#2825 = DIRECTION ( 'NONE',  ( -1.000000000000000000, -0.000000000000000000, 0.000000000000000000 ) ) ;
#2826 = ORIENTED_EDGE ( 'NONE', *, *, #3125, .T. ) ;
#2827 = CARTESIAN_POINT ( 'NONE',  ( 94.37096339796225664, -5.028628646251577017, 4.999999997591346279 ) ) ;
#2828 = CARTESIAN_POINT ( 'NONE',  ( 26.58163996537514961, 0.01883343094722327374, 9.193167071883561192 ) ) ;
#2829 = VERTEX_POINT ( 'NONE', #3310 ) ;
#2830 = DIRECTION ( 'NONE',  ( 1.000000000000000000, 0.000000000000000000, 0.000000000000000000 ) ) ;
#2831 = ORIENTED_EDGE ( 'NONE', *, *, #1571, .T. ) ;
#2832 = DIRECTION ( 'NONE',  ( 0.000000000000000000, 0.000000000000000000, -1.000000000000000000 ) ) ;
#2833 = FILL_AREA_STYLE_COLOUR ( '', #3005 ) ;
#2834 = ORIENTED_EDGE ( 'NONE', *, *, #515, .T. ) ;
#2835 = DIRECTION ( 'NONE',  ( 1.000000000000000000, 0.000000000000000000, 0.000000000000000000 ) ) ;
#2836 = CARTESIAN_POINT ( 'NONE',  ( 30.91500000000004533, 52.10820393249935023, 3.600000000000000089 ) ) ;
#2837 = AXIS2_PLACEMENT_3D ( 'NONE', #2998, #4102, #1212 ) ;
#2838 = AXIS2_PLACEMENT_3D ( 'NONE', #3046, #1573, #2694 ) ;
#2839 = ADVANCED_FACE ( 'NONE', ( #1883 ), #1215, .F. ) ;
#2840 = CARTESIAN_POINT ( 'NONE',  ( 21.81500000000005102, -5.000000000000000000, 3.633966658370840097 ) ) ;
#2841 = LINE ( 'NONE', #4330, #1207 ) ;
#2842 = CARTESIAN_POINT ( 'NONE',  ( 86.08798903186081475, -2.137855582631723816, 6.117450971978534824 ) ) ;
#2843 = ADVANCED_FACE ( 'NONE', ( #2268 ), #2556, .T. ) ;
#2844 = CARTESIAN_POINT ( 'NONE',  ( 94.57003077732545648, 47.63606797749978483, 4.999999999999992895 ) ) ;
#2845 = EDGE_LOOP ( 'NONE', ( #3075, #1792, #1534, #3218, #4634 ) ) ;
#2846 = CARTESIAN_POINT ( 'NONE',  ( 28.77417895792000380, 47.29450052463626974, 5.423262391957518247 ) ) ;
#2847 = CARTESIAN_POINT ( 'NONE',  ( 87.95697779127570470, 49.83699200407141205, 5.432883167384387590 ) ) ;
#2848 = AXIS2_PLACEMENT_3D ( 'NONE', #2357, #2023, #3826 ) ;
#2849 = ORIENTED_EDGE ( 'NONE', *, *, #3473, .F. ) ;
#2850 = CARTESIAN_POINT ( 'NONE',  ( 94.43381962261170770, -1.203747590284889535, 5.067383063335140214 ) ) ;
#2851 = AXIS2_PLACEMENT_3D ( 'NONE', #1142, #3138, #2431 ) ;
#2852 = EDGE_CURVE ( 'NONE', #1458, #2723, #2625, .T. ) ;
#2853 = AXIS2_PLACEMENT_3D ( 'NONE', #228, #3518, #1660 ) ;
#2854 = CARTESIAN_POINT ( 'NONE',  ( 25.46415202233545827, 0.02653981078379344383, 9.228958591081205753 ) ) ;
#2855 = VERTEX_POINT ( 'NONE', #108 ) ;
#2856 = DIRECTION ( 'NONE',  ( 1.000000000000000000, -0.000000000000000000, -0.000000000000000000 ) ) ;
#2857 = VERTEX_POINT ( 'NONE', #1173 ) ;
#2858 = VECTOR ( 'NONE', #416, 1000.000000000000000 ) ;
#2859 = CARTESIAN_POINT ( 'NONE',  ( 29.46805607768231283, -5.708203932499369415, 5.000000000000000888 ) ) ;
#2860 = TOROIDAL_SURFACE ( 'NONE', #3680, 7.400000000000000355, 1.399999999999999911 ) ;
#2861 = CARTESIAN_POINT ( 'NONE',  ( 97.94488787919186734, -1.016802658063493681, 6.516758327470855150 ) ) ;
#2862 = DIRECTION ( 'NONE',  ( 0.000000000000000000, 0.000000000000000000, 1.000000000000000000 ) ) ;
#2863 = ORIENTED_EDGE ( 'NONE', *, *, #2067, .F. ) ;
#2864 = LINE ( 'NONE', #4348, #2619 ) ;
#2865 = DIRECTION ( 'NONE',  ( -0.000000000000000000, -0.000000000000000000, 1.000000000000000000 ) ) ;
#2866 = FACE_OUTER_BOUND ( 'NONE', #1328, .T. ) ;
#2867 = CARTESIAN_POINT ( 'NONE',  ( 85.69167340183011561, -1.002132753839917623, 7.234985991815308992 ) ) ;
#2868 = CARTESIAN_POINT ( 'NONE',  ( 123.3000000000000256, 6.000000000000000000, 10.00000000000000000 ) ) ;
#2869 = CARTESIAN_POINT ( 'NONE',  ( 88.21789931875331092, 50.57453699054987339, 5.186304173505743798 ) ) ;
#2870 = EDGE_CURVE ( 'NONE', #2234, #4190, #3986, .T. ) ;
#2871 = ORIENTED_EDGE ( 'NONE', *, *, #495, .T. ) ;
#2872 = CARTESIAN_POINT ( 'NONE',  ( 81.91697469964319112, 46.39999999999998437, 9.000000000000001776 ) ) ;
#2873 = EDGE_LOOP ( 'NONE', ( #947, #4626, #488, #1625 ) ) ;
#2874 = CARTESIAN_POINT ( 'NONE',  ( 26.36500000000004817, 52.65000000000004121, 5.000000000000000888 ) ) ;
#2875 = CARTESIAN_POINT ( 'NONE',  ( 25.71340087330541380, 0.02349927615803798150, 9.215542575669870118 ) ) ;
#2876 = EDGE_CURVE ( 'NONE', #267, #4478, #752, .T. ) ;
#2877 = ORIENTED_EDGE ( 'NONE', *, *, #2124, .F. ) ;
#2878 = DIRECTION ( 'NONE',  ( -0.000000000000000000, 1.000000000000000000, -0.000000000000000000 ) ) ;
#2879 = ORIENTED_EDGE ( 'NONE', *, *, #3781, .F. ) ;
#2880 = CARTESIAN_POINT ( 'NONE',  ( 88.31697469964323943, -5.133984527770151018, 5.027540533814194745 ) ) ;
#2881 = DIRECTION ( 'NONE',  ( 1.000000000000000000, 0.000000000000000000, 0.000000000000000000 ) ) ;
#2882 = CARTESIAN_POINT ( 'NONE',  ( 23.26194392231779062, 52.10820393249935023, 5.000000000000000888 ) ) ;
#2883 = VERTEX_POINT ( 'NONE', #2222 ) ;
#2884 = CARTESIAN_POINT ( 'NONE',  ( 21.81500000000005102, -6.250000000000012434, 0.000000000000000000 ) ) ;
#2885 = DIRECTION ( 'NONE',  ( -1.000000000000000000, 0.000000000000000000, -0.000000000000000000 ) ) ;
#2886 = EDGE_CURVE ( 'NONE', #1936, #4314, #432, .T. ) ;
#2887 = FACE_OUTER_BOUND ( 'NONE', #4521, .T. ) ;
#2888 = CARTESIAN_POINT ( 'NONE',  ( 27.52000681049979391, 49.70851618569644614, 5.000000256610291238 ) ) ;
#2889 = VECTOR ( 'NONE', #3173, 1000.000000000000000 ) ;
#2890 = CARTESIAN_POINT ( 'NONE',  ( 87.95697779127570470, 49.83699200407141205, 5.432883167384385814 ) ) ;
#2891 = VECTOR ( 'NONE', #1225, 1000.000000000000000 ) ;
#2892 = ORIENTED_EDGE ( 'NONE', *, *, #1489, .T. ) ;
#2893 = CARTESIAN_POINT ( 'NONE',  ( 28.45064241898604607, 47.15973397758760655, 5.666388721553818009 ) ) ;
#2894 = FACE_OUTER_BOUND ( 'NONE', #2906, .T. ) ;
#2895 = EDGE_LOOP ( 'NONE', ( #3958, #2443, #790, #2516 ) ) ;
#2896 = CARTESIAN_POINT ( 'NONE',  ( 88.48103301751110905, -5.244938843274861817, 4.999999998951010660 ) ) ;
#2897 = EDGE_CURVE ( 'NONE', #3660, #2072, #596, .T. ) ;
#2898 = CARTESIAN_POINT ( 'NONE',  ( 25.83771767730312163, 0.02201349126798333652, 9.208697518740493138 ) ) ;
#2899 = ORIENTED_EDGE ( 'NONE', *, *, #1771, .T. ) ;
#2900 = CARTESIAN_POINT ( 'NONE',  ( 30.91500000000004533, -5.708203932499369415, 11.00000000000000000 ) ) ;
#2901 = VERTEX_POINT ( 'NONE', #2642 ) ;
#2902 = EDGE_CURVE ( 'NONE', #3082, #1190, #2310, .T. ) ;
#2903 = DIRECTION ( 'NONE',  ( 0.000000000000000000, -1.000000000000000000, 0.000000000000000000 ) ) ;
#2904 = CARTESIAN_POINT ( 'NONE',  ( 101.0169746996432423, 0.04168515250008988926, 9.285714285714286476 ) ) ;
#2905 = DIRECTION ( 'NONE',  ( -1.000000000000000000, 0.000000000000000000, 0.000000000000000000 ) ) ;
#2906 = EDGE_LOOP ( 'NONE', ( #1942, #18, #1345, #3273, #1615 ) ) ;
#2907 = DIRECTION ( 'NONE',  ( 1.000000000000000000, 0.000000000000000000, 0.000000000000000000 ) ) ;
#2908 = AXIS2_PLACEMENT_3D ( 'NONE', #3901, #1782, #3849 ) ;
#2909 = LINE ( 'NONE', #4350, #985 ) ;
#2910 = CARTESIAN_POINT ( 'NONE',  ( 17.09787824647858656, 46.39999999999997016, 8.999999698236331724 ) ) ;
#2911 = CARTESIAN_POINT ( 'NONE',  ( 82.97886126555307840, 46.43505845609266913, 9.044672882760215415 ) ) ;
#2912 = ORIENTED_EDGE ( 'NONE', *, *, #3050, .T. ) ;
#2913 = FACE_OUTER_BOUND ( 'NONE', #2742, .T. ) ;
#2914 = CARTESIAN_POINT ( 'NONE',  ( 123.3000000000000256, 46.39999999999999147, 0.000000000000000000 ) ) ;
#2915 = ORIENTED_EDGE ( 'NONE', *, *, #3366, .F. ) ;
#2916 = CARTESIAN_POINT ( 'NONE',  ( 88.40997242618082907, -5.487513069921611475, 4.999999999818482088 ) ) ;
#2917 = CARTESIAN_POINT ( 'NONE',  ( 23.82183887747163809, -0.9690822574970032743, 5.321761915397452469 ) ) ;
#2918 = VERTEX_POINT ( 'NONE', #3722 ) ;
#2919 = VECTOR ( 'NONE', #1768, 1000.000000000000000 ) ;
#2920 = CARTESIAN_POINT ( 'NONE',  ( -14.70000000000000107, 6.000000000000000000, 9.000000000000001776 ) ) ;
#2921 = ORIENTED_EDGE ( 'NONE', *, *, #1288, .T. ) ;
#2922 = EDGE_CURVE ( 'NONE', #3128, #4384, #1052, .T. ) ;
#2923 = LINE ( 'NONE', #1488, #4284 ) ;
#2924 = AXIS2_PLACEMENT_3D ( 'NONE', #1363, #3137, #2065 ) ;
#2925 = CIRCLE ( 'NONE', #294, 5.000000000000000000 ) ;
#2926 = CARTESIAN_POINT ( 'NONE',  ( 88.31697469964319680, 52.10820393249936444, 3.600000000000000089 ) ) ;
#2927 = FACE_OUTER_BOUND ( 'NONE', #4514, .T. ) ;
#2928 = CARTESIAN_POINT ( 'NONE',  ( 81.91697469964319112, 46.35831484749989784, 9.285714285714286476 ) ) ;
#2929 = ORIENTED_EDGE ( 'NONE', *, *, #796, .F. ) ;
#2930 = VECTOR ( 'NONE', #2227, 1000.000000000000000 ) ;
#2931 = EDGE_CURVE ( 'NONE', #68, #3082, #1194, .T. ) ;
#2932 = DIRECTION ( 'NONE',  ( -1.000000000000000000, -2.814967100976562858E-16, -0.000000000000000000 ) ) ;
#2933 = TOROIDAL_SURFACE ( 'NONE', #4438, 7.400000000000000355, 1.399999999999999911 ) ;
#2934 = CARTESIAN_POINT ( 'NONE',  ( 35.41882574941509176, -0.02083089541184843588, 8.915208395342451908 ) ) ;
#2935 = CARTESIAN_POINT ( 'NONE',  ( 20.00792738593836262, 47.07816507440191600, 7.686862611337248019 ) ) ;
#2936 = AXIS2_PLACEMENT_3D ( 'NONE', #4662, #718, #4381 ) ;
#2937 = CYLINDRICAL_SURFACE ( 'NONE', #3984, 2.000000000000001776 ) ;
#2938 = ORIENTED_EDGE ( 'NONE', *, *, #785, .T. ) ;
#2939 = CARTESIAN_POINT ( 'NONE',  ( 83.18611717523026527, 46.47093402564603082, 8.942207955678776798 ) ) ;
#2940 = CARTESIAN_POINT ( 'NONE',  ( 84.53738783382844701, -0.7018492149183839235, 7.082355151648252800 ) ) ;
#2941 = ORIENTED_EDGE ( 'NONE', *, *, #2525, .T. ) ;
#2942 = CARTESIAN_POINT ( 'NONE',  ( 88.89295655805054253, 0.04094873025569770869, 9.283276529034303337 ) ) ;
#2943 = DIRECTION ( 'NONE',  ( -0.000000000000000000, -0.9954099110309674314, -0.09570323412153622367 ) ) ;
#2944 = CARTESIAN_POINT ( 'NONE',  ( 25.33865916888702330, 0.02805905978729939659, 9.235301758974532760 ) ) ;
#2945 = DIRECTION ( 'NONE',  ( -0.000000000000000000, -1.000000000000000000, -0.000000000000000000 ) ) ;
#2946 = ORIENTED_EDGE ( 'NONE', *, *, #3064, .T. ) ;
#2947 = DIRECTION ( 'NONE',  ( 0.000000000000000000, 0.000000000000000000, -1.000000000000000000 ) ) ;
#2948 = EDGE_CURVE ( 'NONE', #3543, #4593, #1720, .T. ) ;
#2949 = DIRECTION ( 'NONE',  ( -1.000000000000000000, 0.000000000000000000, 0.000000000000000000 ) ) ;
#2950 = CARTESIAN_POINT ( 'NONE',  ( 94.61697477385298782, -4.591034467613654968, 5.079742220925830942 ) ) ;
#2951 = DIRECTION ( 'NONE',  ( -1.000000000000000000, 0.000000000000000000, 0.000000000000000000 ) ) ;
#2952 = ORIENTED_EDGE ( 'NONE', *, *, #3891, .T. ) ;
#2953 = DIRECTION ( 'NONE',  ( 1.000000000000000000, 0.000000000000000000, 0.000000000000000000 ) ) ;
#2954 = EDGE_CURVE ( 'NONE', #797, #2901, #3821, .T. ) ;
#2955 = CARTESIAN_POINT ( 'NONE',  ( 101.0169746996432139, 46.39999999999999147, 10.00000000000000000 ) ) ;
#2956 = DIRECTION ( 'NONE',  ( -1.000000000000000000, 0.000000000000000000, 0.000000000000000000 ) ) ;
#2957 = DIRECTION ( 'NONE',  ( 0.000000000000000000, 0.000000000000000000, 1.000000000000000000 ) ) ;
#2958 = CARTESIAN_POINT ( 'NONE',  ( 19.69192461771621083, 47.24844561782386876, 7.419485966420737988 ) ) ;
#2959 = ADVANCED_FACE ( 'NONE', ( #541 ), #4560, .T. ) ;
#2960 = CARTESIAN_POINT ( 'NONE',  ( 30.04356475045826613, -3.119749579740188850, 5.577094451977966827 ) ) ;
#2961 = VERTEX_POINT ( 'NONE', #2790 ) ;
#2962 = CARTESIAN_POINT ( 'NONE',  ( 96.08940475732613606, -4.075959423495020495, 3.836055833569633311 ) ) ;
#2963 = CARTESIAN_POINT ( 'NONE',  ( 21.81500000000005102, 52.65000000000004121, 3.600000000000000089 ) ) ;
#2964 = EDGE_LOOP ( 'NONE', ( #3295, #4101, #1277 ) ) ;
#2965 = CARTESIAN_POINT ( 'NONE',  ( 88.61779135500621862, -4.894612956718198404, 5.000000025657532987 ) ) ;
#2966 = VECTOR ( 'NONE', #1966, 1000.000000000000000 ) ;
#2967 = CARTESIAN_POINT ( 'NONE',  ( 88.41119887251443288, 51.88245509596800531, 4.999999999813478979 ) ) ;
#2968 = CARTESIAN_POINT ( 'NONE',  ( -14.70000000000000107, 6.000000000000000000, 10.00000000000000000 ) ) ;
#2969 = ORIENTED_EDGE ( 'NONE', *, *, #85, .T. ) ;
#2970 = CARTESIAN_POINT ( 'NONE',  ( 123.3000000000000256, 40.39999999999999147, 9.000000000000001776 ) ) ;
#2971 = CARTESIAN_POINT ( 'NONE',  ( 96.21528576885135919, -3.497632160393552070, 5.397955681067638345 ) ) ;
#2972 = CARTESIAN_POINT ( 'NONE',  ( 23.30922417287030157, 51.88245509596708160, 4.999999999813633522 ) ) ;
#2973 = ORIENTED_EDGE ( 'NONE', *, *, #131, .F. ) ;
#2974 = CARTESIAN_POINT ( 'NONE',  ( 89.39917236234968811, 46.36121617166539011, 9.276490330870784007 ) ) ;
#2975 = FACE_OUTER_BOUND ( 'NONE', #803, .T. ) ;
#2976 = DIRECTION ( 'NONE',  ( -1.000000000000000000, -2.111225325732422144E-16, 0.000000000000000000 ) ) ;
#2977 = DIRECTION ( 'NONE',  ( 0.000000000000000000, 1.000000000000000000, 0.000000000000000000 ) ) ;
#2978 = EDGE_CURVE ( 'NONE', #4322, #953, #1702, .T. ) ;
#2979 = CARTESIAN_POINT ( 'NONE',  ( 27.86153657613007084, 47.02678743826120922, 6.009412835926602803 ) ) ;
#2980 = CARTESIAN_POINT ( 'NONE',  ( 32.04929559010882656, -1.781318917234980370, 5.468001728181069332 ) ) ;
#2981 = ORIENTED_EDGE ( 'NONE', *, *, #2419, .F. ) ;
#2982 = CARTESIAN_POINT ( 'NONE',  ( 30.91500000000004533, 52.65000000000004121, 5.000000000000000000 ) ) ;
#2983 = CARTESIAN_POINT ( 'NONE',  ( 96.01697469964324227, 0.000000000000000000, 0.000000000000000000 ) ) ;
#2984 = ORIENTED_EDGE ( 'NONE', *, *, #3312, .F. ) ;
#2986 = EDGE_CURVE ( 'NONE', #4459, #861, #144, .T. ) ;
#2985 = FACE_OUTER_BOUND ( 'NONE', #965, .T. ) ;
#2987 = AXIS2_PLACEMENT_3D ( 'NONE', #2603, #4065, #272 ) ;
#2988 = CARTESIAN_POINT ( 'NONE',  ( 91.15419038410752250, 46.38032040349990837, 9.197418602368617968 ) ) ;
#2989 = ORIENTED_EDGE ( 'NONE', *, *, #1622, .T. ) ;
#2990 = CARTESIAN_POINT ( 'NONE',  ( 29.87499690836463984, 49.83699200407122731, 5.432883167384451539 ) ) ;
#2991 = ORIENTED_EDGE ( 'NONE', *, *, #3330, .T. ) ;
#2992 = CIRCLE ( 'NONE', #2683, 1.000000000000000888 ) ;
#2993 = CARTESIAN_POINT ( 'NONE',  ( 94.71605008053313668, -4.174536990549262860, 5.186304173505949855 ) ) ;
#2994 = LINE ( 'NONE', #4440, #4326 ) ;
#2995 = CARTESIAN_POINT ( 'NONE',  ( 26.21383774166730518, 46.38161343711586682, 9.190883246934854256 ) ) ;
#2996 = ORIENTED_EDGE ( 'NONE', *, *, #855, .F. ) ;
#2997 = CIRCLE ( 'NONE', #970, 3.149999999999999911 ) ;
#2998 = CARTESIAN_POINT ( 'NONE',  ( 94.61697469964323659, -5.708203932499369415, 3.600000000000000089 ) ) ;
#2999 = LINE ( 'NONE', #1563, #3531 ) ;
#3000 = AXIS2_PLACEMENT_3D ( 'NONE', #185, #958, #4112 ) ;
#3001 = CARTESIAN_POINT ( 'NONE',  ( 21.55474185067573956, -3.366095562032907385, 4.160209839791553676 ) ) ;
#3002 = CIRCLE ( 'NONE', #3, 5.000000000000004441 ) ;
#3003 = DIRECTION ( 'NONE',  ( 0.000000000000000000, 0.000000000000000000, -1.000000000000000000 ) ) ;
#3004 = CARTESIAN_POINT ( 'NONE',  ( 22.11364179741656599, 48.65456489724001443, 6.049810156117620963 ) ) ;
#3005 = COLOUR_RGB ( '',0.7921568627450980005, 0.8196078431372548767, 0.9333333333333333481 ) ;
#3006 = CARTESIAN_POINT ( 'NONE',  ( 30.61635820258351259, -2.254564897239328403, 6.049810156118009985 ) ) ;
#3007 = CARTESIAN_POINT ( 'NONE',  ( -12.70000000000000107, 4.000000000000000000, 9.000000000000001776 ) ) ;
#3008 = DIRECTION ( 'NONE',  ( 0.000000000000000000, -1.000000000000000000, 0.000000000000000000 ) ) ;
#3009 = ORIENTED_EDGE ( 'NONE', *, *, #1453, .T. ) ;
#3010 = PLANE ( 'NONE',  #75 ) ;
#3011 = ADVANCED_FACE ( 'NONE', ( #4181 ), #4159, .T. ) ;
#3012 = CARTESIAN_POINT ( 'NONE',  ( 88.90114825117743180, 46.35907227281540344, 9.283208829959448849 ) ) ;
#3013 = DIRECTION ( 'NONE',  ( 0.000000000000000000, 0.000000000000000000, 1.000000000000000000 ) ) ;
#3014 = ORIENTED_EDGE ( 'NONE', *, *, #3440, .T. ) ;
#3015 = EDGE_CURVE ( 'NONE', #681, #2590, #4126, .T. ) ;
#3016 = CARTESIAN_POINT ( 'NONE',  ( 29.40282003425505408, -1.226051779732765024, 5.033595346799240922 ) ) ;
#3017 = CARTESIAN_POINT ( 'NONE',  ( 25.72773715556682816, 46.94341897171646139, 6.287148486929675428 ) ) ;
#3018 = EDGE_LOOP ( 'NONE', ( #591, #4221, #151, #1405 ) ) ;
#3019 = CARTESIAN_POINT ( 'NONE',  ( 21.81500000000031747, 51.53398452776254857, 5.027540533814928381 ) ) ;
#3020 = DIRECTION ( 'NONE',  ( -1.000000000000000000, 0.000000000000000000, 0.000000000000000000 ) ) ;
#3021 = CARTESIAN_POINT ( 'NONE',  ( 91.46697469964321670, 52.65000000000004121, 5.000000000000000888 ) ) ;
#3022 = DIRECTION ( 'NONE',  ( 1.000000000000000000, 0.000000000000000000, 0.000000000000000000 ) ) ;
#3023 = CARTESIAN_POINT ( 'NONE',  ( 94.57003077732551333, -5.708203932499372968, 5.000000000000000888 ) ) ;
#3024 = EDGE_CURVE ( 'NONE', #84, #3454, #221, .T. ) ;
#3025 = CARTESIAN_POINT ( 'NONE',  ( 99.19188937574472220, -0.3358570077915467578, 7.928613950767855911 ) ) ;
#3026 = LINE ( 'NONE', #4520, #1057 ) ;
#3027 = ORIENTED_EDGE ( 'NONE', *, *, #2012, .T. ) ;
#3028 = CARTESIAN_POINT ( 'NONE',  ( -12.70000000000000107, 40.39999999999997016, 9.000000000000001776 ) ) ;
#3029 = FACE_OUTER_BOUND ( 'NONE', #2395, .T. ) ;
#3030 = CARTESIAN_POINT ( 'NONE',  ( 88.64084103030006645, 51.25720836202539488, 4.999999994365426303 ) ) ;
#3031 = CARTESIAN_POINT ( 'NONE',  ( 32.72207261405579715, 47.07816507440222864, 7.686862611336666262 ) ) ;
#3032 = ORIENTED_EDGE ( 'NONE', *, *, #2007, .T. ) ;
#3033 = DIRECTION ( 'NONE',  ( 1.000000000000000000, 0.000000000000000000, 0.000000000000000000 ) ) ;
#3034 = ADVANCED_FACE ( 'NONE', ( #1996 ), #2355, .T. ) ;
#3035 = AXIS2_PLACEMENT_3D ( 'NONE', #846, #2282, #3716 ) ;
#3036 = AXIS2_PLACEMENT_3D ( 'NONE', #3083, #4220, #683 ) ;
#3037 = CARTESIAN_POINT ( 'NONE',  ( 98.81189697478569656, -0.3025155184977885159, 8.383117247895892632 ) ) ;
#3038 = DIRECTION ( 'NONE',  ( -0.000000000000000000, -0.000000000000000000, -1.000000000000000000 ) ) ;
#3039 = CARTESIAN_POINT ( 'NONE',  ( 25.18688672028880760, 49.72072567303386847, 4.999999771273614613 ) ) ;
#3040 = ORIENTED_EDGE ( 'NONE', *, *, #849, .T. ) ;
#3041 = EDGE_CURVE ( 'NONE', #2011, #401, #4432, .T. ) ;
#3042 = CARTESIAN_POINT ( 'NONE',  ( 99.74783222405751815, 46.47093402564553344, 8.942207955680089526 ) ) ;
#3043 = CARTESIAN_POINT ( 'NONE',  ( 17.41045056033642879, 0.02031607779254678697, 9.213399254569779373 ) ) ;
#3044 = DIRECTION ( 'NONE',  ( -0.000000000000000000, -0.000000000000000000, 1.000000000000000000 ) ) ;
#3045 = CARTESIAN_POINT ( 'NONE',  ( 30.91500000000004533, -6.250000000000013323, 0.000000000000000000 ) ) ;
#3046 = CARTESIAN_POINT ( 'NONE',  ( 123.3000000000000256, 3.000000000000000000, 9.000000000000001776 ) ) ;
#3047 = DIRECTION ( 'NONE',  ( 1.000000000000000000, 0.000000000000000000, 0.000000000000000000 ) ) ;
#3048 = ORIENTED_EDGE ( 'NONE', *, *, #167, .F. ) ;
#3049 = CARTESIAN_POINT ( 'NONE',  ( 97.82404731370489515, 47.07816507440068676, 7.686862611339541296 ) ) ;
#3050 = EDGE_CURVE ( 'NONE', #346, #2549, #1349, .T. ) ;
#3051 = CARTESIAN_POINT ( 'NONE',  ( 90.26326089090390781, 46.98836670719183672, 6.130882010226476275 ) ) ;
#3052 = ORIENTED_EDGE ( 'NONE', *, *, #1917, .F. ) ;
#3053 = DIRECTION ( 'NONE',  ( -0.000000000000000000, -0.000000000000000000, 1.000000000000000000 ) ) ;
#3054 = ORIENTED_EDGE ( 'NONE', *, *, #740, .T. ) ;
#3055 = CIRCLE ( 'NONE', #2838, 1.000000000000000888 ) ;
#3056 = CARTESIAN_POINT ( 'NONE',  ( 29.42077582712980899, -5.482455095967329051, 4.999999999813626417 ) ) ;
#3057 = ADVANCED_FACE ( 'NONE', ( #904 ), #1267, .F. ) ;
#3058 = VERTEX_POINT ( 'NONE', #3258 ) ;
#3059 = CARTESIAN_POINT ( 'NONE',  ( 91.46697469964321670, 52.65000000000004121, 5.000000000000000000 ) ) ;
#3060 = CARTESIAN_POINT ( 'NONE',  ( 25.67575924584498992, 46.37603978843002039, 9.217619578780064771 ) ) ;
#3061 = ORIENTED_EDGE ( 'NONE', *, *, #3995, .T. ) ;
#3062 = VECTOR ( 'NONE', #81, 1000.000000000000000 ) ;
#3063 = CARTESIAN_POINT ( 'NONE',  ( 29.46805607768230573, 52.10820393249935023, 5.000000000000000888 ) ) ;
#3064 = EDGE_CURVE ( 'NONE', #3481, #2602, #809, .T. ) ;
#3065 = CARTESIAN_POINT ( 'NONE',  ( 101.0169746996432139, 46.35831484749989784, 9.285714285714286476 ) ) ;
#3066 = ORIENTED_EDGE ( 'NONE', *, *, #4608, .F. ) ;
#3067 = B_SPLINE_CURVE_WITH_KNOTS ( 'NONE', 3,
 ( #2296, #1599, #4070, #2990, #2634, #4458, #169, #3712, #3031, #4413, #865, #2005, #2342, #3732, #212, #552 ),
 .UNSPECIFIED., .F., .F.,
 ( 4, 2, 2, 2, 2, 2, 2, 4 ),
 ( 0.000000000000000000, 0.1250000000000000000, 0.2500000000000000000, 0.5000000000000000000, 0.7500000000000000000, 0.8750000000000000000, 0.9375000000000000000, 1.000000000000000000 ),
 .UNSPECIFIED. ) ;
#3068 = CARTESIAN_POINT ( 'NONE',  ( 20.58969870218098919, 47.40213275384120095, 7.234985991813966066 ) ) ;
#3069 = VECTOR ( 'NONE', #4108, 999.9999999999998863 ) ;
#3070 = CARTESIAN_POINT ( 'NONE',  ( 16.81500000000006523, 46.35831484749988363, 9.285714285714311345 ) ) ;
#3071 = AXIS2_PLACEMENT_3D ( 'NONE', #3761, #3679, #431 ) ;
#3072 = VECTOR ( 'NONE', #2139, 1000.000000000000000 ) ;
#3073 = LINE ( 'NONE', #3260, #4597 ) ;
#3074 = CARTESIAN_POINT ( 'NONE',  ( 94.61697469964323659, -6.250000000000013323, 5.000000000000000888 ) ) ;
#3075 = ORIENTED_EDGE ( 'NONE', *, *, #436, .F. ) ;
#3076 = AXIS2_PLACEMENT_3D ( 'NONE', #2254, #2629, #3662 ) ;
#3077 = CARTESIAN_POINT ( 'NONE',  ( 6.000000000000000000, 0.000000000000000000, 10.00000000000000000 ) ) ;
#3078 = AXIS2_PLACEMENT_3D ( 'NONE', #1907, #3333, #3893 ) ;
#3079 = CARTESIAN_POINT ( 'NONE',  ( 29.20237328829481527, 46.35831484754181986, 9.285714285573618554 ) ) ;
#3080 = AXIS2_PLACEMENT_3D ( 'NONE', #3321, #2943, #3193 ) ;
#3081 = CARTESIAN_POINT ( 'NONE',  ( 92.74680925706171308, 46.36904295913547003, 9.246965285795401002 ) ) ;
#3082 = VERTEX_POINT ( 'NONE', #407 ) ;
#3083 = CARTESIAN_POINT ( 'NONE',  ( 26.36500000000004817, -6.250000000000012434, 3.549999999999996714 ) ) ;
#3084 = EDGE_LOOP ( 'NONE', ( #170, #4408, #4195, #3956 ) ) ;
#3085 = CARTESIAN_POINT ( 'NONE',  ( 33.91234286378646345, 46.80376971343396519, 8.172133052153345290 ) ) ;
#3086 = CARTESIAN_POINT ( 'NONE',  ( 27.24235593457401805, 0.02625369652583472643, 9.227659538288426333 ) ) ;
#3087 = CARTESIAN_POINT ( 'NONE',  ( -14.70000000000000107, 40.39999999999997016, 0.000000000000000000 ) ) ;
#3088 = ADVANCED_FACE ( 'NONE', ( #1805 ), #2524, .F. ) ;
#3089 = CARTESIAN_POINT ( 'NONE',  ( 26.34601128757829258, 46.38207461005357857, 9.188492630058455291 ) ) ;
#3090 = CARTESIAN_POINT ( 'NONE',  ( 21.81500000000005102, -5.133984527770147466, 5.027540533814184087 ) ) ;
#3091 = ORIENTED_EDGE ( 'NONE', *, *, #2565, .F. ) ;
#3092 = DIRECTION ( 'NONE',  ( 0.000000000000000000, 0.000000000000000000, 1.000000000000000000 ) ) ;
#3093 = DIRECTION ( 'NONE',  ( -0.000000000000000000, -1.000000000000000000, -0.000000000000000000 ) ) ;
#3094 = EDGE_CURVE ( 'NONE', #2078, #346, #1079, .T. ) ;
#3095 = CARTESIAN_POINT ( 'NONE',  ( 96.39793799170402622, -3.060799408638553487, 4.351784258574168618 ) ) ;
#3096 = CARTESIAN_POINT ( 'NONE',  ( 35.91500000000004178, 46.38591024763665871, 9.193156499856110386 ) ) ;
#3097 = DIRECTION ( 'NONE',  ( 0.000000000000000000, 0.000000000000000000, -1.000000000000000000 ) ) ;
#3098 = ORIENTED_EDGE ( 'NONE', *, *, #3773, .T. ) ;
#3099 = CARTESIAN_POINT ( 'NONE',  ( 91.46697469964324512, -6.250000000000013323, 5.000000000000000000 ) ) ;
#3100 = EDGE_CURVE ( 'NONE', #2228, #2829, #3449, .T. ) ;
#3101 = LINE ( 'NONE', #4216, #2779 ) ;
#3102 = CARTESIAN_POINT ( 'NONE',  ( 91.64737028885046755, 46.38142753769447069, 9.191837429253199687 ) ) ;
#3103 = CARTESIAN_POINT ( 'NONE',  ( 82.88734425967412278, 46.48959483566191153, 8.886104278001159429 ) ) ;
#3104 = ADVANCED_FACE ( 'NONE', ( #4658 ), #2114, .F. ) ;
#3105 = VERTEX_POINT ( 'NONE', #2178 ) ;
#3106 = CARTESIAN_POINT ( 'NONE',  ( 33.03807538228304708, 47.24844561782430929, 7.419485966419999023 ) ) ;
#3107 = CARTESIAN_POINT ( 'NONE',  ( 94.42581069518735148, -5.164927101962065059, 5.000000004817303001 ) ) ;
#3108 = CARTESIAN_POINT ( 'NONE',  ( 26.28405264742768210, 0.01805726488213688086, 9.189180107961947286 ) ) ;
#3109 = ORIENTED_EDGE ( 'NONE', *, *, #4254, .F. ) ;
#3110 = CARTESIAN_POINT ( 'NONE',  ( 16.81500000000005102, 46.35831484749988363, 9.285714285714286476 ) ) ;
#3111 = CIRCLE ( 'NONE', #1311, 4.549999999999998934 ) ;
#3112 = CARTESIAN_POINT ( 'NONE',  ( 35.91500000000004178, 46.35831484749989073, 9.285714285714286476 ) ) ;
#3113 = DIRECTION ( 'NONE',  ( -1.000000000000000000, 0.000000000000000000, 0.000000000000000000 ) ) ;
#3114 = ORIENTED_EDGE ( 'NONE', *, *, #1681, .F. ) ;
#3115 = DIRECTION ( 'NONE',  ( 0.000000000000000000, -2.039472194729489405E-14, -1.000000000000000000 ) ) ;
#3116 = DIRECTION ( 'NONE',  ( 1.000000000000000000, -0.000000000000000000, 0.000000000000000000 ) ) ;
#3117 = EDGE_CURVE ( 'NONE', #2034, #2855, #4257, .T. ) ;
#3118 = LINE ( 'NONE', #1999, #4215 ) ;
#3119 = FACE_OUTER_BOUND ( 'NONE', #2535, .T. ) ;
#3120 = CARTESIAN_POINT ( 'NONE',  ( 82.19985294612160942, 0.000000000000000000, 8.999999698239056656 ) ) ;
#3121 = CARTESIAN_POINT ( 'NONE',  ( 99.19188937574475062, 46.73585700779150898, 7.928613950767672058 ) ) ;
#3122 = CYLINDRICAL_SURFACE ( 'NONE', #677, 2.000000000000001776 ) ;
#3123 = DIRECTION ( 'NONE',  ( -1.000000000000000000, 0.000000000000000000, 0.000000000000000000 ) ) ;
#3124 = CARTESIAN_POINT ( 'NONE',  ( 94.28752931969830797, 47.53705166667683812, 5.142763123023729399 ) ) ;
#3125 = EDGE_CURVE ( 'NONE', #4327, #1427, #3584, .T. ) ;
#3126 = ORIENTED_EDGE ( 'NONE', *, *, #2546, .T. ) ;
#3127 = CARTESIAN_POINT ( 'NONE',  ( 104.6000000000000227, 46.39999999999999147, 9.000000000000001776 ) ) ;
#3128 = VERTEX_POINT ( 'NONE', #2504 ) ;
#3129 = CARTESIAN_POINT ( 'NONE',  ( 92.88430002779415418, -0.6150070276684357351, 6.045525346605461259 ) ) ;
#3130 = CARTESIAN_POINT ( 'NONE',  ( 26.48315796077467965, 0.01820750982104872920, 9.189957567198963062 ) ) ;
#3131 = CARTESIAN_POINT ( 'NONE',  ( 29.51500000000004675, -6.250000000000012434, 5.000000000000000888 ) ) ;
#3132 = DIRECTION ( 'NONE',  ( 0.000000000000000000, 0.000000000000000000, -1.000000000000000000 ) ) ;
#3133 = DIRECTION ( 'NONE',  ( 0.000000000000000000, 0.000000000000000000, 1.000000000000000000 ) ) ;
#3134 = FACE_OUTER_BOUND ( 'NONE', #1827, .T. ) ;
#3135 =( LENGTH_UNIT ( ) NAMED_UNIT ( * ) SI_UNIT ( .MILLI., .METRE. ) );
#3136 = ORIENTED_EDGE ( 'NONE', *, *, #4168, .F. ) ;
#3137 = DIRECTION ( 'NONE',  ( 0.000000000000000000, 1.000000000000000000, 0.000000000000000000 ) ) ;
#3138 = DIRECTION ( 'NONE',  ( -0.000000000000000000, -0.000000000000000000, 1.000000000000000000 ) ) ;
#3139 = AXIS2_PLACEMENT_3D ( 'NONE', #1652, #3437, #174 ) ;
#3140 = CARTESIAN_POINT ( 'NONE',  ( 26.36500000000004107, 52.65000000000004121, 5.000000000000000000 ) ) ;
#3141 = CARTESIAN_POINT ( 'NONE',  ( 26.36500000000004107, -6.250000000000008882, 5.000000000000000000 ) ) ;
#3142 = CARTESIAN_POINT ( 'NONE',  ( 26.36500000000004107, 52.65000000000004121, 3.600000000000000089 ) ) ;
#3143 = CARTESIAN_POINT ( 'NONE',  ( 23.21500000000004249, 52.65000000000004121, 3.600000000000000089 ) ) ;
#3144 = DIRECTION ( 'NONE',  ( -0.000000000000000000, -0.000000000000000000, 1.000000000000000000 ) ) ;
#3145 = AXIS2_PLACEMENT_3D ( 'NONE', #2706, #1299, #1522 ) ;
#3146 = AXIS2_PLACEMENT_3D ( 'NONE', #4469, #1237, #2665 ) ;
#3147 = CARTESIAN_POINT ( 'NONE',  ( 94.18640760684850477, 51.05774081633980899, 4.999999987171293903 ) ) ;
#3148 = CIRCLE ( 'NONE', #3741, 1.699999999999996625 ) ;
#3149 = ORIENTED_EDGE ( 'NONE', *, *, #1917, .T. ) ;
#3150 = DIRECTION ( 'NONE',  ( 0.000000000000000000, 0.000000000000000000, -1.000000000000000000 ) ) ;
#3151 = AXIS2_PLACEMENT_3D ( 'NONE', #3099, #3144, #3456 ) ;
#3152 = ORIENTED_EDGE ( 'NONE', *, *, #1952, .F. ) ;
#3153 = CARTESIAN_POINT ( 'NONE',  ( 92.97544099368326442, -0.6288215908796183085, 6.003272696335860026 ) ) ;
#3154 = VECTOR ( 'NONE', #2771, 1000.000000000000000 ) ;
#3155 = EDGE_CURVE ( 'NONE', #3221, #1190, #292, .T. ) ;
#3156 = CARTESIAN_POINT ( 'NONE',  ( 29.32383599554455600, -5.164927101962763167, 5.000000004817337640 ) ) ;
#3157 = DIRECTION ( 'NONE',  ( -0.000000000000000000, -0.000000000000000000, -1.000000000000000000 ) ) ;
#3158 = ORIENTED_EDGE ( 'NONE', *, *, #2750, .T. ) ;
#3159 = CIRCLE ( 'NONE', #4217, 1.000000000000000888 ) ;
#3160 = EDGE_CURVE ( 'NONE', #2961, #2783, #1124, .T. ) ;
#3161 = FACE_OUTER_BOUND ( 'NONE', #3579, .T. ) ;
#3162 =( NAMED_UNIT ( * ) SI_UNIT ( $, .STERADIAN. ) SOLID_ANGLE_UNIT ( ) );
#3163 = VERTEX_POINT ( 'NONE', #3896 ) ;
#3164 = DIRECTION ( 'NONE',  ( 0.000000000000000000, 0.000000000000000000, -1.000000000000000000 ) ) ;
#3165 = DIRECTION ( 'NONE',  ( 0.000000000000000000, 0.000000000000000000, 1.000000000000000000 ) ) ;
#3166 = FACE_OUTER_BOUND ( 'NONE', #2813, .T. ) ;
#3167 = DIRECTION ( 'NONE',  ( 0.000000000000000000, 0.000000000000000000, 1.000000000000000000 ) ) ;
#3168 = CARTESIAN_POINT ( 'NONE',  ( 82.97886126555293629, -0.03505845609270522023, 9.044672882760176336 ) ) ;
#3169 = CARTESIAN_POINT ( 'NONE',  ( 30.04356475045826613, -3.119749579740188850, 5.577094451977966827 ) ) ;
#3170 = ADVANCED_FACE ( 'NONE', ( #670 ), #3544, .T. ) ;
#3171 = CARTESIAN_POINT ( 'NONE',  ( 92.49331553075620604, 46.37194094021265300, 9.235301758974665987 ) ) ;
#3172 = ORIENTED_EDGE ( 'NONE', *, *, #789, .T. ) ;
#3173 = DIRECTION ( 'NONE',  ( -1.000000000000000000, -0.000000000000000000, 0.000000000000000000 ) ) ;
#3174 = ORIENTED_EDGE ( 'NONE', *, *, #3565, .T. ) ;
#3175 = CARTESIAN_POINT ( 'NONE',  ( 93.59466582331778284, -0.7745232087567185397, 5.635745556917641785 ) ) ;
#3176 = CARTESIAN_POINT ( 'NONE',  ( 26.31749499470085851, 0.01796548320543450011, 9.188701402014830322 ) ) ;
#3177 = ORIENTED_EDGE ( 'NONE', *, *, #2400, .F. ) ;
#3178 = CARTESIAN_POINT ( 'NONE',  ( 94.05238265314537216, 0.04168515250009015988, 9.285714285714286476 ) ) ;
#3179 = ADVANCED_FACE ( 'NONE', ( #1828 ), #3923, .F. ) ;
#3180 =( BOUNDED_SURFACE ( )  B_SPLINE_SURFACE ( 2, 3, ( 
 ( #3419, #2135, #2022, #3451, #3095, #3562, #3206, #2861, #4304, #1076, #2502, #35, #3607, #3255, #404, #778 ),
 ( #3650, #356, #1491, #2616, #2971, #1146, #4054, #828, #2175, #1825, #1519, #2569, #16, #1874, #2593, #1538 ),
 ( #3961, #2950, #383, #3279, #4029, #1470, #427, #3327, #4395, #1168, #1449, #2262, #801, #2237, #1802, #2904 ) ),
 .UNSPECIFIED., .F., .F., .T. ) 
 B_SPLINE_SURFACE_WITH_KNOTS ( ( 3, 3 ),
 ( 4, 2, 2, 2, 2, 2, 2, 4 ),
 ( 0.000000000000000000, 1.000000000000000000 ),
 ( 0.000000000000000000, 0.001285461455467183612, 0.002570922910934367225, 0.005141845821868734449, 0.007712768732803101240, 0.008998230188270284202, 0.009640960916003877418, 0.01028369164373746890 ),
 .UNSPECIFIED. ) 
 GEOMETRIC_REPRESENTATION_ITEM ( )  RATIONAL_B_SPLINE_SURFACE ( (
 ( 1.000000000000000000, 1.000000000000000000, 1.000000000000000000, 1.000000000000000000, 1.000000000000000000, 1.000000000000000000, 1.000000000000000000, 1.000000000000000000, 1.000000000000000000, 1.000000000000000000, 1.000000000000000000, 1.000000000000000000, 1.000000000000000000, 1.000000000000000000, 1.000000000000000000, 1.000000000000000000),
 ( 0.7071067811865476838, 0.7110400930581063372, 0.7222236534436752287, 0.7482222592936194072, 0.7632568035510166604, 0.8094360125434476583, 0.8416830905382449712, 0.9004258755105439826, 0.9272361658429224551, 0.9592048874236468459, 0.9685053220528967444, 0.9795074006084975027, 0.9826890182792398232, 0.9876140079640556291, 0.9894255275013006390, 0.9895238368780991944),
 ( 1.000000000000000000, 1.000000000000000000, 1.000000000000000000, 1.000000000000000000, 1.000000000000000000, 1.000000000000000000, 1.000000000000000000, 1.000000000000000000, 1.000000000000000000, 1.000000000000000000, 1.000000000000000000, 1.000000000000000000, 1.000000000000000000, 1.000000000000000000, 1.000000000000000000, 1.000000000000000000) ) ) 
 REPRESENTATION_ITEM ( '' )  SURFACE ( )  );
#3181 = CARTESIAN_POINT ( 'NONE',  ( 101.0169746996432423, 0.000000000000000000, 0.000000000000000000 ) ) ;
#3182 = FACE_OUTER_BOUND ( 'NONE', #3084, .T. ) ;
#3183 = CYLINDRICAL_SURFACE ( 'NONE', #2110, 4.549999999999998934 ) ;
#3184 = EDGE_LOOP ( 'NONE', ( #311, #690, #3616, #12 ) ) ;
#3185 = EDGE_CURVE ( 'NONE', #953, #1160, #2864, .T. ) ;
#3186 = DIRECTION ( 'NONE',  ( 0.000000000000000000, -1.000000000000000000, 0.000000000000000000 ) ) ;
#3187 = CARTESIAN_POINT ( 'NONE',  ( 29.46805607768231283, -5.708203932499369415, 11.00000000000000178 ) ) ;
#3188 = B_SPLINE_CURVE_WITH_KNOTS ( 'NONE', 3,
 ( #2280, #1248, #1228, #2679, #2653, #1603, #3037, #827, #3715, #3362, #510, #4480, #2261, #2993, #4415, #1970 ),
 .UNSPECIFIED., .F., .F.,
 ( 4, 2, 2, 2, 2, 2, 2, 4 ),
 ( 0.000000000000000000, 0.06249999999999996531, 0.1250000000000001110, 0.2500000000000000555, 0.5000000000000000000, 0.7500000000000000000, 0.8750000000000001110, 1.000000000000000000 ),
 .UNSPECIFIED. ) ;
#3189 = AXIS2_PLACEMENT_3D ( 'NONE', #1185, #3783, #3013 ) ;
#3190 = PLANE ( 'NONE',  #2298 ) ;
#3191 = CARTESIAN_POINT ( 'NONE',  ( 96.01697469964321385, 52.10820393249936444, 11.00000000000000000 ) ) ;
#3192 = CARTESIAN_POINT ( 'NONE',  ( 30.91500000000004533, 46.39999999999999147, 5.000000000000000000 ) ) ;
#3193 = DIRECTION ( 'NONE',  ( 0.000000000000000000, -0.09570323412153622367, 0.9954099110309673204 ) ) ;
#3194 = CARTESIAN_POINT ( 'NONE',  ( 27.14629562403681362, 46.95166888521574577, 6.257347182020179588 ) ) ;
#3195 = CARTESIAN_POINT ( 'NONE',  ( 94.43592192335384539, 47.60437571012688807, 5.066404875272815467 ) ) ;
#3196 = ORIENTED_EDGE ( 'NONE', *, *, #1082, .T. ) ;
#3197 = CARTESIAN_POINT ( 'NONE',  ( 28.69634471036129852, 47.25346129857553024, 5.485202439362548255 ) ) ;
#3198 = CARTESIAN_POINT ( 'NONE',  ( 88.21789931875331092, 50.57453699054987339, 5.186304173505744686 ) ) ;
#3199 = ORIENTED_EDGE ( 'NONE', *, *, #976, .F. ) ;
#3200 = CARTESIAN_POINT ( 'NONE',  ( 91.48596341206496163, 0.01792538994639050406, 9.188492630058446409 ) ) ;
#3201 = CARTESIAN_POINT ( 'NONE',  ( 25.58370437596270719, -0.5516688852158264655, 6.257347182020092546 ) ) ;
#3202 = ORIENTED_EDGE ( 'NONE', *, *, #2133, .F. ) ;
#3203 = CARTESIAN_POINT ( 'NONE',  ( 126.3000000000000256, 6.000000000000000000, 10.00000000000000000 ) ) ;
#3204 = EDGE_LOOP ( 'NONE', ( #2941, #3557, #371 ) ) ;
#3205 = FACE_OUTER_BOUND ( 'NONE', #281, .T. ) ;
#3206 = CARTESIAN_POINT ( 'NONE',  ( 97.15127028975248891, -1.781318917234534061, 5.468001728182554366 ) ) ;
#3207 = ORIENTED_EDGE ( 'NONE', *, *, #1320, .T. ) ;
#3208 = CARTESIAN_POINT ( 'NONE',  ( 25.33137727286411334, 46.37184162341588944, 9.236060913608337586 ) ) ;
#3209 = TOROIDAL_SURFACE ( 'NONE', #2013, 5.000000000000009770, 1.000000000000000000 ) ;
#3210 = EDGE_CURVE ( 'NONE', #1804, #2328, #3738, .T. ) ;
#3211 = LINE ( 'NONE', #2409, #3585 ) ;
#3212 = CARTESIAN_POINT ( 'NONE',  ( 35.63212175352266087, -8.673617379884035472E-16, 8.999999698238138279 ) ) ;
#3213 = CARTESIAN_POINT ( 'NONE',  ( 83.60929265276026001, -0.2781256051467612123, 8.426889323463388592 ) ) ;
#3214 = CARTESIAN_POINT ( 'NONE',  ( 32.84291317954922107, 47.41680265806293448, 6.516758327471977807 ) ) ;
#3215 = ADVANCED_FACE ( 'NONE', ( #3808 ), #2345, .T. ) ;
#3216 = AXIS2_PLACEMENT_3D ( 'NONE', #2154, #102, #800 ) ;
#3217 = CYLINDRICAL_SURFACE ( 'NONE', #4430, 5.000000000000004441 ) ;
#3218 = ORIENTED_EDGE ( 'NONE', *, *, #1939, .F. ) ;
#3219 = CARTESIAN_POINT ( 'NONE',  ( 29.32859278752165011, 51.57829124904930751, 5.000000004329917758 ) ) ;
#3220 = LINE ( 'NONE', #3952, #2919 ) ;
#3221 = VERTEX_POINT ( 'NONE', #783 ) ;
#3222 = AXIS2_PLACEMENT_3D ( 'NONE', #1272, #1878, #3305 ) ;
#3223 = CARTESIAN_POINT ( 'NONE',  ( 89.05779574172343871, -0.8945005246366037888, 5.423262391957393014 ) ) ;
#3224 = VECTOR ( 'NONE', #4061, 1000.000000000000000 ) ;
#3225 = VECTOR ( 'NONE', #1327, 1000.000000000000000 ) ;
#3226 = VECTOR ( 'NONE', #548, 1000.000000000000000 ) ;
#3227 = CARTESIAN_POINT ( 'NONE',  ( 24.95711527088467463, 0.03233812200494035755, 9.252298540190842857 ) ) ;
#3228 = EDGE_LOOP ( 'NONE', ( #395, #1908, #2295, #2064 ) ) ;
#3229 = DIRECTION ( 'NONE',  ( 1.000000000000000000, -0.000000000000000000, -0.000000000000000000 ) ) ;
#3230 = EDGE_LOOP ( 'NONE', ( #2188, #2425, #2523, #3114 ) ) ;
#3231 = TOROIDAL_SURFACE ( 'NONE', #899, 3.149999999999998135, 1.399999999999999911 ) ;
#3232 = ADVANCED_FACE ( 'NONE', ( #804 ), #532, .F. ) ;
#3233 = DIRECTION ( 'NONE',  ( 0.000000000000000000, -1.000000000000000000, -0.000000000000000000 ) ) ;
#3234 = VECTOR ( 'NONE', #3547, 1000.000000000000000 ) ;
#3235 = CARTESIAN_POINT ( 'NONE',  ( 34.08991467609979509, 46.73585700779231900, 7.928613950768789387 ) ) ;
#3236 = DIRECTION ( 'NONE',  ( 0.000000000000000000, 0.000000000000000000, 1.000000000000000000 ) ) ;
#3237 = ORIENTED_EDGE ( 'NONE', *, *, #2721, .F. ) ;
#3238 = CARTESIAN_POINT ( 'NONE',  ( 29.51500000000005386, 52.10820393249935023, 11.00000000000000000 ) ) ;
#3239 = CARTESIAN_POINT ( 'NONE',  ( 32.04929559010882656, -1.781318917234980370, 5.468001728181069332 ) ) ;
#3240 = DIRECTION ( 'NONE',  ( 1.000000000000000000, 0.000000000000000000, 0.000000000000000000 ) ) ;
#3241 = CARTESIAN_POINT ( 'NONE',  ( 31.70809330029839757, 48.62764861691075424, 4.979238666733389884 ) ) ;
#3242 = EDGE_CURVE ( 'NONE', #1515, #2278, #817, .T. ) ;
#3243 = CARTESIAN_POINT ( 'NONE',  ( 88.36391862196094849, 52.10820393249936444, 11.00000000000000178 ) ) ;
#3244 = FACE_OUTER_BOUND ( 'NONE', #1758, .T. ) ;
#3245 = ORIENTED_EDGE ( 'NONE', *, *, #3724, .T. ) ;
#3246 = CARTESIAN_POINT ( 'NONE',  ( 94.61697469964320817, 51.53398452777013716, 5.027540533814194745 ) ) ;
#3247 = DIRECTION ( 'NONE',  ( -1.000000000000000000, 0.000000000000000000, 0.000000000000000000 ) ) ;
#3248 = ORIENTED_EDGE ( 'NONE', *, *, #1602, .F. ) ;
#3250 = EDGE_CURVE ( 'NONE', #1093, #68, #2769, .T. ) ;
#3249 = CARTESIAN_POINT ( 'NONE',  ( 90.81537557294906549, 0.02349927615803762762, 9.215542575669864789 ) ) ;
#3251 = CARTESIAN_POINT ( 'NONE',  ( 23.85567045989192891, -4.340942975240767332, 4.999999962280641697 ) ) ;
#3252 = ORIENTED_EDGE ( 'NONE', *, *, #3155, .F. ) ;
#3253 = DIRECTION ( 'NONE',  ( -1.000000000000000000, 0.000000000000000000, 0.000000000000000000 ) ) ;
#3254 = ORIENTED_EDGE ( 'NONE', *, *, #2490, .F. ) ;
#3255 = CARTESIAN_POINT ( 'NONE',  ( 100.5208004490612410, -0.02083089541143783377, 8.915208395342265391 ) ) ;
#3256 = CARTESIAN_POINT ( 'NONE',  ( 104.6000000000000227, 0.04168515250008988926, 9.285714285714286476 ) ) ;
#3257 = VERTEX_POINT ( 'NONE', #1495 ) ;
#3258 = CARTESIAN_POINT ( 'NONE',  ( 16.81500000000005102, 46.39999999999997016, 9.000000000000001776 ) ) ;
#3259 = ADVANCED_FACE ( 'NONE', ( #3786 ), #1643, .T. ) ;
#3260 = CARTESIAN_POINT ( 'NONE',  ( 6.000000000000000000, 0.000000000000000000, 0.000000000000000000 ) ) ;
#3261 = DIRECTION ( 'NONE',  ( 0.000000000000000000, 1.000000000000000000, -0.000000000000000000 ) ) ;
#3262 = VECTOR ( 'NONE', #2709, 1000.000000000000000 ) ;
#3263 = LINE ( 'NONE', #1447, #1629 ) ;
#3264 = EDGE_CURVE ( 'NONE', #4224, #1160, #4398, .T. ) ;
#3265 = CARTESIAN_POINT ( 'NONE',  ( 35.91500000000004178, -5.000000000000000000, 0.000000000000000000 ) ) ;
#3266 = ORIENTED_EDGE ( 'NONE', *, *, #1358, .T. ) ;
#3267 = DIRECTION ( 'NONE',  ( -0.000000000000000000, -0.000000000000000000, 1.000000000000000000 ) ) ;
#3268 = DIRECTION ( 'NONE',  ( 0.000000000000000000, 0.000000000000000000, -1.000000000000000000 ) ) ;
#3269 = ORIENTED_EDGE ( 'NONE', *, *, #3440, .F. ) ;
#3270 = CARTESIAN_POINT ( 'NONE',  ( 90.18714014222466346, 0.03095704086452185852, 9.246965285795416989 ) ) ;
#3271 = EDGE_CURVE ( 'NONE', #2404, #3058, #3513, .T. ) ;
#3272 = CARTESIAN_POINT ( 'NONE',  ( 25.17532514779279396, -0.5866102720350697686, 6.136796593080656947 ) ) ;
#3273 = ORIENTED_EDGE ( 'NONE', *, *, #1065, .T. ) ;
#3274 = DIRECTION ( 'NONE',  ( -0.000000000000000000, -0.000000000000000000, -1.000000000000000000 ) ) ;
#3275 = ORIENTED_EDGE ( 'NONE', *, *, #2658, .F. ) ;
#3276 = CARTESIAN_POINT ( 'NONE',  ( 23.21500000000004960, -5.000000000000000000, 3.633966658370840541 ) ) ;
#3277 = CARTESIAN_POINT ( 'NONE',  ( 123.3000000000000256, 42.39999999999999858, 9.000000000000001776 ) ) ;
#3278 = CARTESIAN_POINT ( 'NONE',  ( 86.91697469964346112, 51.53398452776255567, 5.027540533814909729 ) ) ;
#3279 = CARTESIAN_POINT ( 'NONE',  ( 94.97697160801072869, -3.436992004072077389, 5.432883167384169987 ) ) ;
#3280 = DIRECTION ( 'NONE',  ( -1.000000000000000000, 0.000000000000000000, 0.000000000000000000 ) ) ;
#3281 = ORIENTED_EDGE ( 'NONE', *, *, #529, .T. ) ;
#3282 = DIRECTION ( 'NONE',  ( 0.000000000000000000, 0.000000000000000000, 1.000000000000000000 ) ) ;
#3283 = AXIS2_PLACEMENT_3D ( 'NONE', #3390, #177, #2350 ) ;
#3284 = CARTESIAN_POINT ( 'NONE',  ( 21.82887658208313653, 51.14021498980371661, 5.065399346796621849 ) ) ;
#3285 = ADVANCED_FACE ( 'NONE', ( #2221 ), #1601, .F. ) ;
#3286 = FACE_OUTER_BOUND ( 'NONE', #4056, .T. ) ;
#3287 = CARTESIAN_POINT ( 'NONE',  ( 81.91697469964319112, 46.38591024763666582, 9.193156499856110386 ) ) ;
#3288 = CARTESIAN_POINT ( 'NONE',  ( 96.01697469964321385, 52.65000000000004121, 3.600000000000000089 ) ) ;
#3289 = ORIENTED_EDGE ( 'NONE', *, *, #472, .F. ) ;
#3290 = CARTESIAN_POINT ( 'NONE',  ( 88.57300455440447706, -5.002451005733942857, 4.999999995669980102 ) ) ;
#3291 = AXIS2_PLACEMENT_3D ( 'NONE', #1897, #732, #1801 ) ;
#3292 = CARTESIAN_POINT ( 'NONE',  ( 23.26194392231778352, -5.708203932499374744, 4.999999999999999112 ) ) ;
#3293 = ORIENTED_EDGE ( 'NONE', *, *, #2074, .F. ) ;
#3294 = DIRECTION ( 'NONE',  ( 2.814967100976562858E-16, -1.000000000000000000, 0.000000000000000000 ) ) ;
#3295 = ORIENTED_EDGE ( 'NONE', *, *, #1358, .F. ) ;
#3296 = LINE ( 'NONE', #319, #297 ) ;
#3297 = EDGE_CURVE ( 'NONE', #3883, #3727, #1799, .T. ) ;
#3298 = AXIS2_PLACEMENT_3D ( 'NONE', #954, #3471, #2333 ) ;
#3299 = AXIS2_PLACEMENT_3D ( 'NONE', #2016, #3347, #2267 ) ;
#3300 = DIRECTION ( 'NONE',  ( 0.000000000000000000, 1.000000000000000000, 0.000000000000000000 ) ) ;
#3301 = CARTESIAN_POINT ( 'NONE',  ( 88.36391862196092006, 46.35831484749989784, 9.285714285714286476 ) ) ;
#3302 = CARTESIAN_POINT ( 'NONE',  ( 23.26194392231775865, 47.63606797749976351, 4.999999999999979572 ) ) ;
#3303 = ORIENTED_EDGE ( 'NONE', *, *, #3050, .F. ) ;
#3304 = CIRCLE ( 'NONE', #1274, 1.699999999999993072 ) ;
#3305 = DIRECTION ( 'NONE',  ( 1.000000000000000000, 2.111225325732422144E-16, 0.000000000000000000 ) ) ;
#3306 = AXIS2_PLACEMENT_3D ( 'NONE', #80, #1364, #3873 ) ;
#3307 = ADVANCED_FACE ( 'NONE', ( #4150 ), #4253, .F. ) ;
#3308 = B_SPLINE_CURVE_WITH_KNOTS ( 'NONE', 3,
 ( #3539, #3510, #4249, #1023 ),
 .UNSPECIFIED., .F., .F.,
 ( 4, 4 ),
 ( 0.000000000000000000, 1.000000000000000000 ),
 .UNSPECIFIED. ) ;
#3309 = CIRCLE ( 'NONE', #3080, 1.399999999999999689 ) ;
#3310 = CARTESIAN_POINT ( 'NONE',  ( 29.51500000000004675, 52.10820393249935023, 5.000000000000000000 ) ) ;
#3311 = CARTESIAN_POINT ( 'NONE',  ( 17.69890675751274500, 46.47485810325701294, 8.716407524614481872 ) ) ;
#3312 = EDGE_CURVE ( 'NONE', #736, #267, #2997, .T. ) ;
#3313 = DIRECTION ( 'NONE',  ( 1.000000000000000000, 0.000000000000000000, 0.000000000000000000 ) ) ;
#3314 = CARTESIAN_POINT ( 'NONE',  ( 91.46697469964321670, 52.65000000000004121, 5.000000000000000888 ) ) ;
#3315 = ORIENTED_EDGE ( 'NONE', *, *, #3125, .F. ) ;
#3316 = CARTESIAN_POINT ( 'NONE',  ( 21.81500000000005102, 51.39999999999996305, 3.633966658370841873 ) ) ;
#3317 = CARTESIAN_POINT ( 'NONE',  ( 82.41314895022684084, -0.02083089541166120023, 8.915208395342935077 ) ) ;
#3318 = VERTEX_POINT ( 'NONE', #373 ) ;
#3319 = CARTESIAN_POINT ( 'NONE',  ( 29.51500007419801364, 50.99103446761311176, 5.079742220925879792 ) ) ;
#3320 = CARTESIAN_POINT ( 'NONE',  ( 89.38133228065738933, -0.7597339775877017809, 5.666388721553755836 ) ) ;
#3321 = CARTESIAN_POINT ( 'NONE',  ( 88.31697469964323943, -5.000000000000000000, 3.633966658370840541 ) ) ;
#3322 = CARTESIAN_POINT ( 'NONE',  ( 91.31581244131051278, 46.38161343711588103, 9.190883246934845374 ) ) ;
#3323 = LINE ( 'NONE', #1092, #477 ) ;
#3324 = ORIENTED_EDGE ( 'NONE', *, *, #2750, .F. ) ;
#3325 = DIRECTION ( 'NONE',  ( -1.000000000000000000, 0.000000000000000000, -0.000000000000000000 ) ) ;
#3326 = ADVANCED_FACE ( 'NONE', ( #1000 ), #224, .F. ) ;
#3327 = CARTESIAN_POINT ( 'NONE',  ( 97.24227599745636041, -1.002132753840552448, 7.234985991814652628 ) ) ;
#3328 = CARTESIAN_POINT ( 'NONE',  ( 23.79917355153416736, 46.35907227281534659, 9.283208829959633590 ) ) ;
#3329 = ORIENTED_EDGE ( 'NONE', *, *, #3560, .F. ) ;
#3330 = EDGE_CURVE ( 'NONE', #3430, #227, #821, .T. ) ;
#3331 = CARTESIAN_POINT ( 'NONE',  ( 21.81500000000005102, 52.65000000000004121, 5.000000000000000000 ) ) ;
#3332 = DIRECTION ( 'NONE',  ( 0.000000000000000000, 0.000000000000000000, -1.000000000000000000 ) ) ;
#3333 = DIRECTION ( 'NONE',  ( -0.000000000000000000, -0.000000000000000000, 1.000000000000000000 ) ) ;
#3334 = EDGE_LOOP ( 'NONE', ( #4148, #344, #3512, #1039, #1528, #2989, #475, #1397, #1252, #116, #1132, #1773, #1967, #217, #1916, #1444 ) ) ;
#3335 = CARTESIAN_POINT ( 'NONE',  ( 98.39656156545808585, -0.7018492149183597206, 7.082355151648997094 ) ) ;
#3336 = CARTESIAN_POINT ( 'NONE',  ( 86.91697469964320533, 52.10820393249936444, 3.600000000000000089 ) ) ;
#3337 = VECTOR ( 'NONE', #2151, 1000.000000000000000 ) ;
#3338 = EDGE_LOOP ( 'NONE', ( #2635, #1767, #3174, #830, #3054, #3517, #2417, #1582 ) ) ;
#3339 = CARTESIAN_POINT ( 'NONE',  ( 95.71833290222672019, 48.65456489723759148, 6.049810156118952342 ) ) ;
#3340 = CARTESIAN_POINT ( 'NONE',  ( 91.12251365225523614, 46.38000428362146010, 9.198983254655125563 ) ) ;
#3341 = DIRECTION ( 'NONE',  ( -1.000000000000000000, 0.000000000000000000, 0.000000000000000000 ) ) ;
#3342 = VERTEX_POINT ( 'NONE', #2914 ) ;
#3343 = CARTESIAN_POINT ( 'NONE',  ( 85.10990208558149561, -0.6781650744019562804, 7.686862611337211604 ) ) ;
#3344 = CARTESIAN_POINT ( 'NONE',  ( 24.49996216251643233, 47.09768612968878188, 5.811258955977310237 ) ) ;
#3345 = ORIENTED_EDGE ( 'NONE', *, *, #3366, .T. ) ;
#3346 = CARTESIAN_POINT ( 'NONE',  ( 17.87070437003758272, -0.1098720639102410135, 8.595321593667152982 ) ) ;
#3347 = DIRECTION ( 'NONE',  ( -0.000000000000000000, -0.000000000000000000, 1.000000000000000000 ) ) ;
#3348 = FACE_OUTER_BOUND ( 'NONE', #1119, .T. ) ;
#3349 = CARTESIAN_POINT ( 'NONE',  ( 17.12561263191880911, 46.40000008960281974, 9.145897756014358393 ) ) ;
#3350 = EDGE_CURVE ( 'NONE', #1301, #2566, #662, .T. ) ;
#3351 = CARTESIAN_POINT ( 'NONE',  ( 31.74398566778206998, -2.137855582633924278, 6.117450971979635277 ) ) ;
#3352 = CARTESIAN_POINT ( 'NONE',  ( 20.00792738593836262, -0.6781650744021467947, 7.686862611336851892 ) ) ;
#3353 = CARTESIAN_POINT ( 'NONE',  ( 82.97267906968183127, -0.1098720639105095348, 8.595321593667712534 ) ) ;
#3354 = VERTEX_POINT ( 'NONE', #1480 ) ;
#3355 = DIRECTION ( 'NONE',  ( -1.000000000000000000, 0.000000000000000000, -0.000000000000000000 ) ) ;
#3356 = EDGE_CURVE ( 'NONE', #4478, #4646, #47, .T. ) ;
#3357 = VECTOR ( 'NONE', #1541, 1000.000000000000000 ) ;
#3358 = LINE ( 'NONE', #4116, #2966 ) ;
#3359 = ORIENTED_EDGE ( 'NONE', *, *, #408, .T. ) ;
#3360 = AXIS2_PLACEMENT_3D ( 'NONE', #3141, #2820, #1663 ) ;
#3361 = AXIS2_PLACEMENT_3D ( 'NONE', #3265, #1038, #1477 ) ;
#3362 = CARTESIAN_POINT ( 'NONE',  ( 96.18881227620592256, -1.791994184800543177, 6.418980721229849529 ) ) ;
#3363 = CARTESIAN_POINT ( 'NONE',  ( 26.14836003462486502, 46.38116656905275903, 9.193167071883525665 ) ) ;
#3364 = ORIENTED_EDGE ( 'NONE', *, *, #1232, .T. ) ;
#3365 = AXIS2_PLACEMENT_3D ( 'NONE', #3965, #2550, #2835 ) ;
#3366 = EDGE_CURVE ( 'NONE', #1654, #3663, #74, .T. ) ;
#3367 = CARTESIAN_POINT ( 'NONE',  ( 18.64008532389994954, -0.3358570077921794184, 7.928613950768600205 ) ) ;
#3368 = DIRECTION ( 'NONE',  ( 1.000000000000000000, 0.000000000000000000, 0.000000000000000000 ) ) ;
#3369 = VECTOR ( 'NONE', #4486, 1000.000000000000000 ) ;
#3370 = CARTESIAN_POINT ( 'NONE',  ( 20.00792738593836262, -0.6781650744021467947, 7.686862611336851892 ) ) ;
#3371 = CIRCLE ( 'NONE', #1357, 6.000000000000001776 ) ;
#3372 = CARTESIAN_POINT ( 'NONE',  ( 26.36500000000004817, -6.250000000000012434, 3.549999999999996714 ) ) ;
#3373 = PLANE ( 'NONE',  #2692 ) ;
#3374 = CIRCLE ( 'NONE', #2250, 2.000000000000001776 ) ;
#3375 = VECTOR ( 'NONE', #4420, 1000.000000000000000 ) ;
#3376 = EDGE_CURVE ( 'NONE', #4646, #4049, #262, .T. ) ;
#3377 = CARTESIAN_POINT ( 'NONE',  ( 21.64316242344336416, -1.791994184801896983, 6.418980721228445319 ) ) ;
#3378 = CARTESIAN_POINT ( 'NONE',  ( 16.81500000000004746, 46.39999999999997016, 10.00000000000000000 ) ) ;
#3379 = ORIENTED_EDGE ( 'NONE', *, *, #4091, .T. ) ;
#3380 = DIRECTION ( 'NONE',  ( 1.000000000000000000, 0.000000000000000000, 0.000000000000000000 ) ) ;
#3381 = CARTESIAN_POINT ( 'NONE',  ( 89.69592192094829386, 46.36406678502983425, 9.265847836895380496 ) ) ;
#3382 = EDGE_CURVE ( 'NONE', #668, #4578, #2190, .T. ) ;
#3383 = VERTEX_POINT ( 'NONE', #1698 ) ;
#3384 = CARTESIAN_POINT ( 'NONE',  ( 29.46805607768231283, 46.35831484749989073, 9.285714285714286476 ) ) ;
#3385 = ORIENTED_EDGE ( 'NONE', *, *, #3160, .T. ) ;
#3386 = CARTESIAN_POINT ( 'NONE',  ( 17.69890675751274500, 46.47485810325700584, 8.716407524614485425 ) ) ;
#3387 = CARTESIAN_POINT ( 'NONE',  ( 86.74513712308052504, -1.791994184801195544, 6.418980721229177178 ) ) ;
#3388 = CARTESIAN_POINT ( 'NONE',  ( 26.41250500529915612, 46.38203451679453337, 9.188701402014826769 ) ) ;
#3389 = EDGE_LOOP ( 'NONE', ( #3196, #3385 ) ) ;
#3390 = CARTESIAN_POINT ( 'NONE',  ( 123.3000000000000256, 40.39999999999999147, 0.000000000000000000 ) ) ;
#3391 = CARTESIAN_POINT ( 'NONE',  ( 94.61697469964320817, 52.10820393249936444, 11.00000000000000000 ) ) ;
#3392 = CARTESIAN_POINT ( 'NONE',  ( 17.87070437003758272, -0.1098720639102410135, 8.595321593667152982 ) ) ;
#3393 = DIRECTION ( 'NONE',  ( -0.000000000000000000, -0.000000000000000000, 1.000000000000000000 ) ) ;
#3394 = CARTESIAN_POINT ( 'NONE',  ( 88.31697469964319680, 52.10820393249936444, 5.000000000000000000 ) ) ;
#3395 = CARTESIAN_POINT ( 'NONE',  ( 28.16644452435420476, 47.08180151819583870, 5.851840561768587357 ) ) ;
#3396 = CARTESIAN_POINT ( 'NONE',  ( 35.60438736808165316, -8.959969934093903469E-08, 9.145897756020739067 ) ) ;
#3397 = CARTESIAN_POINT ( 'NONE',  ( 17.87688656590975356, -0.03505845609259117257, 9.044672882760520949 ) ) ;
#3398 = CARTESIAN_POINT ( 'NONE',  ( 26.36500000000004817, 52.65000000000004121, 5.000000000000000888 ) ) ;
#3399 = CYLINDRICAL_SURFACE ( 'NONE', #4127, 1.400000000000000133 ) ;
#3400 = CYLINDRICAL_SURFACE ( 'NONE', #1882, 4.549999999999998934 ) ;
#3401 = EDGE_CURVE ( 'NONE', #704, #940, #3511, .T. ) ;
#3402 = CARTESIAN_POINT ( 'NONE',  ( -12.70000000000000107, 40.39999999999997016, 9.000000000000001776 ) ) ;
#3403 = CARTESIAN_POINT ( 'NONE',  ( 90.04964937149247817, 47.01500702766833228, 6.045525346605590045 ) ) ;
#3404 = DIRECTION ( 'NONE',  ( -0.000000000000000000, -0.000000000000000000, -1.000000000000000000 ) ) ;
#3405 = ORIENTED_EDGE ( 'NONE', *, *, #30, .F. ) ;
#3406 = CARTESIAN_POINT ( 'NONE',  ( 21.43403670793989946, 49.46079940863979374, 4.351784258574004305 ) ) ;
#3407 = VECTOR ( 'NONE', #3274, 1000.000000000000000 ) ;
#3408 = ADVANCED_FACE ( 'NONE', ( #2754 ), #1381, .F. ) ;
#3409 = FACE_BOUND ( 'NONE', #1241, .T. ) ;
#3410 = CARTESIAN_POINT ( 'NONE',  ( 29.46805607768235191, 0.04168515250008945211, 9.285714285714286476 ) ) ;
#3411 = CARTESIAN_POINT ( 'NONE',  ( 24.00820043025678885, 50.54567128218663186, 5.000000152726420843 ) ) ;
#3412 = ORIENTED_EDGE ( 'NONE', *, *, #3506, .T. ) ;
#3413 = APPLICATION_PROTOCOL_DEFINITION ( 'draft international standard', 'automotive_design', 1998, #2052 ) ;
#3414 = PLANE ( 'NONE',  #2621 ) ;
#3415 = CARTESIAN_POINT ( 'NONE',  ( 19.43541313418244343, -0.7018492149170917349, 7.082355151647511171 ) ) ;
#3416 = ORIENTED_EDGE ( 'NONE', *, *, #3242, .T. ) ;
#3417 = CARTESIAN_POINT ( 'NONE',  ( 22.11364179741656599, 48.65456489724001443, 6.049810156117620963 ) ) ;
#3418 = DIRECTION ( 'NONE',  ( 0.000000000000000000, 0.000000000000000000, 1.000000000000000000 ) ) ;
#3419 = CARTESIAN_POINT ( 'NONE',  ( 96.01697469964324227, -5.000000000000000000, 3.633966658370840985 ) ) ;
#3420 = DIRECTION ( 'NONE',  ( -1.000000000000000000, -0.000000000000000000, 0.000000000000000000 ) ) ;
#3421 = DIRECTION ( 'NONE',  ( -0.000000000000000000, -1.000000000000000000, -0.000000000000000000 ) ) ;
#3422 = CARTESIAN_POINT ( 'NONE',  ( 91.46697469964324512, -6.250000000000013323, 5.000000000000000888 ) ) ;
#3423 = DIRECTION ( 'NONE',  ( 1.000000000000000000, 0.000000000000000000, 0.000000000000000000 ) ) ;
#3424 =( BOUNDED_SURFACE ( )  B_SPLINE_SURFACE ( 3, 2, ( 
 ( #429, #3302, #36 ),
 ( #4346, #83, #1169 ),
 ( #3988, #759, #3328 ),
 ( #2972, #4417, #4533 ),
 ( #175, #1920, #3765 ),
 ( #3438, #2327, #1210 ),
 ( #847, #490, #535 ),
 ( #1989, #474, #4155 ),
 ( #512, #4177, #897 ),
 ( #2263, #4075, #1653 ),
 ( #1586, #2655, #869 ),
 ( #2638, #925, #3060 ),
 ( #4482, #4506, #124 ),
 ( #2349, #3344, #3791 ),
 ( #3411, #150, #3736 ),
 ( #1605, #1626, #1280 ),
 ( #559, #3696, #3717 ),
 ( #4100, #2283, #1941 ),
 ( #1251, #197, #3363 ),
 ( #3039, #1558, #2995 ),
 ( #4441, #3017, #2710 ),
 ( #4463, #2010, #1230 ),
 ( #2301, #219, #3089 ),
 ( #1971, #1303, #3388 ),
 ( #2681, #4124, #2732 ),
 ( #2888, #3194, #4311 ),
 ( #3875, #3799, #2460 ),
 ( #2092, #914, #1340 ),
 ( #2413, #3774, #1217 ),
 ( #1953, #2979, #1238 ),
 ( #877, #4109, #4135 ),
 ( #1928, #3395, #907 ),
 ( #4422, #1998, #4084 ),
 ( #4334, #2893, #1040 ),
 ( #3572, #682, #702 ),
 ( #2122, #3197, #3551 ),
 ( #4644, #2846, #3592 ),
 ( #3219, #1790, #4596 ),
 ( #678, #4641, #1667 ),
 ( #2730, #3485, #1696 ),
 ( #997, #2421, #3861 ),
 ( #634, #4606, #1379 ),
 ( #2805, #4247, #3079 ),
 ( #1265, #1294, #602 ) ),
 .UNSPECIFIED., .F., .F., .F. ) 
 B_SPLINE_SURFACE_WITH_KNOTS ( ( 4, 2, 2, 2, 2, 2, 2, 2, 2, 2, 2, 2, 2, 2, 2, 2, 2, 2, 2, 2, 2, 4 ),
 ( 3, 3 ),
 ( 0.005318734795262119487, 0.006118152410070758565, 0.006917570024879396776, 0.007317278832283715881, 0.007517133235985875434, 0.007716987639688035854, 0.007916842043390196274, 0.008116696447092355826, 0.008216623648943436470, 0.008316550850794515379, 0.008416478052645594288, 0.008516405254496674931, 0.008616332456347755575, 0.008716259658198834484, 0.008816186860049913393, 0.008916114061900994037, 0.009115968465603153589, 0.009315822869305313142, 0.009715531676709632247, 0.01011524048411395135, 0.01091465809892258956, 0.01171407571373122951 ),
 ( 0.000000000000000000, 1.000000000000000000 ),
 .UNSPECIFIED. ) 
 GEOMETRIC_REPRESENTATION_ITEM ( )  RATIONAL_B_SPLINE_SURFACE ( (
 ( 1.000000000000000000, 0.8017837257372719684, 1.000000000000000000),
 ( 1.000000000000000000, 0.8040475589152332736, 1.000000000000000000),
 ( 1.000000000000000000, 0.8057983743422190148, 1.000000000000000000),
 ( 1.000000000000000000, 0.8091717858402196484, 1.000000000000000000),
 ( 1.000000000000000000, 0.8106774386254629317, 1.000000000000000000),
 ( 1.000000000000000000, 0.8150772695556237624, 1.000000000000000000),
 ( 1.000000000000000000, 0.8169137669685654357, 1.000000000000000000),
 ( 1.000000000000000000, 0.8211628589654649257, 1.000000000000000000),
 ( 1.000000000000000000, 0.8228351564826836828, 1.000000000000000000),
 ( 1.000000000000000000, 0.8270031150926273611, 1.000000000000000000),
 ( 1.000000000000000000, 0.8294958006883024204, 1.000000000000000000),
 ( 1.000000000000000000, 0.8358059643835054064, 1.000000000000000000),
 ( 1.000000000000000000, 0.8396247735615964825, 1.000000000000000000),
 ( 1.000000000000000000, 0.8493411798883665487, 1.000000000000000000),
 ( 1.000000000000000000, 0.8552884053576871315, 1.000000000000000000),
 ( 1.000000000000000000, 0.8661628951898253659, 1.000000000000000000),
 ( 1.000000000000000000, 0.8701115422145012657, 1.000000000000000000),
 ( 1.000000000000000000, 0.8783756839664961236, 1.000000000000000000),
 ( 1.000000000000000000, 0.8827068171291289067, 1.000000000000000000),
 ( 1.000000000000000000, 0.8908061153907901319, 1.000000000000000000),
 ( 1.000000000000000000, 0.8945150659084097899, 1.000000000000000000),
 ( 1.000000000000000000, 0.8995030287352242526, 1.000000000000000000),
 ( 1.000000000000000000, 0.9007224061781615720, 1.000000000000000000),
 ( 1.000000000000000000, 0.8998088183108103877, 1.000000000000000000),
 ( 1.000000000000000000, 0.8976814737159589663, 1.000000000000000000),
 ( 1.000000000000000000, 0.8913358924711579645, 1.000000000000000000),
 ( 1.000000000000000000, 0.8872725851538080244, 1.000000000000000000),
 ( 1.000000000000000000, 0.8789651812849849088, 1.000000000000000000),
 ( 1.000000000000000000, 0.8747161794271887114, 1.000000000000000000),
 ( 1.000000000000000000, 0.8667296693001710350, 1.000000000000000000),
 ( 1.000000000000000000, 0.8629777373444983413, 1.000000000000000000),
 ( 1.000000000000000000, 0.8526932213242982561, 1.000000000000000000),
 ( 1.000000000000000000, 0.8471317010447735329, 1.000000000000000000),
 ( 1.000000000000000000, 0.8380201226001920967, 1.000000000000000000),
 ( 1.000000000000000000, 0.8344350981098622722, 1.000000000000000000),
 ( 1.000000000000000000, 0.8255224057443746322, 1.000000000000000000),
 ( 1.000000000000000000, 0.8219458382684400322, 1.000000000000000000),
 ( 1.000000000000000000, 0.8165369904361506892, 1.000000000000000000),
 ( 1.000000000000000000, 0.8147677467232985471, 1.000000000000000000),
 ( 1.000000000000000000, 0.8105295808099503008, 1.000000000000000000),
 ( 1.000000000000000000, 0.8090523784633890658, 1.000000000000000000),
 ( 1.000000000000000000, 0.8057463830416861095, 1.000000000000000000),
 ( 1.000000000000000000, 0.8040393906496844378, 1.000000000000000000),
 ( 1.000000000000000000, 0.8017837257372726345, 1.000000000000000000) ) ) 
 REPRESENTATION_ITEM ( '' )  SURFACE ( )  );
#3425 = DIRECTION ( 'NONE',  ( 0.000000000000000000, 0.000000000000000000, 1.000000000000000000 ) ) ;
#3426 = EDGE_CURVE ( 'NONE', #4375, #463, #3824, .T. ) ;
#3427 = CARTESIAN_POINT ( 'NONE',  ( 94.31615804428103900, 51.29461295672034282, 5.000000025657410418 ) ) ;
#3428 = EDGE_LOOP ( 'NONE', ( #38, #569, #164, #1446 ) ) ;
#3429 = CARTESIAN_POINT ( 'NONE',  ( 91.46697469964321670, 52.65000000000004121, 0.000000000000000000 ) ) ;
#3430 = VERTEX_POINT ( 'NONE', #949 ) ;
#3431 = CARTESIAN_POINT ( 'NONE',  ( 94.56212039590938900, -5.662898398804688149, 4.999999999999999112 ) ) ;
#3432 = VECTOR ( 'NONE', #465, 1000.000000000000000 ) ;
#3433 = AXIS2_PLACEMENT_3D ( 'NONE', #2253, #1259, #4138 ) ;
#3434 = FACE_OUTER_BOUND ( 'NONE', #1352, .T. ) ;
#3435 = CARTESIAN_POINT ( 'NONE',  ( 29.46805607768232704, -1.236067977499792470, 4.999999999999993783 ) ) ;
#3436 = ORIENTED_EDGE ( 'NONE', *, *, #2986, .F. ) ;
#3437 = DIRECTION ( 'NONE',  ( 0.000000000000000000, 0.000000000000000000, 1.000000000000000000 ) ) ;
#3438 = CARTESIAN_POINT ( 'NONE',  ( 23.38299193252879249, 51.63322677051144183, 4.999999998881489383 ) ) ;
#3439 = ORIENTED_EDGE ( 'NONE', *, *, #2728, .T. ) ;
#3440 = EDGE_CURVE ( 'NONE', #2057, #959, #391, .T. ) ;
#3441 = AXIS2_PLACEMENT_3D ( 'NONE', #3626, #3649, #1873 ) ;
#3442 = CARTESIAN_POINT ( 'NONE',  ( 94.61697469964320817, 51.53398452777013716, 5.027540533814195634 ) ) ;
#3443 = CARTESIAN_POINT ( 'NONE',  ( 21.02190669970242354, -2.227648616912256241, 4.979238666733016849 ) ) ;
#3444 = ORIENTED_EDGE ( 'NONE', *, *, #2248, .F. ) ;
#3445 = AXIS2_PLACEMENT_3D ( 'NONE', #508, #4173, #1172 ) ;
#3446 = ADVANCED_FACE ( 'NONE', ( #2062 ), #497, .F. ) ;
#3447 = CARTESIAN_POINT ( 'NONE',  ( 26.36500000000004817, -6.250000000000012434, 5.000000000000000888 ) ) ;
#3448 = CARTESIAN_POINT ( 'NONE',  ( 23.21500000000004960, -6.250000000000012434, 5.000000000000000888 ) ) ;
#3449 = CIRCLE ( 'NONE', #4359, 6.000000000000000000 ) ;
#3450 = AXIS2_PLACEMENT_3D ( 'NONE', #3276, #2567, #2485 ) ;
#3451 = CARTESIAN_POINT ( 'NONE',  ( 96.27723284896732991, -3.366095562033736943, 4.160209839791258801 ) ) ;
#3452 = DIRECTION ( 'NONE',  ( 1.000000000000000000, 0.000000000000000000, 0.000000000000000000 ) ) ;
#3453 = CARTESIAN_POINT ( 'NONE',  ( 91.46697469964324512, -6.250000000000013323, 3.549999999999996714 ) ) ;
#3454 = VERTEX_POINT ( 'NONE', #93 ) ;
#3455 = VECTOR ( 'NONE', #2424, 1000.000000000000000 ) ;
#3456 = DIRECTION ( 'NONE',  ( 1.000000000000000000, 0.000000000000000000, 0.000000000000000000 ) ) ;
#3457 = CARTESIAN_POINT ( 'NONE',  ( 94.61697469964323659, -5.708203932499369415, 5.000000000000000000 ) ) ;
#3458 = CARTESIAN_POINT ( 'NONE',  ( 92.82776146176800580, 49.80226232851927648, 4.999999798125728923 ) ) ;
#3459 = VERTEX_POINT ( 'NONE', #163 ) ;
#3460 = CARTESIAN_POINT ( 'NONE',  ( 83.91963183585235697, 46.80376971343396519, 8.172133052151895782 ) ) ;
#3461 = ORIENTED_EDGE ( 'NONE', *, *, #2852, .T. ) ;
#3462 = CARTESIAN_POINT ( 'NONE',  ( 30.04356475045826613, 49.51974957974118041, 5.577094451977409939 ) ) ;
#3463 = CARTESIAN_POINT ( 'NONE',  ( 94.20311155768594347, -1.087496561824207175, 5.189011463376675515 ) ) ;
#3464 = CARTESIAN_POINT ( 'NONE',  ( 28.95220229391067690, -0.9964758268379351192, 5.289923901872240819 ) ) ;
#3465 = CARTESIAN_POINT ( 'NONE',  ( 91.98378536449558851, 0.02185837108711838339, 9.208422287015926244 ) ) ;
#3466 = CARTESIAN_POINT ( 'NONE',  ( 96.01697469964321385, 50.87669933111767762, 3.698366727381017238 ) ) ;
#3467 = EDGE_CURVE ( 'NONE', #1005, #2404, #769, .T. ) ;
#3468 = CARTESIAN_POINT ( 'NONE',  ( 82.97267906968185969, 46.50987206391049966, 8.595321593667057058 ) ) ;
#3469 = CARTESIAN_POINT ( 'NONE',  ( 18.67263624768441233, -0.1958929156052022502, 8.619305215998748437 ) ) ;
#3470 = VERTEX_POINT ( 'NONE', #2208 ) ;
#3471 = DIRECTION ( 'NONE',  ( 4.034240641806528883E-16, -1.000000000000000000, 0.000000000000000000 ) ) ;
#3472 = FACE_OUTER_BOUND ( 'NONE', #1723, .T. ) ;
#3473 = EDGE_CURVE ( 'NONE', #4620, #3845, #1910, .T. ) ;
#3474 = CARTESIAN_POINT ( 'NONE',  ( 35.91500000000004178, 46.39999999999997726, 9.000000000000001776 ) ) ;
#3475 = CARTESIAN_POINT ( 'NONE',  ( 104.6000000000000085, 43.39999999999999858, 10.00000000000000000 ) ) ;
#3476 = ORIENTED_EDGE ( 'NONE', *, *, #4637, .F. ) ;
#3477 = CARTESIAN_POINT ( 'NONE',  ( 100.0466051396124811, 46.48959483566262918, 8.886104278001404566 ) ) ;
#3478 = FACE_OUTER_BOUND ( 'NONE', #329, .T. ) ;
#3479 = CARTESIAN_POINT ( 'NONE',  ( 93.04694946372394782, 47.04057128044589575, 5.968444323459098477 ) ) ;
#3480 = DIRECTION ( 'NONE',  ( 1.000000000000000000, 0.000000000000000000, 0.000000000000000000 ) ) ;
#3481 = VERTEX_POINT ( 'NONE', #4426 ) ;
#3482 = CARTESIAN_POINT ( 'NONE',  ( 31.11331106920519929, 49.89763216039281701, 5.397955681066745726 ) ) ;
#3483 = CARTESIAN_POINT ( 'NONE',  ( 91.68361466501839629, 0.01883343094722272903, 9.193167071883559416 ) ) ;
#3484 = CARTESIAN_POINT ( 'NONE',  ( 28.79416947604699573, -0.9059201373627039366, 5.408241717056970543 ) ) ;
#3485 = CARTESIAN_POINT ( 'NONE',  ( 29.10803470383288527, 47.49171058200044371, 5.184958212113706999 ) ) ;
#3486 = LINE ( 'NONE', #3131, #1394 ) ;
#3487 = CARTESIAN_POINT ( 'NONE',  ( 98.39656156545794374, 47.10184921491840271, 7.082355151649371017 ) ) ;
#3488 = ORIENTED_EDGE ( 'NONE', *, *, #1597, .T. ) ;
#3489 = AXIS2_PLACEMENT_3D ( 'NONE', #1419, #2856, #2781 ) ;
#3490 = CARTESIAN_POINT ( 'NONE',  ( 96.01697469964321385, 51.39999999999998437, 3.633966658370840985 ) ) ;
#3491 = CYLINDRICAL_SURFACE ( 'NONE', #152, 1.400000000000000133 ) ;
#3492 = ORIENTED_EDGE ( 'NONE', *, *, #2490, .T. ) ;
#3493 = CARTESIAN_POINT ( 'NONE',  ( 24.29676869891703106, 0.03878678560134356246, 9.276500045687020801 ) ) ;
#3494 = FACE_OUTER_BOUND ( 'NONE', #4241, .T. ) ;
#3495 = CARTESIAN_POINT ( 'NONE',  ( 21.43403670793981775, -3.060799408639667707, 4.351784258574539876 ) ) ;
#3496 = DIRECTION ( 'NONE',  ( -0.000000000000000000, -0.000000000000000000, 1.000000000000000000 ) ) ;
#3497 = CARTESIAN_POINT ( 'NONE',  ( 123.3000000000000256, 6.000000000000000000, 10.00000000000000000 ) ) ;
#3498 = ORIENTED_EDGE ( 'NONE', *, *, #3959, .F. ) ;
#3500 = ADVANCED_FACE ( 'NONE', ( #1159 ), #4019, .F. ) ;
#3499 = CARTESIAN_POINT ( 'NONE',  ( 96.01697469964321385, 51.39999999999998437, 3.633966658370840985 ) ) ;
#3501 = CARTESIAN_POINT ( 'NONE',  ( 93.26841922399658813, 47.08180151819562553, 5.851840561769355631 ) ) ;
#3502 = VERTEX_POINT ( 'NONE', #1134 ) ;
#3503 = CARTESIAN_POINT ( 'NONE',  ( 86.91697469964320533, 51.53398452777013006, 5.027540533814182311 ) ) ;
#3504 = ORIENTED_EDGE ( 'NONE', *, *, #2948, .T. ) ;
#3506 = EDGE_CURVE ( 'NONE', #848, #2034, #4453, .T. ) ;
#3505 = CARTESIAN_POINT ( 'NONE',  ( 92.85154391624367065, 0.03209348085088728486, 9.251360159499446567 ) ) ;
#3507 = CARTESIAN_POINT ( 'NONE',  ( 29.26898869831884298, -5.028628646251123158, 4.999999997591331180 ) ) ;
#3508 = ORIENTED_EDGE ( 'NONE', *, *, #2546, .F. ) ;
#3509 = AXIS2_PLACEMENT_3D ( 'NONE', #1923, #126, #1562 ) ;
#3510 = CARTESIAN_POINT ( 'NONE',  ( 16.81500000000005102, -1.774217468555771909E-17, 9.096583900478682594 ) ) ;
#3511 = LINE ( 'NONE', #3865, #1502 ) ;
#3512 = ORIENTED_EDGE ( 'NONE', *, *, #2886, .F. ) ;
#3513 = B_SPLINE_CURVE_WITH_KNOTS ( 'NONE', 3,
 ( #555, #4032, #171, #4376, #3406, #1623, #1150, #3654, #2727, #2596, #2240, #1968, #3386, #4499, #2573, #4011 ),
 .UNSPECIFIED., .F., .F.,
 ( 4, 2, 2, 2, 2, 2, 2, 4 ),
 ( 0.000000000000000000, 0.1250000000000000000, 0.2500000000000000000, 0.5000000000000000000, 0.7500000000000000000, 0.8750000000000000000, 0.9375000000000000000, 1.000000000000000000 ),
 .UNSPECIFIED. ) ;
#3514 =( NAMED_UNIT ( * ) SI_UNIT ( $, .STERADIAN. ) SOLID_ANGLE_UNIT ( ) );
#3515 = CARTESIAN_POINT ( 'NONE',  ( 86.53601140758274823, 49.46079940863920399, 4.351784258574545206 ) ) ;
#3516 = PRESENTATION_STYLE_ASSIGNMENT (( #667 ) ) ;
#3517 = ORIENTED_EDGE ( 'NONE', *, *, #242, .T. ) ;
#3518 = DIRECTION ( 'NONE',  ( -0.000000000000000000, -0.000000000000000000, 1.000000000000000000 ) ) ;
#3519 = AXIS2_PLACEMENT_3D ( 'NONE', #393, #1836, #3593 ) ;
#3520 = LINE ( 'NONE', #1390, #2089 ) ;
#3521 = CARTESIAN_POINT ( 'NONE',  ( 16.81500000000004746, 0.000000000000000000, 0.000000000000000000 ) ) ;
#3522 = CARTESIAN_POINT ( 'NONE',  ( 83.45836986409675262, -0.2318187177955228773, 8.211755662393889210 ) ) ;
#3523 = CARTESIAN_POINT ( 'NONE',  ( 34.08991467609979509, 46.73585700779231900, 7.928613950768789387 ) ) ;
#3524 = CARTESIAN_POINT ( 'NONE',  ( 96.39793799170307409, 49.46079940864040481, 4.351784258573983877 ) ) ;
#3525 = TOROIDAL_SURFACE ( 'NONE', #664, 3.150000000000005240, 1.399999999999999911 ) ;
#3526 = EDGE_CURVE ( 'NONE', #3058, #1413, #3641, .T. ) ;
#3527 = CARTESIAN_POINT ( 'NONE',  ( 94.36094484488276635, 51.40245100573433490, 4.999999995670183495 ) ) ;
#3528 = VECTOR ( 'NONE', #266, 1000.000000000000000 ) ;
#3529 = ORIENTED_EDGE ( 'NONE', *, *, #2457, .F. ) ;
#3530 = CARTESIAN_POINT ( 'NONE',  ( 86.71866363043193360, 49.89763216039274596, 5.397955681066033407 ) ) ;
#3531 = VECTOR ( 'NONE', #4510, 1000.000000000000000 ) ;
#3532 = VERTEX_POINT ( 'NONE', #3336 ) ;
#3533 = CARTESIAN_POINT ( 'NONE',  ( 30.61635820258351259, 48.65456489723725753, 6.049810156119129090 ) ) ;
#3534 = CARTESIAN_POINT ( 'NONE',  ( 92.72376855739878465, 0.03070238788360351787, 9.245965674181766403 ) ) ;
#3535 = AXIS2_PLACEMENT_3D ( 'NONE', #2788, #3894, #2136 ) ;
#3536 = EDGE_CURVE ( 'NONE', #1795, #2511, #1574, .T. ) ;
#3537 = CARTESIAN_POINT ( 'NONE',  ( 25.96734779885180799, -3.112825898819423731, 5.000000024983325631 ) ) ;
#3538 = ORIENTED_EDGE ( 'NONE', *, *, #3874, .T. ) ;
#3539 = CARTESIAN_POINT ( 'NONE',  ( 16.81500000000004746, 0.000000000000000000, 9.000000000000001776 ) ) ;
#3540 = CIRCLE ( 'NONE', #4137, 1.699999999999993072 ) ;
#3541 = DIRECTION ( 'NONE',  ( -0.000000000000000000, 0.9954099110309674314, -0.09570323412153616816 ) ) ;
#3542 = CYLINDRICAL_SURFACE ( 'NONE', #3734, 5.999999999999998224 ) ;
#3543 = VERTEX_POINT ( 'NONE', #2604 ) ;
#3544 = CYLINDRICAL_SURFACE ( 'NONE', #2543, 1.400000000000000133 ) ;
#3545 = DIRECTION ( 'NONE',  ( -1.000000000000000000, 0.000000000000000000, 0.000000000000000000 ) ) ;
#3546 = DIRECTION ( 'NONE',  ( -1.000000000000000000, -0.000000000000000000, 0.000000000000000000 ) ) ;
#3547 = DIRECTION ( 'NONE',  ( 0.000000000000000000, -1.000000000000000000, -0.000000000000000000 ) ) ;
#3548 = CARTESIAN_POINT ( 'NONE',  ( 23.26194392231778352, -5.708203932499369415, 5.000000000000000888 ) ) ;
#3549 = CARTESIAN_POINT ( 'NONE',  ( 82.51242525997938060, 46.37968392220733449, 9.213399254570115104 ) ) ;
#3550 = EDGE_LOOP ( 'NONE', ( #842, #3136, #3254, #2239 ) ) ;
#3551 = CARTESIAN_POINT ( 'NONE',  ( 27.26584797766367174, 46.37346018921613222, 9.228958591081386942 ) ) ;
#3552 = CARTESIAN_POINT ( 'NONE',  ( 84.98906152009253390, 47.41680265806150629, 6.516758327472719436 ) ) ;
#3553 = VERTEX_POINT ( 'NONE', #2560 ) ;
#3554 = CARTESIAN_POINT ( 'NONE',  ( 91.51909044306309227, 0.01797679951718463010, 9.188761237603022991 ) ) ;
#3555 = ADVANCED_FACE ( 'NONE', ( #815 ), #115, .T. ) ;
#3556 = CARTESIAN_POINT ( 'NONE',  ( 23.51581665536263799, -4.894612956718781938, 5.000000025657564073 ) ) ;
#3557 = ORIENTED_EDGE ( 'NONE', *, *, #1518, .T. ) ;
#3558 = DIRECTION ( 'NONE',  ( 0.000000000000000000, 0.000000000000000000, 1.000000000000000000 ) ) ;
#3559 = ORIENTED_EDGE ( 'NONE', *, *, #450, .F. ) ;
#3560 = EDGE_CURVE ( 'NONE', #3454, #84, #3304, .T. ) ;
#3561 = DIRECTION ( 'NONE',  ( -0.000000000000000000, -0.000000000000000000, -1.000000000000000000 ) ) ;
#3562 = CARTESIAN_POINT ( 'NONE',  ( 96.81006799993976131, -2.227648616914492230, 4.979238666733760255 ) ) ;
#3563 = VERTEX_POINT ( 'NONE', #3288 ) ;
#3564 = CARTESIAN_POINT ( 'NONE',  ( 27.39911780283176057, 46.37183561728591741, 9.236085405448905661 ) ) ;
#3565 = EDGE_CURVE ( 'NONE', #844, #463, #2645, .T. ) ;
#3566 = AXIS2_PLACEMENT_3D ( 'NONE', #1245, #530, #823 ) ;
#3567 = DIRECTION ( 'NONE',  ( -1.000000000000000000, 0.000000000000000000, -0.000000000000000000 ) ) ;
#3568 = CARTESIAN_POINT ( 'NONE',  ( 34.37360483554481050, -0.2318187177959533940, 8.211755662393345645 ) ) ;
#3569 = LINE ( 'NONE', #647, #3669 ) ;
#3570 = CARTESIAN_POINT ( 'NONE',  ( 86.74513712308052504, 48.19199418480165065, 6.418980721228687791 ) ) ;
#3571 = ORIENTED_EDGE ( 'NONE', *, *, #2678, .F. ) ;
#3572 = CARTESIAN_POINT ( 'NONE',  ( 29.08443290720545349, 51.05774081634042716, 4.999999987171212190 ) ) ;
#3573 = DIRECTION ( 'NONE',  ( 1.000000000000000000, 0.000000000000000000, 0.000000000000000000 ) ) ;
#3574 = EDGE_LOOP ( 'NONE', ( #1171, #2001, #1938, #1627 ) ) ;
#3575 = CARTESIAN_POINT ( 'NONE',  ( 88.38135678201851420, -5.613123793487887703, 5.000000000181516135 ) ) ;
#3576 = CARTESIAN_POINT ( 'NONE',  ( 26.08826034066894550, 0.01934343586935432721, 9.195742322562995952 ) ) ;
#3577 = EDGE_LOOP ( 'NONE', ( #52, #1487, #2273, #417 ) ) ;
#3578 = FACE_OUTER_BOUND ( 'NONE', #3228, .T. ) ;
#3579 = EDGE_LOOP ( 'NONE', ( #1402, #430, #4602, #2388 ) ) ;
#3580 = CARTESIAN_POINT ( 'NONE',  ( 86.91697469964320533, 51.39999999999997726, 3.633966658370841873 ) ) ;
#3581 = ADVANCED_FACE ( 'NONE', ( #2272 ), #3687, .T. ) ;
#3582 = CARTESIAN_POINT ( 'NONE',  ( 123.3000000000000256, 40.39999999999999147, 0.000000000000000000 ) ) ;
#3583 = ORIENTED_EDGE ( 'NONE', *, *, #895, .F. ) ;
#3584 = LINE ( 'NONE', #1030, #72 ) ;
#3585 = VECTOR ( 'NONE', #2116, 1000.000000000000000 ) ;
#3586 = EDGE_CURVE ( 'NONE', #1400, #1685, #70, .T. ) ;
#3587 = DIRECTION ( 'NONE',  ( 1.000000000000000000, 0.000000000000000000, 0.000000000000000000 ) ) ;
#3588 = CARTESIAN_POINT ( 'NONE',  ( 86.74513712308059610, -1.791994184801172230, 6.418980721229198494 ) ) ;
#3589 = AXIS2_PLACEMENT_3D ( 'NONE', #369, #3615, #1813 ) ;
#3590 = CARTESIAN_POINT ( 'NONE',  ( 85.10990208558746417, 47.07816507440259812, 7.686862611336001905 ) ) ;
#3591 = ORIENTED_EDGE ( 'NONE', *, *, #412, .T. ) ;
#3592 = CARTESIAN_POINT ( 'NONE',  ( 27.39134083111395768, 46.37194094021263879, 9.235301758974665987 ) ) ;
#3593 = DIRECTION ( 'NONE',  ( 1.000000000000000000, 0.000000000000000000, 0.000000000000000000 ) ) ;
#3594 = CARTESIAN_POINT ( 'NONE',  ( 26.36500000000004107, 52.10820393249935023, 5.000000000000000000 ) ) ;
#3595 = EDGE_LOOP ( 'NONE', ( #2826, #1374, #1246, #1779 ) ) ;
#3596 = CARTESIAN_POINT ( 'NONE',  ( 89.88699993556298296, -0.6405712804457259768, 5.968444323459416445 ) ) ;
#3597 = VECTOR ( 'NONE', #2977, 1000.000000000000000 ) ;
#3598 = VECTOR ( 'NONE', #483, 1000.000000000000000 ) ;
#3599 = CARTESIAN_POINT ( 'NONE',  ( 26.02504246129216270, 0.01994864661753431231, 9.198750341755873805 ) ) ;
#3600 = ORIENTED_EDGE ( 'NONE', *, *, #4037, .T. ) ;
#3601 = FACE_OUTER_BOUND ( 'NONE', #2747, .T. ) ;
#3602 = EDGE_LOOP ( 'NONE', ( #1986, #3834, #526, #4611 ) ) ;
#3603 = VECTOR ( 'NONE', #2865, 1000.000000000000000 ) ;
#3604 = DIRECTION ( 'NONE',  ( -0.000000000000000000, -0.000000000000000000, 1.000000000000000000 ) ) ;
#3605 = CARTESIAN_POINT ( 'NONE',  ( 89.76697469964324227, -6.250000000000013323, 3.549999999999996714 ) ) ;
#3606 = TOROIDAL_SURFACE ( 'NONE', #4445, 3.000000000000000888, 1.000000000000000000 ) ;
#3607 = CARTESIAN_POINT ( 'NONE',  ( 100.1330679421291023, -0.07485810325725514303, 8.716407524614650626 ) ) ;
#3608 = CARTESIAN_POINT ( 'NONE',  ( 26.36500000000004817, 52.65000000000004121, -8.673617379884035472E-16 ) ) ;
#3609 = VERTEX_POINT ( 'NONE', #462 ) ;
#3610 = CARTESIAN_POINT ( 'NONE',  ( 91.46697469964324512, -6.250000000000013323, -8.673617379884035472E-16 ) ) ;
#3611 = EDGE_CURVE ( 'NONE', #2626, #709, #902, .T. ) ;
#3612 = CARTESIAN_POINT ( 'NONE',  ( 30.91500000000004533, -5.000000000000000000, 3.633966658370840097 ) ) ;
#3613 = CARTESIAN_POINT ( 'NONE',  ( 86.91697469964324796, -5.133984527770151018, 5.027540533814195634 ) ) ;
#3614 = EDGE_CURVE ( 'NONE', #68, #4459, #1356, .T. ) ;
#3615 = DIRECTION ( 'NONE',  ( -0.000000000000000000, -0.000000000000000000, 1.000000000000000000 ) ) ;
#3616 = ORIENTED_EDGE ( 'NONE', *, *, #4318, .T. ) ;
#3617 = CARTESIAN_POINT ( 'NONE',  ( -15.70000000000000284, 6.000000000000000000, 10.00000000000000000 ) ) ;
#3618 = DIRECTION ( 'NONE',  ( 1.000000000000000000, 0.000000000000000000, 0.000000000000000000 ) ) ;
#3619 = ORIENTED_EDGE ( 'NONE', *, *, #2948, .F. ) ;
#3620 = CARTESIAN_POINT ( 'NONE',  ( 89.67404081466459331, 0.03612080583770580638, 9.266520455294651626 ) ) ;
#3621 = CARTESIAN_POINT ( 'NONE',  ( 24.21071095907760906, -0.7839937946146423586, 5.616529430093001984 ) ) ;
#3622 = VERTEX_POINT ( 'NONE', #2380 ) ;
#3623 = LINE ( 'NONE', #3937, #110 ) ;
#3624 = EDGE_LOOP ( 'NONE', ( #4203, #2168, #98, #507 ) ) ;
#3625 = CARTESIAN_POINT ( 'NONE',  ( 86.91697469964323375, -6.250000000000013323, 0.000000000000000000 ) ) ;
#3626 = CARTESIAN_POINT ( 'NONE',  ( 94.57003077732545648, 52.10820393249937865, 11.00000000000003908 ) ) ;
#3627 = CARTESIAN_POINT ( 'NONE',  ( 30.91500000000004533, 51.39999999999997016, 3.633966658370840985 ) ) ;
#3628 = CARTESIAN_POINT ( 'NONE',  ( -18.70000000000000284, 40.39999999999997016, 10.00000000000000000 ) ) ;
#3629 = EDGE_LOOP ( 'NONE', ( #1085, #2284, #2391, #3508 ) ) ;
#3630 = DIRECTION ( 'NONE',  ( -1.000000000000000000, 0.000000000000000000, 0.000000000000000000 ) ) ;
#3631 = ADVANCED_FACE ( 'NONE', ( #525 ), #4493, .T. ) ;
#3632 = FACE_OUTER_BOUND ( 'NONE', #1074, .T. ) ;
#3633 = DIRECTION ( 'NONE',  ( -0.000000000000000000, -0.000000000000000000, 1.000000000000000000 ) ) ;
#3634 = TOROIDAL_SURFACE ( 'NONE', #2587, 7.400000000000000355, 1.399999999999999911 ) ;
#3635 = CARTESIAN_POINT ( 'NONE',  ( 6.000000000000000000, 46.39999999999997016, 10.00000000000000000 ) ) ;
#3636 = VECTOR ( 'NONE', #2825, 1000.000000000000000 ) ;
#3637 = LINE ( 'NONE', #2510, #1650 ) ;
#3638 = EDGE_CURVE ( 'NONE', #3318, #4316, #3148, .T. ) ;
#3639 = EDGE_LOOP ( 'NONE', ( #1042, #3014, #2714, #4649 ) ) ;
#3640 = CARTESIAN_POINT ( 'NONE',  ( 88.31697469964319680, 51.53398452777013006, 5.027540533814196522 ) ) ;
#3641 = LINE ( 'NONE', #3378, #2858 ) ;
#3642 = EDGE_LOOP ( 'NONE', ( #936, #1753, #3571, #3989, #399 ) ) ;
#3643 = CARTESIAN_POINT ( 'NONE',  ( 90.93969237694587093, 0.02201349126798543207, 9.208697518740498467 ) ) ;
#3644 = CARTESIAN_POINT ( 'NONE',  ( 23.52762671170670572, 0.04168515245785225226, 9.285714285572618465 ) ) ;
#3645 = EDGE_CURVE ( 'NONE', #3221, #305, #2411, .T. ) ;
#3646 = CARTESIAN_POINT ( 'NONE',  ( 6.000000000000000000, 42.39999999999997016, 10.00000000000000000 ) ) ;
#3647 = ORIENTED_EDGE ( 'NONE', *, *, #2811, .T. ) ;
#3648 = CARTESIAN_POINT ( 'NONE',  ( 21.81500000000005102, -5.000000000000000000, 0.000000000000000000 ) ) ;
#3649 = DIRECTION ( 'NONE',  ( -1.000000000000000000, 5.387443908956835701E-16, -2.674365358797560380E-15 ) ) ;
#3650 = CARTESIAN_POINT ( 'NONE',  ( 96.01697469964322806, -5.133984527770151018, 5.027540533814193857 ) ) ;
#3651 = CARTESIAN_POINT ( 'NONE',  ( 93.53520600072621960, 46.36121321439863863, 9.276500045687017248 ) ) ;
#3652 = LINE ( 'NONE', #1899, #1062 ) ;
#3653 = ORIENTED_EDGE ( 'NONE', *, *, #3160, .F. ) ;
#3654 = CARTESIAN_POINT ( 'NONE',  ( 19.88708682044708809, 47.41680265805927519, 6.516758327472359724 ) ) ;
#3655 = CARTESIAN_POINT ( 'NONE',  ( 90.17488102785478077, 46.36878153673591640, 9.248109234035284842 ) ) ;
#3656 = AXIS2_PLACEMENT_3D ( 'NONE', #3243, #1102, #1176 ) ;
#3657 = CARTESIAN_POINT ( 'NONE',  ( 101.0169746996432139, 51.39999999999998437, 0.000000000000000000 ) ) ;
#3658 = CARTESIAN_POINT ( 'NONE',  ( 19.88708682044707743, 47.41680265805926808, 6.516758327472350842 ) ) ;
#3659 = CARTESIAN_POINT ( 'NONE',  ( 33.29458686581534010, -0.7018492149181557727, 7.082355151647883318 ) ) ;
#3660 = VERTEX_POINT ( 'NONE', #1638 ) ;
#3661 = CARTESIAN_POINT ( 'NONE',  ( 29.51500000000005386, 51.53398452777012295, 5.027540533814195634 ) ) ;
#3662 = DIRECTION ( 'NONE',  ( -1.000000000000000000, 0.000000000000000000, 0.000000000000000000 ) ) ;
#3663 = VERTEX_POINT ( 'NONE', #1290 ) ;
#3664 = CARTESIAN_POINT ( 'NONE',  ( 88.36391862196093427, -1.236067977499798465, 4.999999999999974243 ) ) ;
#3665 = CIRCLE ( 'NONE', #215, 1.400000000000000133 ) ;
#3666 = EDGE_CURVE ( 'NONE', #4653, #4454, #2031, .T. ) ;
#3667 = CARTESIAN_POINT ( 'NONE',  ( 91.25033473426807973, 46.38116656905277324, 9.193167071883527441 ) ) ;
#3668 = CARTESIAN_POINT ( 'NONE',  ( 30.91500000000004533, -5.000000000000000000, 3.633966658370840097 ) ) ;
#3669 = VECTOR ( 'NONE', #3261, 1000.000000000000000 ) ;
#3670 = ORIENTED_EDGE ( 'NONE', *, *, #733, .T. ) ;
#3671 = AXIS2_PLACEMENT_3D ( 'NONE', #1987, #63, #3033 ) ;
#3672 = EDGE_CURVE ( 'NONE', #2121, #105, #2337, .T. ) ;
#3673 = VECTOR ( 'NONE', #672, 1000.000000000000000 ) ;
#3674 = FACE_OUTER_BOUND ( 'NONE', #3624, .T. ) ;
#3675 = CARTESIAN_POINT ( 'NONE',  ( 94.61697469964323659, -5.708203932499369415, 11.00000000000000000 ) ) ;
#3676 = FACE_OUTER_BOUND ( 'NONE', #1111, .T. ) ;
#3677 = ORIENTED_EDGE ( 'NONE', *, *, #2211, .F. ) ;
#3678 = AXIS2_PLACEMENT_3D ( 'NONE', #2668, #273, #4471 ) ;
#3679 = DIRECTION ( 'NONE',  ( -0.000000000000000000, -0.000000000000000000, 1.000000000000000000 ) ) ;
#3680 = AXIS2_PLACEMENT_3D ( 'NONE', #625, #1371, #1020 ) ;
#3681 = DIRECTION ( 'NONE',  ( 1.000000000000000000, 0.000000000000000000, -0.000000000000000000 ) ) ;
#3682 = CARTESIAN_POINT ( 'NONE',  ( 22.85500309163554178, 49.83699200407140495, 5.432883167384388479 ) ) ;
#3683 = DIRECTION ( 'NONE',  ( 2.111225325732422144E-16, -1.000000000000000000, 0.000000000000000000 ) ) ;
#3684 = CARTESIAN_POINT ( 'NONE',  ( 32.55313498931452187, -1.237605050250310645, 6.939579310600718642 ) ) ;
#3685 = EDGE_LOOP ( 'NONE', ( #1141, #2719, #3913, #1546, #2725 ) ) ;
#3686 = CARTESIAN_POINT ( 'NONE',  ( 88.31697469964319680, 52.10820393249936444, 5.000000000000000000 ) ) ;
#3687 = CYLINDRICAL_SURFACE ( 'NONE', #4050, 1.400000000000000133 ) ;
#3688 = ORIENTED_EDGE ( 'NONE', *, *, #1496, .F. ) ;
#3689 = DIRECTION ( 'NONE',  ( 0.000000000000000000, 0.000000000000000000, -1.000000000000000000 ) ) ;
#3690 = FACE_OUTER_BOUND ( 'NONE', #4042, .T. ) ;
#3691 = ORIENTED_EDGE ( 'NONE', *, *, #4312, .F. ) ;
#3692 = DIRECTION ( 'NONE',  ( -1.000000000000000000, 0.000000000000000000, 0.000000000000000000 ) ) ;
#3693 = ORIENTED_EDGE ( 'NONE', *, *, #4228, .T. ) ;
#3694 = CARTESIAN_POINT ( 'NONE',  ( 35.91500000000004178, 0.04168515250008988926, 9.285714285714286476 ) ) ;
#3695 = LINE ( 'NONE', #4532, #1316 ) ;
#3696 = CARTESIAN_POINT ( 'NONE',  ( 24.94767467184852450, 47.01500702766858808, 6.045525346605458594 ) ) ;
#3697 = ORIENTED_EDGE ( 'NONE', *, *, #2658, .T. ) ;
#3698 = EDGE_CURVE ( 'NONE', #3163, #4454, #3851, .T. ) ;
#3699 = CARTESIAN_POINT ( 'NONE',  ( 21.81500000000005102, 51.39999999999996305, 3.633966658370841873 ) ) ;
#3700 = CARTESIAN_POINT ( 'NONE',  ( 17.69890675751184261, -0.07485810325692866807, 8.716407524614355751 ) ) ;
#3701 = LINE ( 'NONE', #127, #1202 ) ;
#3702 = ADVANCED_FACE ( 'NONE', ( #3119 ), #1727, .F. ) ;
#3703 = DIRECTION ( 'NONE',  ( 1.000000000000000000, -0.000000000000000000, 0.000000000000000000 ) ) ;
#3704 = CARTESIAN_POINT ( 'NONE',  ( 19.43541313418655392, 47.10184921491894272, 7.082355151647890423 ) ) ;
#3705 = CARTESIAN_POINT ( 'NONE',  ( 29.51500007420979088, -4.591034467613330783, 5.079742220925862028 ) ) ;
#3706 = LINE ( 'NONE', #3751, #4651 ) ;
#3707 = CARTESIAN_POINT ( 'NONE',  ( 104.6000000000000227, 3.000000000000000000, 10.00000000000000000 ) ) ;
#3708 = CIRCLE ( 'NONE', #2432, 1.000000000000000888 ) ;
#3709 = ORIENTED_EDGE ( 'NONE', *, *, #4312, .T. ) ;
#3710 = CARTESIAN_POINT ( 'NONE',  ( 26.36500000000004107, -6.250000000000008882, 5.000000000000000000 ) ) ;
#3711 = CARTESIAN_POINT ( 'NONE',  ( 88.50012977667479674, 47.60374759028484704, 5.067383063335174853 ) ) ;
#3712 = CARTESIAN_POINT ( 'NONE',  ( 32.14030129781316703, 47.40213275383920433, 7.234985991816026640 ) ) ;
#3713 = EDGE_LOOP ( 'NONE', ( #4248, #2104, #615, #78 ) ) ;
#3714 = EDGE_CURVE ( 'NONE', #4213, #358, #3752, .T. ) ;
#3715 = CARTESIAN_POINT ( 'NONE',  ( 97.24227599745638884, -1.002132753840556889, 7.234985991814646411 ) ) ;
#3716 = DIRECTION ( 'NONE',  ( 0.000000000000000000, 0.000000000000000000, 1.000000000000000000 ) ) ;
#3717 = CARTESIAN_POINT ( 'NONE',  ( 26.05221568446407332, 46.38032040349990126, 9.197418602368628626 ) ) ;
#3718 = ORIENTED_EDGE ( 'NONE', *, *, #3350, .T. ) ;
#3719 = EDGE_CURVE ( 'NONE', #1822, #3058, #3026, .T. ) ;
#3720 = FACE_OUTER_BOUND ( 'NONE', #4387, .T. ) ;
#3721 = CARTESIAN_POINT ( 'NONE',  ( 21.80282782717202750, -4.418267682184934486, 5.126404000412995821 ) ) ;
#3722 = CARTESIAN_POINT ( 'NONE',  ( 35.91500000000004178, 0.000000000000000000, 9.000000000000001776 ) ) ;
#3723 = DIRECTION ( 'NONE',  ( -0.000000000000000000, -0.000000000000000000, 1.000000000000000000 ) ) ;
#3724 = EDGE_CURVE ( 'NONE', #2106, #113, #2695, .T. ) ;
#3725 = CARTESIAN_POINT ( 'NONE',  ( 18.08414247558723531, -0.07093402564590080284, 8.942207955679153386 ) ) ;
#3726 = CARTESIAN_POINT ( 'NONE',  ( 128.3000000000000114, 40.39999999999999147, 10.00000000000000000 ) ) ;
#3727 = VERTEX_POINT ( 'NONE', #207 ) ;
#3728 = CARTESIAN_POINT ( 'NONE',  ( 29.87499690836463984, 49.83699200407122021, 5.432883167384451539 ) ) ;
#3729 = FACE_BOUND ( 'NONE', #2009, .T. ) ;
#3730 = CIRCLE ( 'NONE', #3283, 6.000000000000005329 ) ;
#3731 = CARTESIAN_POINT ( 'NONE',  ( 89.33928357596926162, 47.17452320875671035, 5.635745556917633792 ) ) ;
#3732 = CARTESIAN_POINT ( 'NONE',  ( 35.31954943966367466, 46.37968392220751213, 9.213399254569537788 ) ) ;
#3733 = VERTEX_POINT ( 'NONE', #2049 ) ;
#3734 = AXIS2_PLACEMENT_3D ( 'NONE', #908, #2111, #3941 ) ;
#3735 = CARTESIAN_POINT ( 'NONE',  ( 87.21561649705971320, -2.254564897239364818, 6.049810156117985116 ) ) ;
#3736 = CARTESIAN_POINT ( 'NONE',  ( 25.92592465065033025, 46.37900965277912491, 9.203840687703912948 ) ) ;
#3737 = VERTEX_POINT ( 'NONE', #1337 ) ;
#3738 = CIRCLE ( 'NONE', #4585, 2.000000000000000000 ) ;
#3739 = CIRCLE ( 'NONE', #1498, 5.000000000000004441 ) ;
#3740 = CARTESIAN_POINT ( 'NONE',  ( 94.97697160800780125, 49.83699200407401975, 5.432883167383519840 ) ) ;
#3741 = AXIS2_PLACEMENT_3D ( 'NONE', #568, #4541, #3047 ) ;
#3742 = CARTESIAN_POINT ( 'NONE',  ( 23.21499992579912330, -4.591034467613472003, 5.079742220925846929 ) ) ;
#3743 = CIRCLE ( 'NONE', #819, 4.549999999999998934 ) ;
#3744 = DIRECTION ( 'NONE',  ( 1.000000000000000000, 0.000000000000000000, 0.000000000000000000 ) ) ;
#3745 = CARTESIAN_POINT ( 'NONE',  ( 101.0169746996432423, -1.774217468555771909E-17, 9.096583900478682594 ) ) ;
#3746 = ADVANCED_FACE ( 'NONE', ( #934 ), #4139, .F. ) ;
#3747 = B_SPLINE_CURVE_WITH_KNOTS ( 'NONE', 3,
 ( #1898, #59, #103, #4345, #4416, #2547, #3235, #4324, #1096, #2521, #734, #1117, #3987, #758, #2199, #3627 ),
 .UNSPECIFIED., .F., .F.,
 ( 4, 2, 2, 2, 2, 2, 2, 4 ),
 ( 0.000000000000000000, 0.06250000000000000000, 0.1250000000000000000, 0.2500000000000000000, 0.5000000000000000000, 0.7500000000000000000, 0.8750000000000000000, 1.000000000000000000 ),
 .UNSPECIFIED. ) ;
#3748 =( GEOMETRIC_REPRESENTATION_CONTEXT ( 3 ) GLOBAL_UNCERTAINTY_ASSIGNED_CONTEXT ( ( #2486 ) ) GLOBAL_UNIT_ASSIGNED_CONTEXT ( ( #3135, #1385, #3162 ) ) REPRESENTATION_CONTEXT ( 'NONE', 'WORKASPACE' ) );
#3749 = CARTESIAN_POINT ( 'NONE',  ( 35.91500000000005599, -1.192622389734055075E-15, 9.145898033750317069 ) ) ;
#3750 = VECTOR ( 'NONE', #2976, 1000.000000000000000 ) ;
#3751 = CARTESIAN_POINT ( 'NONE',  ( 21.81500000000005102, -5.000000000000000000, 5.000000000000000000 ) ) ;
#3752 = LINE ( 'NONE', #1240, #4589 ) ;
#3753 = EDGE_LOOP ( 'NONE', ( #2702, #694, #2297, #3061, #1995, #1798, #1509, #2099 ) ) ;
#3755 = ADVANCED_FACE ( 'NONE', ( #2358 ), #3801, .F. ) ;
#3754 = CARTESIAN_POINT ( 'NONE',  ( 123.3000000000000256, 4.000000000000000000, 0.000000000000000000 ) ) ;
#3756 = CARTESIAN_POINT ( 'NONE',  ( 94.61697469964320817, 52.65000000000004121, 5.000000000000000888 ) ) ;
#3757 = CARTESIAN_POINT ( 'NONE',  ( 88.50813870409832873, 51.56492710196259566, 5.000000004817480637 ) ) ;
#3758 = ORIENTED_EDGE ( 'NONE', *, *, #2281, .T. ) ;
#3759 = CARTESIAN_POINT ( 'NONE',  ( 24.66500000000005244, -6.250000000000012434, -8.673617379884035472E-16 ) ) ;
#3760 = ORIENTED_EDGE ( 'NONE', *, *, #2778, .T. ) ;
#3761 = CARTESIAN_POINT ( 'NONE',  ( 26.36500000000004817, -6.250000000000012434, 5.000000000000000000 ) ) ;
#3762 = CARTESIAN_POINT ( 'NONE',  ( 82.51242525997959376, 0.02031607779265765315, 9.213399254570111552 ) ) ;
#3763 = ORIENTED_EDGE ( 'NONE', *, *, #4456, .F. ) ;
#3764 = LINE ( 'NONE', #4462, #288 ) ;
#3765 = CARTESIAN_POINT ( 'NONE',  ( 24.59394722130506139, 46.36406678502988399, 9.265847836895179768 ) ) ;
#3766 = ORIENTED_EDGE ( 'NONE', *, *, #1973, .F. ) ;
#3767 = DIRECTION ( 'NONE',  ( -1.000000000000000000, 0.000000000000000000, 0.000000000000000000 ) ) ;
#3768 = DIRECTION ( 'NONE',  ( 1.000000000000000000, -0.000000000000000000, 0.000000000000000000 ) ) ;
#3769 = CARTESIAN_POINT ( 'NONE',  ( 101.0169746996432139, 46.39999999999999147, 9.096583900478682594 ) ) ;
#3770 = ORIENTED_EDGE ( 'NONE', *, *, #111, .F. ) ;
#3771 = CARTESIAN_POINT ( 'NONE',  ( 96.01697469964324227, -5.708203932499369415, 11.00000000000000000 ) ) ;
#3772 = DIRECTION ( 'NONE',  ( 0.000000000000000000, 0.000000000000000000, 1.000000000000000000 ) ) ;
#3773 = EDGE_CURVE ( 'NONE', #3163, #1066, #975, .T. ) ;
#3774 = CARTESIAN_POINT ( 'NONE',  ( 27.66628634537977405, 46.99981428864310118, 6.093561793279949512 ) ) ;
#3775 = PRODUCT_DEFINITION ( 'General', '', #1704, #2434 ) ;
#3776 = CARTESIAN_POINT ( 'NONE',  ( 94.61697469964320817, 52.65000000000004121, 3.600000000000000089 ) ) ;
#3777 = DIRECTION ( 'NONE',  ( 0.7071067811865482389, 0.000000000000000000, 0.7071067811865469066 ) ) ;
#3778 = CARTESIAN_POINT ( 'NONE',  ( 23.21500000000004960, -6.250000000000012434, 3.600000000000000089 ) ) ;
#3779 = LINE ( 'NONE', #2647, #3226 ) ;
#3780 = LINE ( 'NONE', #886, #3154 ) ;
#3781 = EDGE_CURVE ( 'NONE', #3871, #1862, #4291, .T. ) ;
#3782 = CARTESIAN_POINT ( 'NONE',  ( 92.62198151014248992, 49.70851618569624009, 5.000000256610338312 ) ) ;
#3783 = DIRECTION ( 'NONE',  ( -1.000000000000000000, 0.000000000000000000, 0.000000000000000000 ) ) ;
#3784 = EDGE_LOOP ( 'NONE', ( #1108, #1270, #3932, #635, #642 ) ) ;
#3785 = CARTESIAN_POINT ( 'NONE',  ( 31.43032058552094909, 49.06172231156791241, 5.775813378231642758 ) ) ;
#3786 = FACE_OUTER_BOUND ( 'NONE', #4628, .T. ) ;
#3787 = VECTOR ( 'NONE', #487, 1000.000000000000000 ) ;
#3788 = ADVANCED_FACE ( 'NONE', ( #4184 ), #744, .T. ) ;
#3789 = CARTESIAN_POINT ( 'NONE',  ( 29.20210003064542548, 0.04168515252078634770, 9.285714285783706501 ) ) ;
#3790 = DIRECTION ( 'NONE',  ( 1.000000000000000000, 0.000000000000000000, 0.000000000000000000 ) ) ;
#3791 = CARTESIAN_POINT ( 'NONE',  ( 25.86337667946746066, 46.37828664541022050, 9.207286371922297263 ) ) ;
#3792 = ORIENTED_EDGE ( 'NONE', *, *, #248, .T. ) ;
#3793 = CARTESIAN_POINT ( 'NONE',  ( 99.32465674652324594, 46.67812560514853004, 8.426889323464536119 ) ) ;
#3794 = CARTESIAN_POINT ( 'NONE',  ( 17.31117425058439707, -0.02083089541176510323, 8.915208395342563819 ) ) ;
#3795 = ORIENTED_EDGE ( 'NONE', *, *, #1952, .T. ) ;
#3796 = CARTESIAN_POINT ( 'NONE',  ( 22.85500309163554178, 49.83699200407140495, 5.432883167384388479 ) ) ;
#3797 = CARTESIAN_POINT ( 'NONE',  ( -12.70000000000000107, 40.39999999999997016, 10.00000000000000000 ) ) ;
#3798 = CYLINDRICAL_SURFACE ( 'NONE', #2307, 1.699999999999996625 ) ;
#3799 = CARTESIAN_POINT ( 'NONE',  ( 27.29480020749151947, 46.96255313203712944, 6.218644564911444128 ) ) ;
#3800 = CARTESIAN_POINT ( 'NONE',  ( 29.51500000000003965, -6.250000000000013323, 3.600000000000000089 ) ) ;
#3801 = CYLINDRICAL_SURFACE ( 'NONE', #3000, 1.699999999999996625 ) ;
#3802 = ORIENTED_EDGE ( 'NONE', *, *, #2902, .T. ) ;
#3803 = CARTESIAN_POINT ( 'NONE',  ( 97.15127028975338419, 48.18131891723362514, 5.468001728180703402 ) ) ;
#3804 = CARTESIAN_POINT ( 'NONE',  ( 92.87485942875856892, 46.36766187799504735, 9.252298540190828646 ) ) ;
#3805 = ORIENTED_EDGE ( 'NONE', *, *, #1737, .T. ) ;
#3806 = CARTESIAN_POINT ( 'NONE',  ( 86.90480252681588524, 50.81826768218724766, 5.126404000413600670 ) ) ;
#3807 = ORIENTED_EDGE ( 'NONE', *, *, #478, .T. ) ;
#3808 = FACE_OUTER_BOUND ( 'NONE', #2398, .T. ) ;
#3809 = CIRCLE ( 'NONE', #2987, 1.400000000000000133 ) ;
#3810 = EDGE_CURVE ( 'NONE', #2511, #4213, #4207, .T. ) ;
#3811 = CARTESIAN_POINT ( 'NONE',  ( 27.54311327971055690, -3.320725673033430247, 4.999999771273650140 ) ) ;
#3812 = ORIENTED_EDGE ( 'NONE', *, *, #3560, .T. ) ;
#3813 = LINE ( 'NONE', #1326, #2352 ) ;
#3814 = CARTESIAN_POINT ( 'NONE',  ( 101.0169746996432139, 46.39999999999999147, 9.000000000000001776 ) ) ;
#3815 = ORIENTED_EDGE ( 'NONE', *, *, #1511, .F. ) ;
#3816 = ADVANCED_FACE ( 'NONE', ( #1975 ), #4429, .F. ) ;
#3817 = TOROIDAL_SURFACE ( 'NONE', #4282, 5.000000000000001776, 1.000000000000000000 ) ;
#3818 = CARTESIAN_POINT ( 'NONE',  ( 85.78267910953600506, 48.18131891723648863, 5.468001728180701626 ) ) ;
#3819 = CARTESIAN_POINT ( 'NONE',  ( 125.3000000000000256, 40.39999999999999147, 9.000000000000001776 ) ) ;
#3820 = ORIENTED_EDGE ( 'NONE', *, *, #733, .F. ) ;
#3821 = CIRCLE ( 'NONE', #1497, 2.000000000000000000 ) ;
#3822 = CARTESIAN_POINT ( 'NONE',  ( 27.39862272713597235, 0.02815837658407896460, 9.236060913608335809 ) ) ;
#3823 = DIRECTION ( 'NONE',  ( 0.000000000000000000, 0.000000000000000000, 1.000000000000000000 ) ) ;
#3824 = CIRCLE ( 'NONE', #673, 1.000000000000000888 ) ;
#3825 = AXIS2_PLACEMENT_3D ( 'NONE', #4613, #1389, #2456 ) ;
#3826 = DIRECTION ( 'NONE',  ( 0.000000000000000000, 0.000000000000000000, 1.000000000000000000 ) ) ;
#3827 = CARTESIAN_POINT ( 'NONE',  ( 96.01697469964321385, 46.39999999999999147, 0.000000000000000000 ) ) ;
#3828 = CARTESIAN_POINT ( 'NONE',  ( -12.70000000000000107, 40.39999999999997016, 0.000000000000000000 ) ) ;
#3829 = AXIS2_PLACEMENT_3D ( 'NONE', #961, #3831, #2053 ) ;
#3830 = CARTESIAN_POINT ( 'NONE',  ( 86.91697469964323375, -5.000000000000000000, 3.633966658370840097 ) ) ;
#3831 = DIRECTION ( 'NONE',  ( -1.000000000000000000, 0.000000000000000000, 0.000000000000000000 ) ) ;
#3832 = CIRCLE ( 'NONE', #1811, 7.400000000000000355 ) ;
#3833 = CARTESIAN_POINT ( 'NONE',  ( 92.39677490713498287, 46.96255313203715787, 6.218644564911213202 ) ) ;
#3834 = ORIENTED_EDGE ( 'NONE', *, *, #1183, .F. ) ;
#3835 = CARTESIAN_POINT ( 'NONE',  ( 84.53738783382848965, 47.10184921491840271, 7.082355151647518277 ) ) ;
#3836 = ORIENTED_EDGE ( 'NONE', *, *, #820, .T. ) ;
#3837 = CARTESIAN_POINT ( 'NONE',  ( 92.15621545379779889, 0.02396021156995383275, 9.217619578780080758 ) ) ;
#3838 = CARTESIAN_POINT ( 'NONE',  ( 26.80464596509914799, -3.119907234513366490, 4.999999816533788888 ) ) ;
#3839 = DIRECTION ( 'NONE',  ( 1.000000000000000000, 0.000000000000000000, -0.000000000000000000 ) ) ;
#3840 = CARTESIAN_POINT ( 'NONE',  ( 96.01697469964321385, 51.39999999999998437, 3.633966658370840985 ) ) ;
#3841 = EDGE_LOOP ( 'NONE', ( #3758, #750, #1621, #3583 ) ) ;
#3842 = CARTESIAN_POINT ( 'NONE',  ( 84.98906152009253390, 47.41680265806149208, 6.516758327472719436 ) ) ;
#3843 = EDGE_CURVE ( 'NONE', #3430, #3342, #519, .T. ) ;
#3844 = DIRECTION ( 'NONE',  ( 1.000000000000000000, 0.000000000000000000, 0.000000000000000000 ) ) ;
#3845 = VERTEX_POINT ( 'NONE', #2686 ) ;
#3846 = CARTESIAN_POINT ( 'NONE',  ( -14.70000000000000107, 6.000000000000000000, 10.00000000000000000 ) ) ;
#3847 = FACE_OUTER_BOUND ( 'NONE', #1632, .T. ) ;
#3848 = ADVANCED_FACE ( 'NONE', ( #1564 ), #1960, .F. ) ;
#3849 = DIRECTION ( 'NONE',  ( 1.000000000000000000, 0.000000000000000000, 0.000000000000000000 ) ) ;
#3850 = CARTESIAN_POINT ( 'NONE',  ( 91.46697469964321670, 52.10820393249936444, 5.000000000000000000 ) ) ;
#3851 = LINE ( 'NONE', #3074, #2478 ) ;
#3852 = CARTESIAN_POINT ( 'NONE',  ( 82.41314895022684084, -0.02083089541166120023, 8.915208395342935077 ) ) ;
#3853 = CARTESIAN_POINT ( 'NONE',  ( 35.91500000000004178, 0.04168515250008988926, 9.285714285714286476 ) ) ;
#3854 = CARTESIAN_POINT ( 'NONE',  ( 91.41485895622358271, 46.38202320048279859, 9.188761237603014109 ) ) ;
#3855 = ORIENTED_EDGE ( 'NONE', *, *, #649, .F. ) ;
#3856 = CARTESIAN_POINT ( 'NONE',  ( 82.97267906968185969, 46.50987206391049966, 8.595321593667057058 ) ) ;
#3857 = ORIENTED_EDGE ( 'NONE', *, *, #3927, .T. ) ;
#3858 = CARTESIAN_POINT ( 'NONE',  ( 34.64585752441433186, 46.47093402564576792, 8.942207955679444709 ) ) ;
#3859 = CARTESIAN_POINT ( 'NONE',  ( 94.55232593133193575, -5.611643610400499860, 5.000000000186257232 ) ) ;
#3860 = CARTESIAN_POINT ( 'NONE',  ( 27.05424075415454510, 0.02396021156995216048, 9.217619578780075429 ) ) ;
#3861 = CARTESIAN_POINT ( 'NONE',  ( 28.41679387886822283, 46.36183217327092621, 9.273685586687994586 ) ) ;
#3862 = ORIENTED_EDGE ( 'NONE', *, *, #1313, .T. ) ;
#3863 = DIRECTION ( 'NONE',  ( -0.000000000000000000, -1.000000000000000000, -0.000000000000000000 ) ) ;
#3864 = EDGE_CURVE ( 'NONE', #2057, #3737, #1858, .T. ) ;
#3865 = CARTESIAN_POINT ( 'NONE',  ( 101.0169746996432423, 0.000000000000000000, 10.00000000000000000 ) ) ;
#3866 = ORIENTED_EDGE ( 'NONE', *, *, #2509, .F. ) ;
#3867 = VECTOR ( 'NONE', #2195, 1000.000000000000000 ) ;
#3868 = CIRCLE ( 'NONE', #4120, 1.000000000000000888 ) ;
#3869 = DIRECTION ( 'NONE',  ( 0.000000000000000000, 0.000000000000000000, -1.000000000000000000 ) ) ;
#3870 = CYLINDRICAL_SURFACE ( 'NONE', #2552, 1.699999999999996625 ) ;
#3871 = VERTEX_POINT ( 'NONE', #3819 ) ;
#3872 = CARTESIAN_POINT ( 'NONE',  ( 28.43280233729358031, 0.03878382833460836121, 9.276490330870780454 ) ) ;
#3873 = DIRECTION ( 'NONE',  ( 0.000000000000000000, 0.000000000000000000, -1.000000000000000000 ) ) ;
#3874 = EDGE_CURVE ( 'NONE', #4593, #1804, #2812, .T. ) ;
#3875 = CARTESIAN_POINT ( 'NONE',  ( 27.72578676212429727, 49.80226232851885726, 4.999999798125791095 ) ) ;
#3876 = CARTESIAN_POINT ( 'NONE',  ( 81.91697469964323375, 0.000000000000000000, 10.00000000000000000 ) ) ;
#3877 = CARTESIAN_POINT ( 'NONE',  ( 82.88734425967250274, -0.08959483566193937598, 8.886104278000464873 ) ) ;
#3878 = CARTESIAN_POINT ( 'NONE',  ( 34.85311343409016160, -0.03505845609255200945, 9.044672882760641741 ) ) ;
#3879 = EDGE_CURVE ( 'NONE', #2025, #747, #1757, .T. ) ;
#3880 = CARTESIAN_POINT ( 'NONE',  ( 90.51761172429053204, 49.63512293941394660, 5.000000183466202230 ) ) ;
#3881 = VERTEX_POINT ( 'NONE', #1050 ) ;
#3882 = CARTESIAN_POINT ( 'NONE',  ( 82.80088145715589576, 46.47485810325702715, 8.716407524614112390 ) ) ;
#3883 = VERTEX_POINT ( 'NONE', #4202 ) ;
#3884 = CARTESIAN_POINT ( 'NONE',  ( 35.60438736808173843, 46.40000008960357292, 9.145897756018007030 ) ) ;
#3885 = CARTESIAN_POINT ( 'NONE',  ( 91.96859802017533525, 0.02171335458972425969, 9.207286371922206669 ) ) ;
#3886 = CARTESIAN_POINT ( 'NONE',  ( 28.83338805604983435, -4.287586410503108958, 4.999999955579029098 ) ) ;
#3887 = ORIENTED_EDGE ( 'NONE', *, *, #1372, .F. ) ;
#3888 = CIRCLE ( 'NONE', #2372, 3.149999999999999911 ) ;
#3889 = DIRECTION ( 'NONE',  ( 0.000000000000000000, 1.000000000000000000, 0.000000000000000000 ) ) ;
#3890 = CARTESIAN_POINT ( 'NONE',  ( 99.47557953518685281, 46.63181871779622156, 8.211755662393894539 ) ) ;
#3891 = EDGE_CURVE ( 'NONE', #1862, #1619, #4610, .T. ) ;
#3892 = CARTESIAN_POINT ( 'NONE',  ( 83.74206002354168277, 46.73585700779150898, 7.928613950768607310 ) ) ;
#3893 = DIRECTION ( 'NONE',  ( 1.000000000000000000, 0.000000000000000000, 0.000000000000000000 ) ) ;
#3894 = DIRECTION ( 'NONE',  ( 0.000000000000000000, -1.000000000000000000, 0.000000000000000000 ) ) ;
#3895 = ORIENTED_EDGE ( 'NONE', *, *, #2778, .F. ) ;
#3896 = CARTESIAN_POINT ( 'NONE',  ( 93.16697469964323375, -6.250000000000013323, 3.549999999999996714 ) ) ;
#3897 = CARTESIAN_POINT ( 'NONE',  ( -18.70000000000000284, 6.000000000000000000, 10.00000000000000000 ) ) ;
#3898 = CIRCLE ( 'NONE', #3441, 6.000000000000000000 ) ;
#3899 = CLOSED_SHELL ( 'NONE', ( #3232, #1383, #2042, #2839, #3848, #3057, #4484, #2061, #2319, #199, #3581, #1662, #3788, #3170, #23, #4199, #1127, #3964, #4509, #2464, #4232, #1305, #361, #686, #397, #2684, #2426, #3326, #4544, #3259, #1705, #4460, #3702, #584, #2843, #1524, #3408, #2186, #3500, #784, #3034, #309, #1544, #1115, #1279, #1103, #101, #2260, #1003, #2636, #3555, #94, #998, #3446, #1175, #556, #4078, #938, #4391, #500, #3902, #762, #679, #2452, #3755, #3939, #1036, #4022, #1282, #420, #1781, #1423, #3179, #3307, #1982, #56, #572, #1348, #4142, #1203, #3088, #3816, #1656, #913, #4134, #3746, #160, #3104, #4123, #4362, #4343, #3285, #2127, #1387, #1249, #2265, #727, #4288, #2785, #1871, #4245, #2579, #314, #523, #1560, #1754, #3215, #1829, #4072, #4660, #4565, #1151, #2118, #193, #4261, #4161, #2959, #3909, #3631, #1929, #3934, #3011 ) ) ;
#3900 = CIRCLE ( 'NONE', #3450, 1.399999999999999689 ) ;
#3901 = CARTESIAN_POINT ( 'NONE',  ( 26.36500000000004817, -6.250000000000012434, 5.000000000000000888 ) ) ;
#3902 = ADVANCED_FACE ( 'NONE', ( #4305 ), #3183, .T. ) ;
#3903 = CARTESIAN_POINT ( 'NONE',  ( 16.81500000000004746, 51.39999999999996305, 10.00000000000000000 ) ) ;
#3904 = CARTESIAN_POINT ( 'NONE',  ( 86.91697469964323375, -4.999999999999999112, 3.633966658370840985 ) ) ;
#3905 = MANIFOLD_SOLID_BREP ( 'Saliente-Extruir2', #3899 ) ;
#3906 = AXIS2_PLACEMENT_3D ( 'NONE', #3846, #1333, #293 ) ;
#3907 = AXIS2_PLACEMENT_3D ( 'NONE', #2330, #4466, #518 ) ;
#3908 = DIRECTION ( 'NONE',  ( -0.000000000000000000, -0.000000000000000000, 1.000000000000000000 ) ) ;
#3909 = ADVANCED_FACE ( 'NONE', ( #2112 ), #2482, .F. ) ;
#3910 = ORIENTED_EDGE ( 'NONE', *, *, #50, .F. ) ;
#3911 = LINE ( 'NONE', #2123, #3636 ) ;
#3912 = AXIS2_PLACEMENT_3D ( 'NONE', #3314, #90, #459 ) ;
#3913 = ORIENTED_EDGE ( 'NONE', *, *, #2922, .F. ) ;
#3914 = CARTESIAN_POINT ( 'NONE',  ( 92.67068850838271032, -0.5883667071917670910, 6.130882010226502921 ) ) ;
#3915 = AXIS2_PLACEMENT_3D ( 'NONE', #3608, #1520, #1097 ) ;
#3916 = CARTESIAN_POINT ( 'NONE',  ( 28.35054314664634134, -3.799168084285008629, 5.000000140768091406 ) ) ;
#3917 = EDGE_LOOP ( 'NONE', ( #4657, #100, #1647, #1415 ) ) ;
#3918 = CARTESIAN_POINT ( 'NONE',  ( 29.51500000000004675, 46.39999999999999147, 3.600000000000000089 ) ) ;
#3919 = ORIENTED_EDGE ( 'NONE', *, *, #1456, .T. ) ;
#3920 = CARTESIAN_POINT ( 'NONE',  ( -12.70000000000000107, 6.000000000000000000, 10.00000000000000000 ) ) ;
#3921 = SURFACE_STYLE_FILL_AREA ( #4230 ) ;
#3922 = ORIENTED_EDGE ( 'NONE', *, *, #1408, .F. ) ;
#3923 = CYLINDRICAL_SURFACE ( 'NONE', #140, 6.000000000000001776 ) ;
#3924 = CARTESIAN_POINT ( 'NONE',  ( 28.06500000000004391, -6.250000000000012434, -8.673617379884035472E-16 ) ) ;
#3925 = DIRECTION ( 'NONE',  ( 0.000000000000000000, 1.000000000000000000, 0.000000000000000000 ) ) ;
#3926 = CARTESIAN_POINT ( 'NONE',  ( 104.6000000000000085, 46.35831484749989784, 9.285714285714286476 ) ) ;
#3927 = EDGE_CURVE ( 'NONE', #3470, #1051, #746, .T. ) ;
#3928 = CARTESIAN_POINT ( 'NONE',  ( 83.07568939604703928, -0.1315763333868467666, 8.775577008668548729 ) ) ;
#3929 = CARTESIAN_POINT ( 'NONE',  ( 94.57003077732547069, 52.10820393249936444, 4.999999999999999112 ) ) ;
#3930 = ORIENTED_EDGE ( 'NONE', *, *, #1843, .T. ) ;
#3931 = LINE ( 'NONE', #703, #1236 ) ;
#3932 = ORIENTED_EDGE ( 'NONE', *, *, #271, .T. ) ;
#3933 = CARTESIAN_POINT ( 'NONE',  ( 91.31925525662356335, 0.01836318228557093715, 9.190761123939688915 ) ) ;
#3934 = ADVANCED_FACE ( 'NONE', ( #2428 ), #244, .T. ) ;
#3935 = CARTESIAN_POINT ( 'NONE',  ( 23.47102985476072945, -5.002451005734859457, 4.999999995670043162 ) ) ;
#3936 = VERTEX_POINT ( 'NONE', #1004 ) ;
#3937 = CARTESIAN_POINT ( 'NONE',  ( 30.91500000000004533, 46.39999999999999147, 0.000000000000000000 ) ) ;
#3938 = ORIENTED_EDGE ( 'NONE', *, *, #3781, .T. ) ;
#3939 = ADVANCED_FACE ( 'NONE', ( #3942 ), #3870, .F. ) ;
#3940 = LINE ( 'NONE', #2520, #3062 ) ;
#3941 = DIRECTION ( 'NONE',  ( 0.000000000000000000, 1.000000000000000000, 0.000000000000000000 ) ) ;
#3942 = FACE_OUTER_BOUND ( 'NONE', #3184, .T. ) ;
#3943 = VECTOR ( 'NONE', #1915, 1000.000000000000000 ) ;
#3944 = ORIENTED_EDGE ( 'NONE', *, *, #2902, .F. ) ;
#3945 = CARTESIAN_POINT ( 'NONE',  ( 104.6000000000000227, -5.708203932499369415, 11.00000000000000000 ) ) ;
#3946 = CARTESIAN_POINT ( 'NONE',  ( 29.51500000000003965, 51.53398452777011585, 5.027540533814195634 ) ) ;
#3947 = FACE_OUTER_BOUND ( 'NONE', #3577, .T. ) ;
#3948 = CARTESIAN_POINT ( 'NONE',  ( 84.53738783382844701, -0.7018492149183839235, 7.082355151648252800 ) ) ;
#3949 = EDGE_CURVE ( 'NONE', #940, #4620, #4594, .T. ) ;
#3950 = CARTESIAN_POINT ( 'NONE',  ( 93.16697469964320533, 52.65000000000004121, 5.000000000000000000 ) ) ;
#3951 = EDGE_LOOP ( 'NONE', ( #2483, #2147, #1015, #4219 ) ) ;
#3952 = CARTESIAN_POINT ( 'NONE',  ( 24.66500000000005244, -6.250000000000012434, 5.000000000000000000 ) ) ;
#3953 = VERTEX_POINT ( 'NONE', #2155 ) ;
#3954 = CARTESIAN_POINT ( 'NONE',  ( 91.19023504031238758, 0.01934343586935376863, 9.195742322562994175 ) ) ;
#3955 = CARTESIAN_POINT ( 'NONE',  ( 30.91500000000004533, 0.000000000000000000, 0.000000000000000000 ) ) ;
#3956 = ORIENTED_EDGE ( 'NONE', *, *, #153, .F. ) ;
#3957 = CARTESIAN_POINT ( 'NONE',  ( -12.70000000000000107, 46.39999999999997016, 9.000000000000001776 ) ) ;
#3958 = ORIENTED_EDGE ( 'NONE', *, *, #3426, .T. ) ;
#3959 = EDGE_CURVE ( 'NONE', #547, #3936, #4443, .T. ) ;
#3960 = CARTESIAN_POINT ( 'NONE',  ( 88.21789931875038349, -4.174536990547832893, 5.186304173506430359 ) ) ;
#3961 = CARTESIAN_POINT ( 'NONE',  ( 94.61697469964323659, -5.133984527770151907, 5.027540533814194745 ) ) ;
#3962 = DIRECTION ( 'NONE',  ( 0.000000000000000000, 0.000000000000000000, 1.000000000000000000 ) ) ;
#3963 = ORIENTED_EDGE ( 'NONE', *, *, #381, .F. ) ;
#3964 = ADVANCED_FACE ( 'NONE', ( #2403 ), #3491, .T. ) ;
#3965 = CARTESIAN_POINT ( 'NONE',  ( 26.36500000000004817, 52.65000000000004121, 5.000000000000000888 ) ) ;
#3966 = CONICAL_SURFACE ( 'NONE', #2908, 3.149999999999999911, 0.7853981633974480570 ) ;
#3967 = DIRECTION ( 'NONE',  ( 0.000000000000000000, 0.000000000000000000, -1.000000000000000000 ) ) ;
#3968 = FACE_OUTER_BOUND ( 'NONE', #1211, .T. ) ;
#3969 = CARTESIAN_POINT ( 'NONE',  ( 129.3000000000000398, 6.000000000000000000, 10.00000000000000000 ) ) ;
#3970 = CIRCLE ( 'NONE', #4352, 3.149999999999999911 ) ;
#3971 = AXIS2_PLACEMENT_3D ( 'NONE', #1730, #1049, #2832 ) ;
#3972 = CARTESIAN_POINT ( 'NONE',  ( 82.25641566136117433, 46.35831492458671477, 9.285714027157261796 ) ) ;
#3973 = ORIENTED_EDGE ( 'NONE', *, *, #412, .F. ) ;
#3974 = DIRECTION ( 'NONE',  ( 1.000000000000000000, 2.111225325732422144E-16, -0.000000000000000000 ) ) ;
#3975 = CARTESIAN_POINT ( 'NONE',  ( 97.15127028975338419, 48.18131891723362514, 5.468001728180703402 ) ) ;
#3976 = ORIENTED_EDGE ( 'NONE', *, *, #2341, .T. ) ;
#3977 = CARTESIAN_POINT ( 'NONE',  ( 91.38602734707089326, 0.01805726488214046133, 9.189180107961968602 ) ) ;
#3978 = AXIS2_PLACEMENT_3D ( 'NONE', #2334, #2308, #3772 ) ;
#3979 = AXIS2_PLACEMENT_3D ( 'NONE', #269, #1703, #1201 ) ;
#3980 = CARTESIAN_POINT ( 'NONE',  ( 23.37905831786815014, -5.244938843274903562, 4.999999998950946711 ) ) ;
#3981 = EDGE_LOOP ( 'NONE', ( #1536, #2946, #1549, #3855 ) ) ;
#3982 = LINE ( 'NONE', #4390, #3407 ) ;
#3983 = EDGE_LOOP ( 'NONE', ( #192, #2137, #1701, #1659 ) ) ;
#3984 = AXIS2_PLACEMENT_3D ( 'NONE', #2868, #2185, #4403 ) ;
#3985 = LINE ( 'NONE', #757, #2479 ) ;
#3986 = CIRCLE ( 'NONE', #303, 3.149999999999999911 ) ;
#3987 = CARTESIAN_POINT ( 'NONE',  ( 31.17525814932481865, 49.76609556203112561, 4.160209839791369824 ) ) ;
#3988 = CARTESIAN_POINT ( 'NONE',  ( 23.27964876831047292, 52.01164361040067519, 5.000000000186366478 ) ) ;
#3989 = ORIENTED_EDGE ( 'NONE', *, *, #4380, .T. ) ;
#3990 = CARTESIAN_POINT ( 'NONE',  ( 104.6000000000000085, 52.10820393249936444, 11.00000000000000000 ) ) ;
#3991 = EDGE_CURVE ( 'NONE', #2328, #2901, #802, .T. ) ;
#3992 = CARTESIAN_POINT ( 'NONE',  ( 34.08991467610130144, -0.3358570077916475660, 7.928613950768414576 ) ) ;
#3993 = CARTESIAN_POINT ( 'NONE',  ( 21.64316242344336416, 48.19199418479983166, 6.418980721230561848 ) ) ;
#3994 = FACE_OUTER_BOUND ( 'NONE', #2006, .T. ) ;
#3995 = EDGE_CURVE ( 'NONE', #3383, #4224, #3374, .T. ) ;
#3996 =( BOUNDED_SURFACE ( )  B_SPLINE_SURFACE ( 3, 2, ( 
 ( #1919, #3435, #3410 ),
 ( #1584, #3016, #3789 ),
 ( #4461, #194, #1624 ),
 ( #3056, #2008, #4503 ),
 ( #2708, #4151, #4175 ),
 ( #1351, #3464, #1044 ),
 ( #3156, #4194, #1750 ),
 ( #3507, #3484, #2474 ),
 ( #216, #2420, #4574 ),
 ( #996, #687, #3086 ),
 ( #1695, #946, #4271 ),
 ( #633, #972, #3860 ),
 ( #2448, #4554, #608 ),
 ( #3886, #2081, #4530 ),
 ( #2103, #4246, #1651 ),
 ( #2128, #2729, #1325 ),
 ( #3916, #4605, #2367 ),
 ( #2394, #658, #1021 ),
 ( #2751, #2059, #2828 ),
 ( #3811, #240, #2804 ),
 ( #580, #260, #3130 ),
 ( #3838, #2037, #2780 ),
 ( #4223, #1722, #1378 ),
 ( #3537, #310, #3176 ),
 ( #1674, #4625, #3108 ),
 ( #753, #3201, #706 ),
 ( #29, #1162, #4389 ),
 ( #348, #3272, #1464 ),
 ( #398, #1070, #3576 ),
 ( #2497, #328, #3599 ),
 ( #4299, #1484, #2588 ),
 ( #1842, #4319, #1443 ),
 ( #3251, #51, #2898 ),
 ( #2193, #4648, #2875 ),
 ( #1110, #3621, #1417 ),
 ( #3556, #4339, #2854 ),
 ( #3935, #4024, #2944 ),
 ( #2539, #2917, #1794 ),
 ( #3980, #2149, #3227 ),
 ( #4365, #1139, #728 ),
 ( #1866, #2563, #4003 ),
 ( #772, #421, #2213 ),
 ( #11, #376, #3644 ),
 ( #3292, #76, #1513 ) ),
 .UNSPECIFIED., .F., .F., .T. ) 
 B_SPLINE_SURFACE_WITH_KNOTS ( ( 4, 2, 2, 2, 2, 2, 2, 2, 2, 2, 2, 2, 2, 2, 2, 2, 2, 2, 2, 2, 2, 4 ),
 ( 3, 3 ),
 ( 0.005318734795262182805, 0.006118152410070817546, 0.006917570024879453154, 0.007317278832283771392, 0.007517133235985930077, 0.007716987639688088763, 0.007916842043390246580, 0.008116696447092406133, 0.008216623648943485042, 0.008316550850794565686, 0.008416478052645644595, 0.008516405254496723504, 0.008616332456347802413, 0.008716259658198881322, 0.008816186860049961965, 0.008916114061901040874, 0.009115968465603200427, 0.009315822869305358245, 0.009715531676709675615, 0.01011524048411399299, 0.01091465809892262773, 0.01171407571373126420 ),
 ( 0.000000000000000000, 1.000000000000000000 ),
 .UNSPECIFIED. ) 
 GEOMETRIC_REPRESENTATION_ITEM ( )  RATIONAL_B_SPLINE_SURFACE ( (
 ( 1.000000000000000000, 0.8017837257372728565, 1.000000000000000000),
 ( 1.000000000000000000, 0.8040475589152005220, 1.000000000000000000),
 ( 1.000000000000000000, 0.8057983743422636458, 1.000000000000000000),
 ( 1.000000000000000000, 0.8091717858401747954, 1.000000000000000000),
 ( 1.000000000000000000, 0.8106774386254764764, 1.000000000000000000),
 ( 1.000000000000000000, 0.8150772695556151026, 1.000000000000000000),
 ( 1.000000000000000000, 0.8169137669685483383, 1.000000000000000000),
 ( 1.000000000000000000, 0.8211628589654701438, 1.000000000000000000),
 ( 1.000000000000000000, 0.8228351564826855702, 1.000000000000000000),
 ( 1.000000000000000000, 0.8270031150926219210, 1.000000000000000000),
 ( 1.000000000000000000, 0.8294958006882938717, 1.000000000000000000),
 ( 1.000000000000000000, 0.8358059643835117347, 1.000000000000000000),
 ( 1.000000000000000000, 0.8396247735615741670, 1.000000000000000000),
 ( 1.000000000000000000, 0.8493411798883888641, 1.000000000000000000),
 ( 1.000000000000000000, 0.8552884053576833567, 1.000000000000000000),
 ( 1.000000000000000000, 0.8661628951898326934, 1.000000000000000000),
 ( 1.000000000000000000, 0.8701115422145098144, 1.000000000000000000),
 ( 1.000000000000000000, 0.8783756839665008975, 1.000000000000000000),
 ( 1.000000000000000000, 0.8827068171291259091, 1.000000000000000000),
 ( 1.000000000000000000, 0.8908061153908097829, 1.000000000000000000),
 ( 1.000000000000000000, 0.8945150659084185607, 1.000000000000000000),
 ( 1.000000000000000000, 0.8995030287352293596, 1.000000000000000000),
 ( 1.000000000000000000, 0.9007224061781601288, 1.000000000000000000),
 ( 1.000000000000000000, 0.8998088183108124971, 1.000000000000000000),
 ( 1.000000000000000000, 0.8976814737159521940, 1.000000000000000000),
 ( 1.000000000000000000, 0.8913358924711474174, 1.000000000000000000),
 ( 1.000000000000000000, 0.8872725851537978103, 1.000000000000000000),
 ( 1.000000000000000000, 0.8789651812849672563, 1.000000000000000000),
 ( 1.000000000000000000, 0.8747161794271811619, 1.000000000000000000),
 ( 1.000000000000000000, 0.8667296693001487196, 1.000000000000000000),
 ( 1.000000000000000000, 0.8629777373444826871, 1.000000000000000000),
 ( 1.000000000000000000, 0.8526932213242883751, 1.000000000000000000),
 ( 1.000000000000000000, 0.8471317010447925178, 1.000000000000000000),
 ( 1.000000000000000000, 0.8380201226001517956, 1.000000000000000000),
 ( 1.000000000000000000, 0.8344350981098392905, 1.000000000000000000),
 ( 1.000000000000000000, 0.8255224057443961705, 1.000000000000000000),
 ( 1.000000000000000000, 0.8219458382683756392, 1.000000000000000000),
 ( 1.000000000000000000, 0.8165369904362048681, 1.000000000000000000),
 ( 1.000000000000000000, 0.8147677467232731230, 1.000000000000000000),
 ( 1.000000000000000000, 0.8105295808099911570, 1.000000000000000000),
 ( 1.000000000000000000, 0.8090523784633593118, 1.000000000000000000),
 ( 1.000000000000000000, 0.8057463830417149753, 1.000000000000000000),
 ( 1.000000000000000000, 0.8040393906496628995, 1.000000000000000000),
 ( 1.000000000000000000, 0.8017837257372729676, 1.000000000000000000) ) ) 
 REPRESENTATION_ITEM ( '' )  SURFACE ( )  );
#3997 = CARTESIAN_POINT ( 'NONE',  ( 129.3000000000000398, 40.39999999999999147, 0.000000000000000000 ) ) ;
#3998 = ORIENTED_EDGE ( 'NONE', *, *, #878, .F. ) ;
#3999 = DIRECTION ( 'NONE',  ( 1.000000000000000000, 0.000000000000000000, 0.000000000000000000 ) ) ;
#4000 = DIRECTION ( 'NONE',  ( -4.034240641806528883E-16, 1.000000000000000000, 0.000000000000000000 ) ) ;
#4001 = ORIENTED_EDGE ( 'NONE', *, *, #278, .F. ) ;
#4002 = CARTESIAN_POINT ( 'NONE',  ( 91.09563572967321932, 0.02027317711616548335, 9.200345074734890716 ) ) ;
#4003 = CARTESIAN_POINT ( 'NONE',  ( 24.31320612113372448, 0.03816782672903919205, 9.273685586687973270 ) ) ;
#4004 = PLANE ( 'NONE',  #2212 ) ;
#4005 = ORIENTED_EDGE ( 'NONE', *, *, #4014, .T. ) ;
#4006 = DIRECTION ( 'NONE',  ( 0.000000000000000000, 0.000000000000000000, 1.000000000000000000 ) ) ;
#4007 = CARTESIAN_POINT ( 'NONE',  ( 129.3000000000000398, 6.000000000000000000, 0.000000000000000000 ) ) ;
#4008 = DIRECTION ( 'NONE',  ( 1.000000000000000000, 0.000000000000000000, 0.000000000000000000 ) ) ;
#4009 = DIRECTION ( 'NONE',  ( 0.000000000000000000, 0.000000000000000000, 1.000000000000000000 ) ) ;
#4010 = ORIENTED_EDGE ( 'NONE', *, *, #3210, .T. ) ;
#4011 = CARTESIAN_POINT ( 'NONE',  ( 16.81500000000005102, 46.39999999999997016, 9.000000000000001776 ) ) ;
#4012 = DIRECTION ( 'NONE',  ( 0.000000000000000000, 0.000000000000000000, -1.000000000000000000 ) ) ;
#4013 = CARTESIAN_POINT ( 'NONE',  ( 86.91697469964320533, 52.65000000000004121, 3.600000000000000089 ) ) ;
#4014 = EDGE_CURVE ( 'NONE', #2723, #1458, #370, .T. ) ;
#4015 = AXIS2_PLACEMENT_3D ( 'NONE', #53, #1140, #2169 ) ;
#4016 = CARTESIAN_POINT ( 'NONE',  ( 35.57555903828213673, 0.04168507541348859258, 9.285714027157967010 ) ) ;
#4017 = ORIENTED_EDGE ( 'NONE', *, *, #3271, .F. ) ;
#4018 = DIRECTION ( 'NONE',  ( -0.000000000000000000, -0.000000000000000000, 1.000000000000000000 ) ) ;
#4019 = PLANE ( 'NONE',  #4437 ) ;
#4020 = VERTEX_POINT ( 'NONE', #1876 ) ;
#4022 = ADVANCED_FACE ( 'NONE', ( #3676 ), #2219, .F. ) ;
#4021 = CARTESIAN_POINT ( 'NONE',  ( 88.62960141134830394, 0.04168515245785209961, 9.285714285572618465 ) ) ;
#4023 = AXIS2_PLACEMENT_3D ( 'NONE', #2159, #2182, #3587 ) ;
#4024 = CARTESIAN_POINT ( 'NONE',  ( 23.95582104208048690, -0.8945005246366015683, 5.423262391956476414 ) ) ;
#4025 = CARTESIAN_POINT ( 'NONE',  ( 29.51500000000003965, -5.133984527770148354, 5.027540533814195634 ) ) ;
#4026 = ORIENTED_EDGE ( 'NONE', *, *, #2329, .T. ) ;
#4027 = DIRECTION ( 'NONE',  ( 0.000000000000000000, 0.000000000000000000, -1.000000000000000000 ) ) ;
#4028 = DIRECTION ( 'NONE',  ( -1.000000000000000000, 0.000000000000000000, 0.000000000000000000 ) ) ;
#4029 = CARTESIAN_POINT ( 'NONE',  ( 95.14553945010146663, -3.119749579740625389, 5.577094451977728795 ) ) ;
#4030 = CARTESIAN_POINT ( 'NONE',  ( 126.3000000000000256, 6.000000000000000000, 9.000000000000001776 ) ) ;
#4031 = ORIENTED_EDGE ( 'NONE', *, *, #1687, .F. ) ;
#4032 = CARTESIAN_POINT ( 'NONE',  ( 21.81500000000005457, 50.87669933111405385, 3.698366727380561603 ) ) ;
#4033 = DIRECTION ( 'NONE',  ( -0.000000000000000000, 1.000000000000000000, -0.000000000000000000 ) ) ;
#4034 = TOROIDAL_SURFACE ( 'NONE', #350, 3.149999999999998135, 1.399999999999999911 ) ;
#4035 = CARTESIAN_POINT ( 'NONE',  ( 91.46697469964321670, 52.65000000000004121, 5.000000000000000888 ) ) ;
#4036 = CARTESIAN_POINT ( 'NONE',  ( 17.36019190895928688, 46.42498561500677567, 9.067798870448898541 ) ) ;
#4037 = EDGE_CURVE ( 'NONE', #2618, #1619, #1731, .T. ) ;
#4038 = CARTESIAN_POINT ( 'NONE',  ( 35.41882574941509176, -0.02083089541184843588, 8.915208395342451908 ) ) ;
#4039 = ORIENTED_EDGE ( 'NONE', *, *, #3041, .F. ) ;
#4040 = LINE ( 'NONE', #4492, #129 ) ;
#4041 = CARTESIAN_POINT ( 'NONE',  ( 91.46697469964321670, 52.65000000000004121, 5.000000000000000000 ) ) ;
#4042 = EDGE_LOOP ( 'NONE', ( #2639, #4275, #8, #3052 ) ) ;
#4043 = DIRECTION ( 'NONE',  ( -0.000000000000000000, 0.000000000000000000, -1.000000000000000000 ) ) ;
#4044 = AXIS2_PLACEMENT_3D ( 'NONE', #1145, #426, #4028 ) ;
#4045 = EDGE_CURVE ( 'NONE', #3953, #3663, #1450, .T. ) ;
#4046 = CARTESIAN_POINT ( 'NONE',  ( 89.21523514336777794, 47.22156596411650042, 5.544601870792246423 ) ) ;
#4047 = DIRECTION ( 'NONE',  ( -1.000000000000000000, 0.000000000000000000, -0.000000000000000000 ) ) ;
#4048 = CIRCLE ( 'NONE', #2770, 5.999999999999999112 ) ;
#4049 = VERTEX_POINT ( 'NONE', #2882 ) ;
#4050 = AXIS2_PLACEMENT_3D ( 'NONE', #1594, #1932, #1548 ) ;
#4051 = CIRCLE ( 'NONE', #2179, 6.000000000000001776 ) ;
#4052 = EDGE_CURVE ( 'NONE', #3502, #3881, #2036, .T. ) ;
#4053 = CARTESIAN_POINT ( 'NONE',  ( 83.18611717523037896, -0.07093402564579157077, 8.942207955679434050 ) ) ;
#4054 = CARTESIAN_POINT ( 'NONE',  ( 96.84596036741899638, -2.137855582634245355, 6.117450971983740438 ) ) ;
#4055 = PLANE ( 'NONE',  #2624 ) ;
#4056 = EDGE_LOOP ( 'NONE', ( #2171, #793, #1769, #992 ) ) ;
#4057 = AXIS2_PLACEMENT_3D ( 'NONE', #2071, #599, #233 ) ;
#4058 = AXIS2_PLACEMENT_3D ( 'NONE', #1300, #4553, #944 ) ;
#4059 = AXIS2_PLACEMENT_3D ( 'NONE', #1289, #957, #2410 ) ;
#4060 = CARTESIAN_POINT ( 'NONE',  ( 81.91697469964323375, 0.04168515250008988926, 9.285714285714286476 ) ) ;
#4061 = DIRECTION ( 'NONE',  ( 1.000000000000000000, -0.000000000000000000, -0.000000000000000000 ) ) ;
#4062 = EDGE_CURVE ( 'NONE', #2824, #4569, #4325, .T. ) ;
#4063 = CARTESIAN_POINT ( 'NONE',  ( 34.22268204688741378, -0.2781256051462336898, 8.426889323461434600 ) ) ;
#4064 = ORIENTED_EDGE ( 'NONE', *, *, #740, .F. ) ;
#4065 = DIRECTION ( 'NONE',  ( -0.000000000000000000, 0.9954099110309674314, -0.09570323412153622367 ) ) ;
#4066 = DIRECTION ( 'NONE',  ( -1.000000000000000000, 0.000000000000000000, -0.000000000000000000 ) ) ;
#4067 = ORIENTED_EDGE ( 'NONE', *, *, #3330, .F. ) ;
#4068 = CARTESIAN_POINT ( 'NONE',  ( 96.01697469964295806, -5.133984527762575745, 5.027540533814923052 ) ) ;
#4069 = CARTESIAN_POINT ( 'NONE',  ( 88.42942086925376088, 51.80704890826665121, 5.000000002237170449 ) ) ;
#4070 = CARTESIAN_POINT ( 'NONE',  ( 29.61407538089282099, 50.57453699055006524, 5.186304173505678072 ) ) ;
#4071 = EDGE_LOOP ( 'NONE', ( #2323, #2892, #1867, #2475 ) ) ;
#4072 = ADVANCED_FACE ( 'NONE', ( #2617 ), #384, .F. ) ;
#4073 = CARTESIAN_POINT ( 'NONE',  ( 87.78840994918493834, -3.119749579740203060, 5.577094451977961498 ) ) ;
#4074 = CARTESIAN_POINT ( 'NONE',  ( 94.61697469964320817, 52.10820393249936444, 5.000000000000000000 ) ) ;
#4075 = CARTESIAN_POINT ( 'NONE',  ( 24.06274747438938277, 47.24378232505035413, 5.505884466271402822 ) ) ;
#4076 = VERTEX_POINT ( 'NONE', #453 ) ;
#4077 = B_SPLINE_CURVE_WITH_KNOTS ( 'NONE', 3,
 ( #2765, #4236, #1637, #1683 ),
 .UNSPECIFIED., .F., .F.,
 ( 4, 4 ),
 ( 0.000000000000000000, 1.000000000000000000 ),
 .UNSPECIFIED. ) ;
#4078 = ADVANCED_FACE ( 'NONE', ( #1118 ), #4055, .T. ) ;
#4079 = CARTESIAN_POINT ( 'NONE',  ( 91.72601586091968784, 46.38205554849024281, 9.188591887387307366 ) ) ;
#4080 = CARTESIAN_POINT ( 'NONE',  ( 96.01697469964321385, 51.53398452777014427, 5.027540533814193857 ) ) ;
#4081 = CARTESIAN_POINT ( 'NONE',  ( 16.81500000000005102, 0.04168515250008988926, 9.285714285714286476 ) ) ;
#4082 = DIRECTION ( 'NONE',  ( 1.000000000000000000, 0.000000000000000000, 0.000000000000000000 ) ) ;
#4083 = CARTESIAN_POINT ( 'NONE',  ( 18.35639516445488439, 46.63181871779581655, 8.211755662394475408 ) ) ;
#4084 = CARTESIAN_POINT ( 'NONE',  ( 26.89228232269690366, 46.37798650873197914, 9.208697518740578403 ) ) ;
#4085 = CARTESIAN_POINT ( 'NONE',  ( 100.7340964531636160, 0.000000000000000000, 8.999999698237591161 ) ) ;
#4086 = CARTESIAN_POINT ( 'NONE',  ( 83.74206002354172540, -0.3358570077915341567, 7.928613950768227170 ) ) ;
#4087 = VECTOR ( 'NONE', #2131, 999.9999999999998863 ) ;
#4088 = ORIENTED_EDGE ( 'NONE', *, *, #3536, .T. ) ;
#4089 = FACE_OUTER_BOUND ( 'NONE', #3338, .T. ) ;
#4090 = LINE ( 'NONE', #863, #3357 ) ;
#4091 = EDGE_CURVE ( 'NONE', #3883, #4653, #3652, .T. ) ;
#4092 = CIRCLE ( 'NONE', #632, 1.699999999999996625 ) ;
#4093 = CIRCLE ( 'NONE', #1399, 3.000000000000002665 ) ;
#4094 = CARTESIAN_POINT ( 'NONE',  ( 90.58961876506920419, 46.37374630347415660, 9.227659538288412122 ) ) ;
#4095 = DIRECTION ( 'NONE',  ( 1.000000000000000000, 0.000000000000000000, 0.000000000000000000 ) ) ;
#4096 = EDGE_LOOP ( 'NONE', ( #4559, #2755, #2343, #1460 ) ) ;
#4097 = CARTESIAN_POINT ( 'NONE',  ( 21.81500000000005102, -6.250000000000012434, 5.000000000000000000 ) ) ;
#4098 = EDGE_CURVE ( 'NONE', #2566, #1296, #1888, .T. ) ;
#4099 = LINE ( 'NONE', #1302, #3262 ) ;
#4100 = CARTESIAN_POINT ( 'NONE',  ( 24.64245017341066912, 50.00769471926732734, 4.999999859231873067 ) ) ;
#4101 = ORIENTED_EDGE ( 'NONE', *, *, #225, .T. ) ;
#4102 = DIRECTION ( 'NONE',  ( 0.000000000000000000, 1.000000000000000000, 0.000000000000000000 ) ) ;
#4103 = CARTESIAN_POINT ( 'NONE',  ( 19.88708682045009724, -1.016802658062214482, 6.516758327472346402 ) ) ;
#4104 = CARTESIAN_POINT ( 'NONE',  ( 96.18881227619989716, 48.19199418480221198, 6.418980721228114028 ) ) ;
#4105 = EDGE_CURVE ( 'NONE', #3543, #2121, #980, .T. ) ;
#4106 = CARTESIAN_POINT ( 'NONE',  ( 19.02007772485760384, -0.3025155184973188360, 8.383117247896761270 ) ) ;
#4107 = CARTESIAN_POINT ( 'NONE',  ( 18.67263624768466812, 46.59589291560488533, 8.619305215999531811 ) ) ;
#4108 = DIRECTION ( 'NONE',  ( -0.7071067811865473507, 8.659560562354931626E-17, 0.7071067811865477948 ) ) ;
#4109 = CARTESIAN_POINT ( 'NONE',  ( 27.94497476408035652, 47.04057128044577496, 5.968444323459515033 ) ) ;
#4110 = VECTOR ( 'NONE', #2436, 1000.000000000000000 ) ;
#4111 = CARTESIAN_POINT ( 'NONE',  ( 19.02007772485760384, -0.3025155184973188360, 8.383117247896761270 ) ) ;
#4112 = DIRECTION ( 'NONE',  ( 1.000000000000000000, 0.000000000000000000, 0.000000000000000000 ) ) ;
#4113 = DIRECTION ( 'NONE',  ( -1.000000000000000000, 0.000000000000000000, 0.000000000000000000 ) ) ;
#4114 = CARTESIAN_POINT ( 'NONE',  ( 94.61697469964320817, 51.53398452777013716, 5.027540533814194745 ) ) ;
#4115 = CARTESIAN_POINT ( 'NONE',  ( 90.65241093446373100, 46.37451193262867832, 9.224362302607378439 ) ) ;
#4116 = CARTESIAN_POINT ( 'NONE',  ( 96.01697469964321385, 51.39999999999998437, 5.000000000000000000 ) ) ;
#4117 = VERTEX_POINT ( 'NONE', #2928 ) ;
#4118 = DIRECTION ( 'NONE',  ( 0.000000000000000000, -1.000000000000000000, 0.000000000000000000 ) ) ;
#4119 = CIRCLE ( 'NONE', #661, 2.000000000000001776 ) ;
#4120 = AXIS2_PLACEMENT_3D ( 'NONE', #2189, #2207, #345 ) ;
#4121 = DIRECTION ( 'NONE',  ( 0.000000000000000000, 0.000000000000000000, 1.000000000000000000 ) ) ;
#4122 = CARTESIAN_POINT ( 'NONE',  ( 21.81500000000005102, -5.708203932499369415, 3.600000000000000089 ) ) ;
#4123 = ADVANCED_FACE ( 'NONE', ( #2548 ), #3424, .F. ) ;
#4124 = CARTESIAN_POINT ( 'NONE',  ( 26.81188795417434889, 46.93537669019060843, 6.316482611735495745 ) ) ;
#4125 = ORIENTED_EDGE ( 'NONE', *, *, #1939, .T. ) ;
#4126 = CIRCLE ( 'NONE', #669, 7.400000000000000355 ) ;
#4127 = AXIS2_PLACEMENT_3D ( 'NONE', #3778, #187, #274 ) ;
#4128 = CARTESIAN_POINT ( 'NONE',  ( 26.36500000000004107, 52.65000000000004121, 0.000000000000000000 ) ) ;
#4129 = AXIS2_PLACEMENT_3D ( 'NONE', #610, #1354, #3618 ) ;
#4130 = CARTESIAN_POINT ( 'NONE',  ( 22.85500309163248289, -3.436992004071749651, 5.432883167384281897 ) ) ;
#4131 = CIRCLE ( 'NONE', #3299, 1.699999999999993072 ) ;
#4132 = CARTESIAN_POINT ( 'NONE',  ( 25.07240204989386356, 0.03122399373453687427, 9.248130669979012453 ) ) ;
#4133 = CARTESIAN_POINT ( 'NONE',  ( -12.70000000000000107, 6.000000000000000000, 10.00000000000000000 ) ) ;
#4134 = ADVANCED_FACE ( 'NONE', ( #4523 ), #589, .T. ) ;
#4135 = CARTESIAN_POINT ( 'NONE',  ( 26.73633896997002068, 46.37972682288381066, 9.200345074734872952 ) ) ;
#4136 = FACE_OUTER_BOUND ( 'NONE', #2845, .T. ) ;
#4137 = AXIS2_PLACEMENT_3D ( 'NONE', #1542, #875, #2622 ) ;
#4138 = DIRECTION ( 'NONE',  ( 0.000000000000000000, 0.000000000000000000, 1.000000000000000000 ) ) ;
#4139 = PLANE ( 'NONE',  #2773 ) ;
#4140 = ORIENTED_EDGE ( 'NONE', *, *, #1812, .T. ) ;
#4141 = DIRECTION ( 'NONE',  ( -1.000000000000000000, 0.000000000000000000, 0.000000000000000000 ) ) ;
#4142 = ADVANCED_FACE ( 'NONE', ( #4143 ), #4166, .F. ) ;
#4143 = FACE_OUTER_BOUND ( 'NONE', #1261, .T. ) ;
#4144 = DIRECTION ( 'NONE',  ( -0.000000000000000000, -0.000000000000000000, -1.000000000000000000 ) ) ;
#4145 = CARTESIAN_POINT ( 'NONE',  ( 90.96535137911114077, 46.37828664541023471, 9.207286371922295487 ) ) ;
#4146 = ORIENTED_EDGE ( 'NONE', *, *, #4276, .T. ) ;
#4147 = DIRECTION ( 'NONE',  ( 1.000000000000000000, 0.000000000000000000, 0.000000000000000000 ) ) ;
#4148 = ORIENTED_EDGE ( 'NONE', *, *, #2691, .F. ) ;
#4149 = CARTESIAN_POINT ( 'NONE',  ( 31.74398566778224762, 48.53785558263262345, 6.117450971979066843 ) ) ;
#4150 = FACE_OUTER_BOUND ( 'NONE', #2150, .T. ) ;
#4151 = CARTESIAN_POINT ( 'NONE',  ( 29.10113685804360983, -1.087496561824056407, 5.189011463376130173 ) ) ;
#4152 = B_SPLINE_CURVE_WITH_KNOTS ( 'NONE', 3,
 ( #2880, #4323, #3960, #845, #4073, #3735, #3387, #1188, #3343, #1537, #2299, #4053, #122, #3762, #173, #2615 ),
 .UNSPECIFIED., .F., .F.,
 ( 4, 2, 2, 2, 2, 2, 2, 4 ),
 ( 0.000000000000000000, 0.1250000000000001110, 0.2500000000000000555, 0.5000000000000000000, 0.7500000000000000000, 0.8750000000000001110, 0.9375000000000000000, 1.000000000000000000 ),
 .UNSPECIFIED. ) ;
#4153 = EDGE_LOOP ( 'NONE', ( #3693, #406, #2152, #24 ) ) ;
#4154 = CYLINDRICAL_SURFACE ( 'NONE', #2068, 1.000000000000000888 ) ;
#4155 = CARTESIAN_POINT ( 'NONE',  ( 25.29847075564818226, 46.37148720268190516, 9.237111489510297702 ) ) ;
#4156 = DIRECTION ( 'NONE',  ( 1.000000000000000000, 0.000000000000000000, 0.000000000000000000 ) ) ;
#4157 = CARTESIAN_POINT ( 'NONE',  ( 17.09787824647786181, 0.000000000000000000, 8.999999698239056656 ) ) ;
#4158 = ORIENTED_EDGE ( 'NONE', *, *, #167, .T. ) ;
#4159 = CYLINDRICAL_SURFACE ( 'NONE', #3298, 1.000000000000000888 ) ;
#4160 = LINE ( 'NONE', #3448, #3069 ) ;
#4161 = ADVANCED_FACE ( 'NONE', ( #3478 ), #3122, .F. ) ;
#4162 = CARTESIAN_POINT ( 'NONE',  ( 35.91500000000004178, 0.04168515250008988926, 9.285714285714286476 ) ) ;
#4163 = CARTESIAN_POINT ( 'NONE',  ( 86.91697469964323375, -5.000000000000000000, 3.633966658370840097 ) ) ;
#4164 = ORIENTED_EDGE ( 'NONE', *, *, #2098, .T. ) ;
#4165 = CARTESIAN_POINT ( 'NONE',  ( 32.14030129781315992, -1.002132753839867219, 7.234985991815361395 ) ) ;
#4166 = CYLINDRICAL_SURFACE ( 'NONE', #3829, 6.000000000000001776 ) ;
#4167 = CARTESIAN_POINT ( 'NONE',  ( 93.63856429776711821, 50.36539142007526237, 4.999999936477721008 ) ) ;
#4168 = EDGE_CURVE ( 'NONE', #3563, #4424, #3780, .T. ) ;
#4169 = VERTEX_POINT ( 'NONE', #2029 ) ;
#4170 = CARTESIAN_POINT ( 'NONE',  ( 81.91697469964320533, 46.39999999999998437, 9.000000000000019540 ) ) ;
#4171 = EDGE_LOOP ( 'NONE', ( #2877, #1029, #424, #773, #2503 ) ) ;
#4172 = CARTESIAN_POINT ( 'NONE',  ( 32.14030129781315992, 47.40213275383920433, 7.234985991816026640 ) ) ;
#4173 = DIRECTION ( 'NONE',  ( -1.000000000000000000, 0.000000000000000000, 0.000000000000000000 ) ) ;
#4174 = VECTOR ( 'NONE', #3157, 1000.000000000000000 ) ;
#4175 = CARTESIAN_POINT ( 'NONE',  ( 28.13605277869308097, 0.03593321497009323989, 9.265847836895176215 ) ) ;
#4176 = DIRECTION ( 'NONE',  ( -1.000000000000000000, 0.000000000000000000, 0.000000000000000000 ) ) ;
#4177 = CARTESIAN_POINT ( 'NONE',  ( 23.97388024941847817, 47.28598603899622077, 5.437636358476460430 ) ) ;
#4178 = CARTESIAN_POINT ( 'NONE',  ( 86.91697469964320533, 51.39999999999997726, 3.633966658370841873 ) ) ;
#4179 = CARTESIAN_POINT ( 'NONE',  ( 21.61668893079265885, -3.497632160394184009, 5.397955681067650779 ) ) ;
#4180 = ORIENTED_EDGE ( 'NONE', *, *, #711, .F. ) ;
#4181 = FACE_OUTER_BOUND ( 'NONE', #2895, .T. ) ;
#4182 = CARTESIAN_POINT ( 'NONE',  ( 30.91500000000004533, 0.000000000000000000, 3.600000000000000089 ) ) ;
#4183 = CARTESIAN_POINT ( 'NONE',  ( 21.81500000000004391, -5.708203932499369415, 5.000000000000000000 ) ) ;
#4184 = FACE_OUTER_BOUND ( 'NONE', #994, .T. ) ;
#4185 = VERTEX_POINT ( 'NONE', #3457 ) ;
#4186 = CARTESIAN_POINT ( 'NONE',  ( 31.08683757656267943, -1.791994184801222190, 6.418980721229145203 ) ) ;
#4187 = CARTESIAN_POINT ( 'NONE',  ( 91.73065208367721368, 46.93022689702298322, 6.335812432922608650 ) ) ;
#4188 = VERTEX_POINT ( 'NONE', #1668 ) ;
#4189 = CARTESIAN_POINT ( 'NONE',  ( 86.53601140758274823, 49.46079940863920399, 4.351784258574544317 ) ) ;
#4190 = VERTEX_POINT ( 'NONE', #3756 ) ;
#4191 = CARTESIAN_POINT ( 'NONE',  ( 91.81143574703123988, 0.01999571637852861836, 9.198983254655164643 ) ) ;
#4192 = CIRCLE ( 'NONE', #3509, 1.400000000000000133 ) ;
#4193 = EDGE_CURVE ( 'NONE', #2549, #2025, #3101, .T. ) ;
#4194 = CARTESIAN_POINT ( 'NONE',  ( 28.89767952494150904, -0.9627944869299914776, 5.329512187021338221 ) ) ;
#4195 = ORIENTED_EDGE ( 'NONE', *, *, #1372, .T. ) ;
#4196 = CARTESIAN_POINT ( 'NONE',  ( 93.53477703693674528, 0.03878382833460825019, 9.276490330870778678 ) ) ;
#4197 = DIRECTION ( 'NONE',  ( 0.000000000000000000, 0.000000000000000000, -1.000000000000000000 ) ) ;
#4198 = AXIS2_PLACEMENT_3D ( 'NONE', #4592, #1367, #3452 ) ;
#4199 = ADVANCED_FACE ( 'NONE', ( #3029 ), #3231, .T. ) ;
#4200 = AXIS2_PLACEMENT_3D ( 'NONE', #4394, #2568, #34 ) ;
#4201 = CARTESIAN_POINT ( 'NONE',  ( 29.51500000000004675, 51.39999999999997016, 3.633966658370840541 ) ) ;
#4202 = CARTESIAN_POINT ( 'NONE',  ( 88.31697469964323943, -5.708203932499369415, 5.000000000000000000 ) ) ;
#4203 = ORIENTED_EDGE ( 'NONE', *, *, #2433, .T. ) ;
#4204 = DIRECTION ( 'NONE',  ( -0.000000000000000000, -0.000000000000000000, -1.000000000000000000 ) ) ;
#4205 = AXIS2_PLACEMENT_3D ( 'NONE', #3797, #2689, #2356 ) ;
#4206 = FACE_OUTER_BOUND ( 'NONE', #1199, .T. ) ;
#4207 = CIRCLE ( 'NONE', #2177, 4.549999999999998934 ) ;
#4208 = AXIS2_PLACEMENT_3D ( 'NONE', #2670, #3689, #3355 ) ;
#4209 = DIRECTION ( 'NONE',  ( 1.000000000000000000, 0.000000000000000000, 0.000000000000000000 ) ) ;
#4210 = B_SPLINE_CURVE_WITH_KNOTS ( 'NONE', 3,
 ( #3853, #937, #2441, #3878, #1370, #1292, #2360, #2822, #4165, #4186, #1339, #3169, #1710, #4543, #302, #2382 ),
 .UNSPECIFIED., .F., .F.,
 ( 4, 2, 2, 2, 2, 2, 2, 4 ),
 ( 0.000000000000000000, 0.06250000000000000000, 0.1250000000000000000, 0.2500000000000000000, 0.5000000000000000000, 0.7500000000000000000, 0.8750000000000000000, 1.000000000000000000 ),
 .UNSPECIFIED. ) ;
#4211 = CARTESIAN_POINT ( 'NONE',  ( 29.51500000000004675, 52.65000000000004121, 5.000000000000000888 ) ) ;
#4212 = DIRECTION ( 'NONE',  ( -0.000000000000000000, -0.000000000000000000, 1.000000000000000000 ) ) ;
#4213 = VERTEX_POINT ( 'NONE', #1840 ) ;
#4214 = CARTESIAN_POINT ( 'NONE',  ( 100.5208004490596210, 46.42083089541164043, 8.915208395342942183 ) ) ;
#4215 = VECTOR ( 'NONE', #1314, 1000.000000000000000 ) ;
#4216 = CARTESIAN_POINT ( 'NONE',  ( 16.81500000000004746, 0.000000000000000000, 10.00000000000000000 ) ) ;
#4217 = AXIS2_PLACEMENT_3D ( 'NONE', #180, #3681, #88 ) ;
#4218 = CARTESIAN_POINT ( 'NONE',  ( 94.55259261726975240, 52.01312379348829040, 5.000000000181736404 ) ) ;
#4219 = ORIENTED_EDGE ( 'NONE', *, *, #1288, .F. ) ;
#4220 = DIRECTION ( 'NONE',  ( -0.000000000000000000, -0.000000000000000000, 1.000000000000000000 ) ) ;
#4221 = ORIENTED_EDGE ( 'NONE', *, *, #2922, .T. ) ;
#4222 = CARTESIAN_POINT ( 'NONE',  ( 92.10423754407651131, -0.5434189717163503408, 6.287148486929751812 ) ) ;
#4223 = CARTESIAN_POINT ( 'NONE',  ( 26.52368158806534382, -3.091708030580052835, 4.999999975016673481 ) ) ;
#4224 = VERTEX_POINT ( 'NONE', #419 ) ;
#4225 = DIRECTION ( 'NONE',  ( -1.000000000000000000, -0.000000000000000000, -0.000000000000000000 ) ) ;
#4226 = DIRECTION ( 'NONE',  ( 1.000000000000000000, 0.000000000000000000, 0.000000000000000000 ) ) ;
#4227 = ORIENTED_EDGE ( 'NONE', *, *, #2197, .F. ) ;
#4228 = EDGE_CURVE ( 'NONE', #4436, #709, #3309, .T. ) ;
#4229 = DIRECTION ( 'NONE',  ( 0.000000000000000000, 0.000000000000000000, 1.000000000000000000 ) ) ;
#4230 = FILL_AREA_STYLE ('',( #2833 ) ) ;
#4231 = ORIENTED_EDGE ( 'NONE', *, *, #1463, .F. ) ;
#4232 = ADVANCED_FACE ( 'NONE', ( #2797 ), #2860, .T. ) ;
#4233 = DIRECTION ( 'NONE',  ( -1.000000000000000000, -2.814967100976562858E-16, 0.000000000000000000 ) ) ;
#4234 = CARTESIAN_POINT ( 'NONE',  ( 81.91697469964323375, -5.000000000000000000, 0.000000000000000000 ) ) ;
#4235 = CARTESIAN_POINT ( 'NONE',  ( 21.81500000000004391, -5.708203932499369415, 5.000000000000000000 ) ) ;
#4236 = CARTESIAN_POINT ( 'NONE',  ( 81.91697469964323375, -1.774217468555771909E-17, 9.096583900478682594 ) ) ;
#4237 = DIRECTION ( 'NONE',  ( -1.000000000000000000, 0.000000000000000000, 0.000000000000000000 ) ) ;
#4238 = CARTESIAN_POINT ( 'NONE',  ( 85.78267910953427133, -1.781318917234802512, 5.468001728182555254 ) ) ;
#4239 = CARTESIAN_POINT ( 'NONE',  ( 99.47557953518685281, 46.63181871779622156, 8.211755662393894539 ) ) ;
#4240 = CARTESIAN_POINT ( 'NONE',  ( 91.54792205221578172, 46.38194273511786037, 9.189180107961922417 ) ) ;
#4241 = EDGE_LOOP ( 'NONE', ( #202, #4300, #4026, #45, #2225 ) ) ;
#4242 = CARTESIAN_POINT ( 'NONE',  ( 86.79890821970903403, 50.19289158124993122, 5.293062559754511121 ) ) ;
#4243 = ORIENTED_EDGE ( 'NONE', *, *, #3949, .T. ) ;
#4244 = CARTESIAN_POINT ( 'NONE',  ( 93.18952452623322813, -3.607694719267624084, 4.999999859231914812 ) ) ;
#4245 = ADVANCED_FACE ( 'NONE', ( #1694, #3409, #2707, #921, #2346, #3434 ), #4529, .F. ) ;
#4246 = CARTESIAN_POINT ( 'NONE',  ( 28.11465117517462176, -0.6703786692051778573, 5.882345358213600051 ) ) ;
#4247 = CARTESIAN_POINT ( 'NONE',  ( 29.40285149784964602, 47.62605660961141751, 5.033579143430793934 ) ) ;
#4248 = ORIENTED_EDGE ( 'NONE', *, *, #2405, .T. ) ;
#4249 = CARTESIAN_POINT ( 'NONE',  ( 16.81500000000005102, 0.01408975236332358529, 9.193156499856110386 ) ) ;
#4250 = DIRECTION ( 'NONE',  ( -1.000000000000000000, 0.000000000000000000, -0.000000000000000000 ) ) ;
#4251 = ORIENTED_EDGE ( 'NONE', *, *, #2597, .T. ) ;
#4252 = CIRCLE ( 'NONE', #781, 3.149999999999999911 ) ;
#4253 =( BOUNDED_SURFACE ( )  B_SPLINE_SURFACE ( 3, 2, ( 
 ( #86, #1247, #892 ),
 ( #3431, #1648, #4528 ),
 ( #3859, #2850, #4571 ),
 ( #2803, #282, #4623 ),
 ( #1069, #3463, #631 ),
 ( #4551, #4647, #3505 ),
 ( #3107, #1747, #3534 ),
 ( #2827, #258, #995 ),
 ( #4270, #2447, #239 ),
 ( #2470, #1398, #2035 ),
 ( #2495, #1673, #1692 ),
 ( #967, #3175, #3837 ),
 ( #2102, #2418, #4603 ),
 ( #1324, #2080, #3885 ),
 ( #607, #1043, #2749 ),
 ( #1716, #3153, #4191 ),
 ( #4296, #3129, #2393 ),
 ( #4244, #3914, #2058 ),
 ( #656, #1346, #3483 ),
 ( #1377, #1018, #2777 ),
 ( #577, #4222, #685 ),
 ( #308, #2126, #3554 ),
 ( #327, #1770, #3200 ),
 ( #1416, #1839, #1136 ),
 ( #2514, #2166, #3977 ),
 ( #1818, #2562, #3933 ),
 ( #1532, #1893, #396 ),
 ( #96, #1088, #726 ),
 ( #1482, #771, #3954 ),
 ( #49, #1793, #9 ),
 ( #1441, #3596, #4002 ),
 ( #2148, #1161, #1461 ),
 ( #1182, #2210, #3643 ),
 ( #375, #3320, #3249 ),
 ( #4338, #2536, #1863 ),
 ( #2965, #751, #418 ),
 ( #3290, #3223, #2586 ),
 ( #28, #4409, #3270 ),
 ( #2896, #794, #1109 ),
 ( #2192, #705, #3620 ),
 ( #2916, #4360, #73 ),
 ( #3575, #1510, #2942 ),
 ( #347, #4388, #4021 ),
 ( #2229, #3664, #442 ) ),
 .UNSPECIFIED., .F., .F., .F. ) 
 B_SPLINE_SURFACE_WITH_KNOTS ( ( 4, 2, 2, 2, 2, 2, 2, 2, 2, 2, 2, 2, 2, 2, 2, 2, 2, 2, 2, 2, 2, 4 ),
 ( 3, 3 ),
 ( 0.005318734795261955556, 0.006118152410070636267, 0.006917570024879316978, 0.007317278832283656900, 0.007517133235985826861, 0.007716987639687997690, 0.007916842043390168518, 0.008116696447092338479, 0.008216623648943422592, 0.008316550850794508440, 0.008416478052645594288, 0.008516405254496678401, 0.008616332456347762514, 0.008716259658198848362, 0.008816186860049934210, 0.008916114061901018323, 0.009115968465603188284, 0.009315822869305358245, 0.009715531676709698167, 0.01011524048411403809, 0.01091465809892271793, 0.01171407571373139951 ),
 ( 0.000000000000000000, 1.000000000000000000 ),
 .UNSPECIFIED. ) 
 GEOMETRIC_REPRESENTATION_ITEM ( )  RATIONAL_B_SPLINE_SURFACE ( (
 ( 1.000000000000000000, 0.8017837257372708581, 1.000000000000000000),
 ( 1.000000000000000000, 0.8040475589151878655, 1.000000000000000000),
 ( 1.000000000000000000, 0.8057983743422776346, 1.000000000000000000),
 ( 1.000000000000000000, 0.8091717858401590302, 1.000000000000000000),
 ( 1.000000000000000000, 0.8106774386254747000, 1.000000000000000000),
 ( 1.000000000000000000, 0.8150772695556135483, 1.000000000000000000),
 ( 1.000000000000000000, 0.8169137669685831993, 1.000000000000000000),
 ( 1.000000000000000000, 0.8211628589654496047, 1.000000000000000000),
 ( 1.000000000000000000, 0.8228351564826751341, 1.000000000000000000),
 ( 1.000000000000000000, 0.8270031150926265839, 1.000000000000000000),
 ( 1.000000000000000000, 0.8294958006882637847, 1.000000000000000000),
 ( 1.000000000000000000, 0.8358059643835340502, 1.000000000000000000),
 ( 1.000000000000000000, 0.8396247735616031438, 1.000000000000000000),
 ( 1.000000000000000000, 0.8493411798883512276, 1.000000000000000000),
 ( 1.000000000000000000, 0.8552884053576449430, 1.000000000000000000),
 ( 1.000000000000000000, 0.8661628951898395767, 1.000000000000000000),
 ( 1.000000000000000000, 0.8701115422145087042, 1.000000000000000000),
 ( 1.000000000000000000, 0.8783756839664890181, 1.000000000000000000),
 ( 1.000000000000000000, 0.8827068171291486687, 1.000000000000000000),
 ( 1.000000000000000000, 0.8908061153907730345, 1.000000000000000000),
 ( 1.000000000000000000, 0.8945150659084146749, 1.000000000000000000),
 ( 1.000000000000000000, 0.8995030287352256959, 1.000000000000000000),
 ( 1.000000000000000000, 0.9007224061781625712, 1.000000000000000000),
 ( 1.000000000000000000, 0.8998088183108113869, 1.000000000000000000),
 ( 1.000000000000000000, 0.8976814737159664048, 1.000000000000000000),
 ( 1.000000000000000000, 0.8913358924711387576, 1.000000000000000000),
 ( 1.000000000000000000, 0.8872725851537870412, 1.000000000000000000),
 ( 1.000000000000000000, 0.8789651812849856860, 1.000000000000000000),
 ( 1.000000000000000000, 0.8747161794271772761, 1.000000000000000000),
 ( 1.000000000000000000, 0.8667296693001592667, 1.000000000000000000),
 ( 1.000000000000000000, 0.8629777373444854627, 1.000000000000000000),
 ( 1.000000000000000000, 0.8526932213242905956, 1.000000000000000000),
 ( 1.000000000000000000, 0.8471317010447597662, 1.000000000000000000),
 ( 1.000000000000000000, 0.8380201226001852133, 1.000000000000000000),
 ( 1.000000000000000000, 0.8344350981098387354, 1.000000000000000000),
 ( 1.000000000000000000, 0.8255224057443950603, 1.000000000000000000),
 ( 1.000000000000000000, 0.8219458382684347031, 1.000000000000000000),
 ( 1.000000000000000000, 0.8165369904361451381, 1.000000000000000000),
 ( 1.000000000000000000, 0.8147677467232730120, 1.000000000000000000),
 ( 1.000000000000000000, 0.8105295808099908239, 1.000000000000000000),
 ( 1.000000000000000000, 0.8090523784633005810, 1.000000000000000000),
 ( 1.000000000000000000, 0.8057463830417730399, 1.000000000000000000),
 ( 1.000000000000000000, 0.8040393906496173804, 1.000000000000000000),
 ( 1.000000000000000000, 0.8017837257372715243, 1.000000000000000000) ) ) 
 REPRESENTATION_ITEM ( '' )  SURFACE ( )  );
#4254 = EDGE_CURVE ( 'NONE', #1751, #2057, #2575, .T. ) ;
#4255 = CARTESIAN_POINT ( 'NONE',  ( 35.91500000000004178, -5.000000000000000000, 10.00000000000000000 ) ) ;
#4256 = EDGE_LOOP ( 'NONE', ( #3922, #2477, #3709, #4368 ) ) ;
#4257 = B_SPLINE_CURVE_WITH_KNOTS ( 'NONE', 3,
 ( #318, #4612, #1054, #2484, #3564, #1780, #1099, #2814, #4258, #3208, #1452, #1406, #4328, #2455 ),
 .UNSPECIFIED., .F., .F.,
 ( 4, 2, 2, 2, 2, 2, 4 ),
 ( 0.000000000000000000, 0.001552181371192637742, 0.002328272056788950866, 0.003104362742385264207, 0.003880453427981577549, 0.004656544113577891324, 0.006208725484770506731 ),
 .UNSPECIFIED. ) ;
#4258 = CARTESIAN_POINT ( 'NONE',  ( 25.84818933514768702, 46.37814162891285719, 9.208422287015929797 ) ) ;
#4259 = LINE ( 'NONE', #776, #1129 ) ;
#4260 = CARTESIAN_POINT ( 'NONE',  ( 86.91697469964323375, -6.250000000000013323, 0.000000000000000000 ) ) ;
#4261 = ADVANCED_FACE ( 'NONE', ( #1080 ), #2937, .F. ) ;
#4262 = PLANE ( 'NONE',  #4490 ) ;
#4263 = DIRECTION ( 'NONE',  ( 0.000000000000000000, 0.000000000000000000, 1.000000000000000000 ) ) ;
#4264 = CARTESIAN_POINT ( 'NONE',  ( 85.27883971032841259, -1.237605050251518568, 6.939579310602539408 ) ) ;
#4265 = B_SPLINE_CURVE_WITH_KNOTS ( 'NONE', 3,
 ( #3110, #330, #2038, #1486 ),
 .UNSPECIFIED., .F., .F.,
 ( 4, 4 ),
 ( 0.000000000000000000, 1.000000000000000000 ),
 .UNSPECIFIED. ) ;
#4266 = CARTESIAN_POINT ( 'NONE',  ( 81.91697469964319112, 51.39999999999997726, 10.00000000000000000 ) ) ;
#4267 = ORIENTED_EDGE ( 'NONE', *, *, #381, .T. ) ;
#4268 = DIRECTION ( 'NONE',  ( 1.000000000000000000, 0.000000000000000000, -0.000000000000000000 ) ) ;
#4269 = ORIENTED_EDGE ( 'NONE', *, *, #969, .T. ) ;
#4270 = CARTESIAN_POINT ( 'NONE',  ( 94.34923668013870213, -4.977417535731865961, 5.000000005634663403 ) ) ;
#4271 = CARTESIAN_POINT ( 'NONE',  ( 27.17956376517949835, 0.02548806737131777828, 9.224362302607413966 ) ) ;
#4272 = ORIENTED_EDGE ( 'NONE', *, *, #1628, .F. ) ;
#4273 = AXIS2_PLACEMENT_3D ( 'NONE', #885, #502, #118 ) ;
#4274 = CARTESIAN_POINT ( 'NONE',  ( 92.75906837143163841, 0.03121846326405900915, 9.248109234035284842 ) ) ;
#4275 = ORIENTED_EDGE ( 'NONE', *, *, #4573, .F. ) ;
#4276 = EDGE_CURVE ( 'NONE', #1685, #2162, #1360, .T. ) ;
#4277 = CARTESIAN_POINT ( 'NONE',  ( -17.69999999999999929, 6.000000000000000000, 9.000000000000001776 ) ) ;
#4278 = ORIENTED_EDGE ( 'NONE', *, *, #225, .F. ) ;
#4279 = DIRECTION ( 'NONE',  ( 0.000000000000000000, 1.000000000000000000, 0.000000000000000000 ) ) ;
#4280 = APPLICATION_CONTEXT ( 'automotive_design' ) ;
#4281 = FACE_OUTER_BOUND ( 'NONE', #4153, .T. ) ;
#4282 = AXIS2_PLACEMENT_3D ( 'NONE', #2970, #922, #148 ) ;
#4283 = CIRCLE ( 'NONE', #2848, 1.000000000000000888 ) ;
#4284 = VECTOR ( 'NONE', #4027, 1000.000000000000000 ) ;
#4285 = CARTESIAN_POINT ( 'NONE',  ( 6.000000000000000000, 4.000000000000000000, 0.000000000000000000 ) ) ;
#4286 = DIRECTION ( 'NONE',  ( -0.000000000000000000, -0.000000000000000000, -1.000000000000000000 ) ) ;
#4287 = CARTESIAN_POINT ( 'NONE',  ( 88.31697469964323943, -5.133984527770151907, 5.027540533814195634 ) ) ;
#4288 = ADVANCED_FACE ( 'NONE', ( #3994 ), #721, .F. ) ;
#4289 = CIRCLE ( 'NONE', #2108, 5.000000000000004441 ) ;
#4290 = CARTESIAN_POINT ( 'NONE',  ( 83.77461094732782954, 46.59589291560489244, 8.619305215999522929 ) ) ;
#4291 = CIRCLE ( 'NONE', #145, 1.000000000000000888 ) ;
#4292 = ORIENTED_EDGE ( 'NONE', *, *, #3724, .F. ) ;
#4293 = CARTESIAN_POINT ( 'NONE',  ( 26.36500000000004817, -6.250000000000012434, 5.000000000000000888 ) ) ;
#4294 = AXIS2_PLACEMENT_3D ( 'NONE', #4097, #2347, #4121 ) ;
#4295 = ORIENTED_EDGE ( 'NONE', *, *, #182, .T. ) ;
#4297 = EDGE_CURVE ( 'NONE', #2165, #4504, #2458, .T. ) ;
#4296 = CARTESIAN_POINT ( 'NONE',  ( 93.45251784628950986, -3.799168084285029501, 5.000000140768084300 ) ) ;
#4298 = CIRCLE ( 'NONE', #2252, 6.000000000000001776 ) ;
#4299 = CARTESIAN_POINT ( 'NONE',  ( 24.19341040187648062, -3.965391420074782847, 4.999999936477743212 ) ) ;
#4300 = ORIENTED_EDGE ( 'NONE', *, *, #1777, .T. ) ;
#4301 = CARTESIAN_POINT ( 'NONE',  ( 6.000000000000000000, 0.000000000000000000, 10.00000000000000000 ) ) ;
#4302 = ORIENTED_EDGE ( 'NONE', *, *, #2366, .T. ) ;
#4303 = DIRECTION ( 'NONE',  ( -0.000000000000000000, 0.000000000000000000, 1.000000000000000000 ) ) ;
#4304 = CARTESIAN_POINT ( 'NONE',  ( 98.39656156545808585, -0.7018492149183597206, 7.082355151648997094 ) ) ;
#4305 = FACE_OUTER_BOUND ( 'NONE', #3981, .T. ) ;
#4306 = EDGE_LOOP ( 'NONE', ( #4342, #4563, #3976, #1606, #91 ) ) ;
#4307 = CARTESIAN_POINT ( 'NONE',  ( 91.46697469964324512, -6.250000000000009770, 3.600000000000000089 ) ) ;
#4308 = LINE ( 'NONE', #340, #2784 ) ;
#4309 = CARTESIAN_POINT ( 'NONE',  ( 88.21789931875045454, -4.174536990547818682, 5.186304173506433912 ) ) ;
#4310 = CARTESIAN_POINT ( 'NONE',  ( 34.85929562996302167, 46.50987206391008755, 8.595321593667344828 ) ) ;
#4311 = CARTESIAN_POINT ( 'NONE',  ( 26.51271944301966599, 46.38163681771440139, 9.190761123939720889 ) ) ;
#4312 = EDGE_CURVE ( 'NONE', #767, #1047, #1786, .T. ) ;
#4313 = CARTESIAN_POINT ( 'NONE',  ( 101.0169746996432423, -5.000000000000000000, 10.00000000000000000 ) ) ;
#4314 = VERTEX_POINT ( 'NONE', #389 ) ;
#4315 = CARTESIAN_POINT ( 'NONE',  ( 88.36391862196094849, 52.10820393249936444, 5.000000000000000888 ) ) ;
#4316 = VERTEX_POINT ( 'NONE', #1832 ) ;
#4317 = DIRECTION ( 'NONE',  ( -0.000000000000000000, -0.000000000000000000, 1.000000000000000000 ) ) ;
#4318 = EDGE_CURVE ( 'NONE', #401, #2072, #3263, .T. ) ;
#4319 = CARTESIAN_POINT ( 'NONE',  ( 24.56355547564572106, -0.6818015181958968496, 5.851840561768527849 ) ) ;
#4320 = EDGE_LOOP ( 'NONE', ( #3938, #3444, #3158, #3048 ) ) ;
#4321 = DIRECTION ( 'NONE',  ( -1.000000000000000000, -0.000000000000000000, -0.000000000000000000 ) ) ;
#4322 = VERTEX_POINT ( 'NONE', #3277 ) ;
#4323 = CARTESIAN_POINT ( 'NONE',  ( 88.31697462543343136, -4.591034467614770520, 5.079742220925723473 ) ) ;
#4324 = CARTESIAN_POINT ( 'NONE',  ( 33.29458686581835281, 47.10184921491674714, 7.082355151647142577 ) ) ;
#4325 = LINE ( 'NONE', #3256, #301 ) ;
#4326 = VECTOR ( 'NONE', #1250, 1000.000000000000000 ) ;
#4327 = VERTEX_POINT ( 'NONE', #380 ) ;
#4328 = CARTESIAN_POINT ( 'NONE',  ( 23.77959204649787495, 46.35831484749988363, 9.285714285714286476 ) ) ;
#4329 = CARTESIAN_POINT ( 'NONE',  ( 20.68070440989213310, -1.781318917235811039, 5.468001728181071996 ) ) ;
#4330 = CARTESIAN_POINT ( 'NONE',  ( 21.81500000000005102, -6.250000000000012434, 5.000000000000000000 ) ) ;
#4331 = CARTESIAN_POINT ( 'NONE',  ( 123.3000000000000256, 43.39999999999999858, 10.00000000000000000 ) ) ;
#4332 = CARTESIAN_POINT ( 'NONE',  ( 91.46697469964324512, -6.250000000000009770, 5.000000000000000000 ) ) ;
#4333 = ORIENTED_EDGE ( 'NONE', *, *, #3015, .T. ) ;
#4334 = CARTESIAN_POINT ( 'NONE',  ( 29.03046226827208187, 50.96579531150725018, 5.000000037719398271 ) ) ;
#4335 = CYLINDRICAL_SURFACE ( 'NONE', #4491, 5.999999999999998224 ) ;
#4336 = DIRECTION ( 'NONE',  ( -0.000000000000000000, 1.000000000000000000, 0.000000000000000000 ) ) ;
#4337 = ORIENTED_EDGE ( 'NONE', *, *, #3536, .F. ) ;
#4338 = CARTESIAN_POINT ( 'NONE',  ( 88.74754179243737440, -4.657740816341121359, 4.999999987171227289 ) ) ;
#4339 = CARTESIAN_POINT ( 'NONE',  ( 24.03365528963820097, -0.8534612985761657056, 5.485202439362452331 ) ) ;
#4340 = ORIENTED_EDGE ( 'NONE', *, *, #3467, .F. ) ;
#4341 = DIRECTION ( 'NONE',  ( 1.000000000000000000, 2.111225325732422144E-16, -0.000000000000000000 ) ) ;
#4342 = ORIENTED_EDGE ( 'NONE', *, *, #2553, .T. ) ;
#4343 = ADVANCED_FACE ( 'NONE', ( #1823 ), #4654, .F. ) ;
#4344 = DIRECTION ( 'NONE',  ( 0.000000000000000000, 0.000000000000000000, -1.000000000000000000 ) ) ;
#4345 = CARTESIAN_POINT ( 'NONE',  ( 35.03109324248823953, 46.47485810325690636, 8.716407524614362856 ) ) ;
#4346 = CARTESIAN_POINT ( 'NONE',  ( 23.26985430373339270, 52.06289839880425774, 4.999999999999999112 ) ) ;
#4347 = ORIENTED_EDGE ( 'NONE', *, *, #2876, .T. ) ;
#4348 = CARTESIAN_POINT ( 'NONE',  ( -12.70000000000000107, 42.39999999999997016, 10.00000000000000000 ) ) ;
#4349 = EDGE_CURVE ( 'NONE', #377, #1595, #2761, .T. ) ;
#4350 = CARTESIAN_POINT ( 'NONE',  ( 6.000000000000005329, 0.000000000000000000, 9.000000000000001776 ) ) ;
#4351 = CARTESIAN_POINT ( 'NONE',  ( 21.61668893079265175, 49.89763216039289517, 5.397955681067465150 ) ) ;
#4352 = AXIS2_PLACEMENT_3D ( 'NONE', #2512, #724, #3573 ) ;
#4353 = CIRCLE ( 'NONE', #1014, 6.000000000000005329 ) ;
#4354 = CARTESIAN_POINT ( 'NONE',  ( 23.21500000000004960, 52.10820393249935023, 3.600000000000000089 ) ) ;
#4355 = EDGE_LOOP ( 'NONE', ( #1921, #4358, #2752, #2605 ) ) ;
#4356 = CARTESIAN_POINT ( 'NONE',  ( 125.3000000000000256, 6.000000000000000000, 10.00000000000000000 ) ) ;
#4357 = CARTESIAN_POINT ( 'NONE',  ( 82.19985294612160942, 0.000000000000000000, 8.999999698239056656 ) ) ;
#4358 = ORIENTED_EDGE ( 'NONE', *, *, #79, .F. ) ;
#4359 = AXIS2_PLACEMENT_3D ( 'NONE', #3238, #19, #3164 ) ;
#4360 = CARTESIAN_POINT ( 'NONE',  ( 88.64642007958809700, -1.137051666676743178, 5.142763123023256888 ) ) ;
#4361 = VECTOR ( 'NONE', #3093, 1000.000000000000000 ) ;
#4362 = ADVANCED_FACE ( 'NONE', ( #915 ), #1913, .F. ) ;
#4363 = VECTOR ( 'NONE', #3421, 1000.000000000000000 ) ;
#4364 = CIRCLE ( 'NONE', #1646, 6.000000000000000000 ) ;
#4365 = CARTESIAN_POINT ( 'NONE',  ( 23.32563911081176045, -5.414076459176859757, 5.000000002098104801 ) ) ;
#4366 = ORIENTED_EDGE ( 'NONE', *, *, #2153, .T. ) ;
#4367 = DIRECTION ( 'NONE',  ( 0.000000000000000000, 0.000000000000000000, -1.000000000000000000 ) ) ;
#4368 = ORIENTED_EDGE ( 'NONE', *, *, #1463, .T. ) ;
#4369 = DIRECTION ( 'NONE',  ( -1.000000000000000000, -0.000000000000000000, -0.000000000000000000 ) ) ;
#4370 = STYLED_ITEM ( 'NONE', ( #3516 ), #3905 ) ;
#4371 = DIRECTION ( 'NONE',  ( -0.000000000000000000, 1.000000000000000000, -0.000000000000000000 ) ) ;
#4372 = CIRCLE ( 'NONE', #2936, 1.000000000000000888 ) ;
#4373 = EDGE_CURVE ( 'NONE', #1822, #1654, #4090, .T. ) ;
#4374 = DIRECTION ( 'NONE',  ( 0.000000000000000000, 1.000000000000000000, 0.000000000000000000 ) ) ;
#4375 = VERTEX_POINT ( 'NONE', #456 ) ;
#4376 = CARTESIAN_POINT ( 'NONE',  ( 21.55474185067533099, 49.76609556203135298, 4.160209839791465747 ) ) ;
#4377 = B_SPLINE_CURVE_WITH_KNOTS ( 'NONE', 3,
 ( #4452, #1219, #2962, #1179, #2644, #1593, #859, #2271, #3335, #3025, #184, #2291, #2313, #114, #4085, #1978 ),
 .UNSPECIFIED., .F., .F.,
 ( 4, 2, 2, 2, 2, 2, 2, 4 ),
 ( 0.000000000000000000, 0.1250000000000000000, 0.2500000000000000000, 0.5000000000000000000, 0.7500000000000000000, 0.8749999999999998890, 0.9375000000000000000, 1.000000000000000000 ),
 .UNSPECIFIED. ) ;
#4378 = UNCERTAINTY_MEASURE_WITH_UNIT (LENGTH_MEASURE( 1.000000000000000082E-05 ), #2711, 'distance_accuracy_value', 'NONE');
#4379 = CARTESIAN_POINT ( 'NONE',  ( 29.46805607768229507, 52.10820393249937155, 11.00000000000003908 ) ) ;
#4380 = EDGE_CURVE ( 'NONE', #736, #2034, #2677, .T. ) ;
#4381 = DIRECTION ( 'NONE',  ( 0.000000000000000000, 0.000000000000000000, -1.000000000000000000 ) ) ;
#4382 = CARTESIAN_POINT ( 'NONE',  ( 21.81500000000005102, 50.87669933111404674, 3.698366727380541175 ) ) ;
#4383 = CARTESIAN_POINT ( 'NONE',  ( 31.70809330029803519, -2.227648616911520385, 4.979238666733387220 ) ) ;
#4384 = VERTEX_POINT ( 'NONE', #851 ) ;
#4385 = DIRECTION ( 'NONE',  ( 0.000000000000000000, 0.000000000000000000, -1.000000000000000000 ) ) ;
#4386 = CARTESIAN_POINT ( 'NONE',  ( 84.98906152009433868, -1.016802658063225895, 6.516758327470856038 ) ) ;
#4387 = EDGE_LOOP ( 'NONE', ( #1892, #4333, #3697, #1323, #2849 ) ) ;
#4388 = CARTESIAN_POINT ( 'NONE',  ( 88.42912320179269159, -1.226056609611864801, 5.033579143430541691 ) ) ;
#4389 = CARTESIAN_POINT ( 'NONE',  ( 26.18460441079277956, 0.01857246230552151225, 9.191837429253203240 ) ) ;
#4390 = CARTESIAN_POINT ( 'NONE',  ( 123.3000000000000256, 4.000000000000000000, 10.00000000000000000 ) ) ;
#4391 = ADVANCED_FACE ( 'NONE', ( #2975 ), #2285, .F. ) ;
#4392 = EDGE_LOOP ( 'NONE', ( #279, #3329, #2921, #816 ) ) ;
#4393 = DIRECTION ( 'NONE',  ( 0.000000000000000000, 0.000000000000000000, 1.000000000000000000 ) ) ;
#4394 = CARTESIAN_POINT ( 'NONE',  ( 91.46697469964324512, -6.250000000000013323, -8.673617379884035472E-16 ) ) ;
#4395 = CARTESIAN_POINT ( 'NONE',  ( 97.82404731370493778, -0.6781650744012177601, 7.686862611338576734 ) ) ;
#4396 = DIRECTION ( 'NONE',  ( -0.000000000000000000, -0.000000000000000000, -1.000000000000000000 ) ) ;
#4397 = EDGE_LOOP ( 'NONE', ( #4227, #2969, #982, #1789 ) ) ;
#4398 = LINE ( 'NONE', #943, #579 ) ;
#4399 = CARTESIAN_POINT ( 'NONE',  ( 16.81500000000004746, 0.000000000000000000, 9.000000000000001776 ) ) ;
#4400 = CARTESIAN_POINT ( 'NONE',  ( 29.51500000000005386, 52.10820393249935023, 11.00000000000000000 ) ) ;
#4401 = CARTESIAN_POINT ( 'NONE',  ( 21.74256994231776474, 50.47595942349732923, 3.836055833569451234 ) ) ;
#4402 = EDGE_CURVE ( 'NONE', #2025, #3609, #4450, .T. ) ;
#4403 = DIRECTION ( 'NONE',  ( -1.000000000000000000, 0.000000000000000000, 0.000000000000000000 ) ) ;
#4404 = CARTESIAN_POINT ( 'NONE',  ( 35.31954943966384519, 0.02031607779250805407, 9.213399254569656804 ) ) ;
#4405 = ORIENTED_EDGE ( 'NONE', *, *, #2157, .F. ) ;
#4406 = CARTESIAN_POINT ( 'NONE',  ( -14.70000000000000107, 40.39999999999997016, 10.00000000000000000 ) ) ;
#4407 = CARTESIAN_POINT ( 'NONE',  ( 21.81500000000005102, 51.39999999999996305, 5.000000000000000000 ) ) ;
#4408 = ORIENTED_EDGE ( 'NONE', *, *, #1144, .T. ) ;
#4409 = CARTESIAN_POINT ( 'NONE',  ( 88.92381357711505530, -0.9690822574970099357, 5.321761915396510112 ) ) ;
#4410 = ADVANCED_BREP_SHAPE_REPRESENTATION ( 'CunaBateria_3000_6S_60C', ( #3905, #4572 ), #1037 ) ;
#4411 = CARTESIAN_POINT ( 'NONE',  ( 26.36500000000004107, -6.250000000000008882, 3.600000000000000089 ) ) ;
#4412 = CARTESIAN_POINT ( 'NONE',  ( 88.67503510463207306, 51.18827792441277325, 5.000000014759979017 ) ) ;
#4413 = CARTESIAN_POINT ( 'NONE',  ( 33.70992227514546613, 46.70251551849724336, 8.383117247896857194 ) ) ;
#4414 = ORIENTED_EDGE ( 'NONE', *, *, #2870, .T. ) ;
#4415 = CARTESIAN_POINT ( 'NONE',  ( 94.61697477385301625, -4.591034467613658521, 5.079742220925831830 ) ) ;
#4416 = CARTESIAN_POINT ( 'NONE',  ( 34.85929562996302167, 46.50987206391008755, 8.595321593667344828 ) ) ;
#4417 = CARTESIAN_POINT ( 'NONE',  ( 23.55003484833605043, 47.53417456451822432, 5.145747787300130938 ) ) ;
#4418 = ORIENTED_EDGE ( 'NONE', *, *, #2181, .T. ) ;
#4419 = CARTESIAN_POINT ( 'NONE',  ( 17.09787824647786181, 0.000000000000000000, 8.999999698239056656 ) ) ;
#4420 = DIRECTION ( 'NONE',  ( 0.000000000000000000, 0.000000000000000000, -1.000000000000000000 ) ) ;
#4421 = CARTESIAN_POINT ( 'NONE',  ( 21.43403670793989235, 49.46079940863977953, 4.351784258573986541 ) ) ;
#4422 = CARTESIAN_POINT ( 'NONE',  ( 28.87432954010819586, 50.74094297524103325, 4.999999962280597288 ) ) ;
#4423 = EDGE_CURVE ( 'NONE', #68, #4020, #2459, .T. ) ;
#4424 = VERTEX_POINT ( 'NONE', #4638 ) ;
#4425 = DIRECTION ( 'NONE',  ( 0.000000000000000000, 0.000000000000000000, -1.000000000000000000 ) ) ;
#4426 = CARTESIAN_POINT ( 'NONE',  ( 96.01697469964324227, -6.250000000000014211, 3.600000000000000089 ) ) ;
#4427 = ORIENTED_EDGE ( 'NONE', *, *, #4652, .F. ) ;
#4428 = LINE ( 'NONE', #499, #222 ) ;
#4429 =( BOUNDED_SURFACE ( )  B_SPLINE_SURFACE ( 2, 3, ( 
 ( #4512, #4157, #3794, #1235, #3392, #590, #562, #3415, #1214, #226, #3443, #928, #3001, #2641, #2043, #4447 ),
 ( #1255, #2374, #1284, #2288, #2736, #874, #2017, #2353, #952, #2662, #179, #4179, #1658, #3721, #1590, #3090 ),
 ( #4081, #1609, #3043, #1947, #4536, #3469, #4106, #3370, #2305, #539, #1307, #854, #4130, #201, #3742, #157 ) ),
 .UNSPECIFIED., .F., .F., .T. ) 
 B_SPLINE_SURFACE_WITH_KNOTS ( ( 3, 3 ),
 ( 4, 2, 2, 2, 2, 2, 2, 4 ),
 ( 0.000000000000000000, 1.000000000000000000 ),
 ( 0.000000000000000000, 0.0006427307277335916978, 0.001285461455467183396, 0.002570922910934366791, 0.005141845821868733582, 0.007712768732803100373, 0.008998230188270284202, 0.01028369164373746716 ),
 .UNSPECIFIED. ) 
 GEOMETRIC_REPRESENTATION_ITEM ( )  RATIONAL_B_SPLINE_SURFACE ( (
 ( 1.000000000000000000, 1.000000000000000000, 1.000000000000000000, 1.000000000000000000, 1.000000000000000000, 1.000000000000000000, 1.000000000000000000, 1.000000000000000000, 1.000000000000000000, 1.000000000000000000, 1.000000000000000000, 1.000000000000000000, 1.000000000000000000, 1.000000000000000000, 1.000000000000000000, 1.000000000000000000),
 ( 0.9895238368780991944, 0.9894255275012933115, 0.9876140079640656211, 0.9826890182792298312, 0.9795074006084237839, 0.9685053220530441820, 0.9592048874237649736, 0.9272361658426837572, 0.9004258755110177148, 0.8416830905377672423, 0.8094360125433051056, 0.7632568035510881588, 0.7482222592939123951, 0.7222236534433804644, 0.7110400930583242740, 0.7071067811865501263),
 ( 1.000000000000000000, 1.000000000000000000, 1.000000000000000000, 1.000000000000000000, 1.000000000000000000, 1.000000000000000000, 1.000000000000000000, 1.000000000000000000, 1.000000000000000000, 1.000000000000000000, 1.000000000000000000, 1.000000000000000000, 1.000000000000000000, 1.000000000000000000, 1.000000000000000000, 1.000000000000000000) ) ) 
 REPRESENTATION_ITEM ( '' )  SURFACE ( )  );
#4430 = AXIS2_PLACEMENT_3D ( 'NONE', #4266, #4, #1437 ) ;
#4431 = CARTESIAN_POINT ( 'NONE',  ( 88.82693199984922217, 50.92541817144314109, 5.000000044420983336 ) ) ;
#4432 = CIRCLE ( 'NONE', #888, 1.699999999999996625 ) ;
#4433 = EDGE_CURVE ( 'NONE', #2901, #547, #697, .T. ) ;
#4434 = ORIENTED_EDGE ( 'NONE', *, *, #592, .T. ) ;
#4435 = FACE_OUTER_BOUND ( 'NONE', #4397, .T. ) ;
#4436 = VERTEX_POINT ( 'NONE', #645 ) ;
#4437 = AXIS2_PLACEMENT_3D ( 'NONE', #4041, #1958, #4066 ) ;
#4438 = AXIS2_PLACEMENT_3D ( 'NONE', #3391, #3768, #538 ) ;
#4439 = CARTESIAN_POINT ( 'NONE',  ( -12.70000000000000107, 42.39999999999997016, 0.000000000000000000 ) ) ;
#4440 = CARTESIAN_POINT ( 'NONE',  ( -17.69999999999999929, 6.000000000000000000, 10.00000000000000000 ) ) ;
#4441 = CARTESIAN_POINT ( 'NONE',  ( 25.41563702464905816, 49.63512293941355580, 5.000000183466217329 ) ) ;
#4442 = ORIENTED_EDGE ( 'NONE', *, *, #1693, .T. ) ;
#4443 = CIRCLE ( 'NONE', #1808, 2.000000000000001776 ) ;
#4444 = VECTOR ( 'NONE', #3420, 1000.000000000000000 ) ;
#4445 = AXIS2_PLACEMENT_3D ( 'NONE', #833, #1976, #4082 ) ;
#4446 = CARTESIAN_POINT ( 'NONE',  ( 96.02914687247348979, 50.81826768218290624, 5.126404000413932849 ) ) ;
#4447 = CARTESIAN_POINT ( 'NONE',  ( 21.81500000000005102, -4.999999999999997335, 3.633966658370840541 ) ) ;
#4448 = DIRECTION ( 'NONE',  ( 1.000000000000000000, 0.000000000000000000, 0.000000000000000000 ) ) ;
#4449 = CARTESIAN_POINT ( 'NONE',  ( 19.02007772485760384, 46.70251551849739258, 8.383117247896572977 ) ) ;
#4450 = B_SPLINE_CURVE_WITH_KNOTS ( 'NONE', 3,
 ( #4399, #4419, #831, #3700, #3346, #1944, #3367, #2660, #4103, #4329, #1432, #3495, #320, #270, #1009, #2840 ),
 .UNSPECIFIED., .F., .F.,
 ( 4, 2, 2, 2, 2, 2, 2, 4 ),
 ( 0.000000000000000000, 0.06250000000000000000, 0.1250000000000000000, 0.2500000000000000000, 0.5000000000000000000, 0.7500000000000000000, 0.8750000000000000000, 1.000000000000000000 ),
 .UNSPECIFIED. ) ;
#4451 = CARTESIAN_POINT ( 'NONE',  ( 29.87499690836752819, -3.436992004071655948, 5.432883167384312983 ) ) ;
#4452 = CARTESIAN_POINT ( 'NONE',  ( 96.01697469964324227, -5.000000000000000000, 3.633966658370840097 ) ) ;
#4453 = LINE ( 'NONE', #440, #1885 ) ;
#4454 = VERTEX_POINT ( 'NONE', #619 ) ;
#4455 = CARTESIAN_POINT ( 'NONE',  ( 98.81189697478566814, 46.70251551849804628, 8.383117247895413016 ) ) ;
#4456 = EDGE_CURVE ( 'NONE', #2961, #1066, #1059, .T. ) ;
#4457 = CARTESIAN_POINT ( 'NONE',  ( 88.62987466899782873, 46.35831484747887288, 9.285714285784797184 ) ) ;
#4458 = CARTESIAN_POINT ( 'NONE',  ( 30.61635820258351259, 48.65456489723725753, 6.049810156119128202 ) ) ;
#4459 = VERTEX_POINT ( 'NONE', #2090 ) ;
#4460 = ADVANCED_FACE ( 'NONE', ( #3166 ), #3190, .F. ) ;
#4461 = CARTESIAN_POINT ( 'NONE',  ( 29.45035123168963409, -5.611643610400463444, 5.000000000186373583 ) ) ;
#4462 = CARTESIAN_POINT ( 'NONE',  ( 123.3000000000000256, 42.39999999999999858, 10.00000000000000000 ) ) ;
#4463 = CARTESIAN_POINT ( 'NONE',  ( 25.92535403490017032, 49.51990723451353915, 4.999999816533780894 ) ) ;
#4464 = ORIENTED_EDGE ( 'NONE', *, *, #895, .T. ) ;
#4465 = CARTESIAN_POINT ( 'NONE',  ( 88.36391862196097691, -5.708203932499396949, 11.00000000000003908 ) ) ;
#4466 = DIRECTION ( 'NONE',  ( 1.000000000000000000, 0.000000000000000000, 0.000000000000000000 ) ) ;
#4467 = CARTESIAN_POINT ( 'NONE',  ( 101.0169746996432139, 46.39999999999999147, 9.000000000000001776 ) ) ;
#4468 = CARTESIAN_POINT ( 'NONE',  ( 17.87688656590993119, 46.43505845609255545, 9.044672882760552923 ) ) ;
#4469 = CARTESIAN_POINT ( 'NONE',  ( 29.51500000000003965, -5.708203932499369415, 11.00000000000000000 ) ) ;
#4470 = LINE ( 'NONE', #837, #2014 ) ;
#4471 = DIRECTION ( 'NONE',  ( 1.000000000000000000, 0.000000000000000000, 0.000000000000000000 ) ) ;
#4472 = CIRCLE ( 'NONE', #1462, 1.400000000000000133 ) ;
#4473 = ORIENTED_EDGE ( 'NONE', *, *, #3672, .T. ) ;
#4474 = DIRECTION ( 'NONE',  ( 0.000000000000000000, 0.000000000000000000, 1.000000000000000000 ) ) ;
#4475 = CIRCLE ( 'NONE', #857, 3.149999999999999911 ) ;
#4476 = CARTESIAN_POINT ( 'NONE',  ( 90.21018084188682451, 46.36929761211634826, 9.245965674181897853 ) ) ;
#4477 = CARTESIAN_POINT ( 'NONE',  ( 104.6000000000000085, 46.35831484749989784, 9.285714285714286476 ) ) ;
#4478 = VERTEX_POINT ( 'NONE', #60 ) ;
#4479 = DIRECTION ( 'NONE',  ( 0.000000000000000000, 0.000000000000000000, -1.000000000000000000 ) ) ;
#4480 = CARTESIAN_POINT ( 'NONE',  ( 95.14553945010148084, -3.119749579740632051, 5.577094451977724354 ) ) ;
#4481 = DIRECTION ( 'NONE',  ( -0.000000000000000000, 1.000000000000000000, -0.000000000000000000 ) ) ;
#4482 = CARTESIAN_POINT ( 'NONE',  ( 23.72495730020633786, 50.92541817144271477, 5.000000044420993994 ) ) ;
#4483 = EDGE_LOOP ( 'NONE', ( #2125, #919, #1418, #3040, #2100, #1451 ) ) ;
#4484 = ADVANCED_FACE ( 'NONE', ( #2140 ), #3966, .F. ) ;
#4485 = CARTESIAN_POINT ( 'NONE',  ( -12.70000000000000107, 0.000000000000000000, 9.000000000000001776 ) ) ;
#4486 = DIRECTION ( 'NONE',  ( -0.000000000000000000, -0.000000000000000000, -1.000000000000000000 ) ) ;
#4487 = EDGE_CURVE ( 'NONE', #2883, #4459, #3520, .T. ) ;
#4488 = DIRECTION ( 'NONE',  ( -0.000000000000000000, -0.000000000000000000, 1.000000000000000000 ) ) ;
#4489 = DIRECTION ( 'NONE',  ( 0.000000000000000000, 0.000000000000000000, 1.000000000000000000 ) ) ;
#4490 = AXIS2_PLACEMENT_3D ( 'NONE', #339, #986, #1033 ) ;
#4491 = AXIS2_PLACEMENT_3D ( 'NONE', #1106, #3974, #748 ) ;
#4492 = CARTESIAN_POINT ( 'NONE',  ( 6.000000000000000000, 46.39999999999997016, 0.000000000000000000 ) ) ;
#4493 = CYLINDRICAL_SURFACE ( 'NONE', #1, 6.000000000000005329 ) ;
#4494 = ORIENTED_EDGE ( 'NONE', *, *, #1436, .F. ) ;
#4495 = CARTESIAN_POINT ( 'NONE',  ( 99.74783222405753236, 46.47093402564554054, 8.942207955680085973 ) ) ;
#4496 = CARTESIAN_POINT ( 'NONE',  ( 89.90226863782916666, 49.90768353956323011, 5.000000228726364071 ) ) ;
#4497 = FACE_OUTER_BOUND ( 'NONE', #3951, .T. ) ;
#4498 = ORIENTED_EDGE ( 'NONE', *, *, #4105, .F. ) ;
#4499 = CARTESIAN_POINT ( 'NONE',  ( 17.31117425058351600, 46.42083089541160490, 8.915208395342471448 ) ) ;
#4500 = VECTOR ( 'NONE', #2167, 1000.000000000000000 ) ;
#4501 = EDGE_CURVE ( 'NONE', #324, #3733, #3888, .T. ) ;
#4502 = AXIS2_PLACEMENT_3D ( 'NONE', #159, #3418, #1997 ) ;
#4503 = CARTESIAN_POINT ( 'NONE',  ( 28.39790922133813922, 0.03804346550007486200, 9.273251700055535451 ) ) ;
#4504 = VERTEX_POINT ( 'NONE', #3301 ) ;
#4505 = FACE_OUTER_BOUND ( 'NONE', #2873, .T. ) ;
#4506 = CARTESIAN_POINT ( 'NONE',  ( 24.31011119250268848, 47.14977181285414787, 5.687964927390999570 ) ) ;
#4507 = ORIENTED_EDGE ( 'NONE', *, *, #4402, .T. ) ;
#4508 = AXIS2_PLACEMENT_3D ( 'NONE', #315, #2041, #1330 ) ;
#4509 = ADVANCED_FACE ( 'NONE', ( #1492 ), #4034, .T. ) ;
#4510 = DIRECTION ( 'NONE',  ( -1.000000000000000000, -2.111225325732422144E-16, -0.000000000000000000 ) ) ;
#4511 = VECTOR ( 'NONE', #3097, 1000.000000000000000 ) ;
#4512 = CARTESIAN_POINT ( 'NONE',  ( 16.81500000000004746, 0.000000000000000000, 9.000000000000001776 ) ) ;
#4513 = AXIS2_PLACEMENT_3D ( 'NONE', #4277, #265, #3869 ) ;
#4514 = EDGE_LOOP ( 'NONE', ( #1746, #2929, #3866, #3895 ) ) ;
#4515 = DIRECTION ( 'NONE',  ( 0.000000000000000000, 0.000000000000000000, 1.000000000000000000 ) ) ;
#4516 = CARTESIAN_POINT ( 'NONE',  ( 6.000000000000000000, 4.000000000000000000, 10.00000000000000000 ) ) ;
#4517 = AXIS2_PLACEMENT_3D ( 'NONE', #405, #4374, #2522 ) ;
#4518 = EDGE_CURVE ( 'NONE', #4454, #3481, #57, .T. ) ;
#4519 = PLANE ( 'NONE',  #3360 ) ;
#4520 = CARTESIAN_POINT ( 'NONE',  ( 104.6000000000000227, 46.39999999999999147, 9.000000000000001776 ) ) ;
#4521 = EDGE_LOOP ( 'NONE', ( #3973, #1091, #195, #1732 ) ) ;
#4522 = CARTESIAN_POINT ( 'NONE',  ( 23.26194392231779062, 52.10820393249935023, 11.00000000000000178 ) ) ;
#4523 = FACE_OUTER_BOUND ( 'NONE', #4355, .T. ) ;
#4524 = CARTESIAN_POINT ( 'NONE',  ( 91.80693223835129402, 46.38005135338246276, 9.198750341755843607 ) ) ;
#4525 = CARTESIAN_POINT ( 'NONE',  ( 23.21500000000004249, -5.708203932499369415, 11.00000000000000000 ) ) ;
#4526 = EDGE_LOOP ( 'NONE', ( #2467, #121, #1001, #3345 ) ) ;
#4527 = CARTESIAN_POINT ( 'NONE',  ( 30.92717217282734410, 50.81826768218257229, 5.126404000410982320 ) ) ;
#4528 = CARTESIAN_POINT ( 'NONE',  ( 94.30407473028739673, 0.04168515252078634770, 9.285714285783706501 ) ) ;
#4529 = PLANE ( 'NONE',  #4058 ) ;
#4530 = CARTESIAN_POINT ( 'NONE',  ( 26.86662332053208146, 0.02171335458972431173, 9.207286371922204893 ) ) ;
#4531 = EDGE_LOOP ( 'NONE', ( #2375, #4464, #190, #3498 ) ) ;
#4532 = CARTESIAN_POINT ( 'NONE',  ( -15.69999999999999929, 6.000000000000000000, 10.00000000000000000 ) ) ;
#4533 = CARTESIAN_POINT ( 'NONE',  ( 24.33209077866184700, 46.36195653449996001, 9.273251700055325841 ) ) ;
#4534 = ORIENTED_EDGE ( 'NONE', *, *, #1456, .F. ) ;
#4535 = CARTESIAN_POINT ( 'NONE',  ( 98.81189697478566814, 46.70251551849803207, 8.383117247895416568 ) ) ;
#4536 = CARTESIAN_POINT ( 'NONE',  ( 18.08414247558723531, -0.07093402564590080284, 8.942207955679153386 ) ) ;
#4537 = ORIENTED_EDGE ( 'NONE', *, *, #2371, .F. ) ;
#4538 = CARTESIAN_POINT ( 'NONE',  ( 25.33088219716832512, 0.02816438271406805638, 9.236085405448905661 ) ) ;
#4539 = DIRECTION ( 'NONE',  ( 1.000000000000000000, -0.000000000000000000, -0.000000000000000000 ) ) ;
#4540 = DIRECTION ( 'NONE',  ( 1.000000000000000000, 0.000000000000000000, 0.000000000000000000 ) ) ;
#4541 = DIRECTION ( 'NONE',  ( -0.000000000000000000, -0.000000000000000000, 1.000000000000000000 ) ) ;
#4542 = DIRECTION ( 'NONE',  ( -0.7071067811865482389, 8.659560562354941486E-17, 0.7071067811865469066 ) ) ;
#4544 = ADVANCED_FACE ( 'NONE', ( #2819 ), #4262, .T. ) ;
#4543 = CARTESIAN_POINT ( 'NONE',  ( 29.61407538088992908, -4.174536990549673199, 5.186304173505813964 ) ) ;
#4545 = B_SPLINE_CURVE_WITH_KNOTS ( 'NONE', 3,
 ( #2143, #3972, #3549, #2911, #722, #4290, #413, #3590, #2531, #3570, #1130, #343, #2890, #2869, #1857, #1788 ),
 .UNSPECIFIED., .F., .F.,
 ( 4, 2, 2, 2, 2, 2, 2, 4 ),
 ( 0.000000000000000000, 0.06249999999999997918, 0.1249999999999999584, 0.2500000000000000000, 0.5000000000000000000, 0.7500000000000000000, 0.8750000000000000000, 1.000000000000000000 ),
 .UNSPECIFIED. ) ;
#4546 = CARTESIAN_POINT ( 'NONE',  ( 93.25990858462175481, 46.36387919416227987, 9.266520455294648073 ) ) ;
#4547 = CIRCLE ( 'NONE', #1841, 1.699999999999993072 ) ;
#4548 = CARTESIAN_POINT ( 'NONE',  ( 82.46216660860206105, 46.42498561500678989, 9.067798870449461646 ) ) ;
#4549 = VERTEX_POINT ( 'NONE', #674 ) ;
#4550 = CARTESIAN_POINT ( 'NONE',  ( 31.08683757656267943, 48.19199418480182118, 6.418980721228495945 ) ) ;
#4552 = EDGE_CURVE ( 'NONE', #2278, #2857, #3211, .T. ) ;
#4551 = CARTESIAN_POINT ( 'NONE',  ( 94.44898276711496976, -5.233226770511827830, 4.999999998881579977 ) ) ;
#4553 = DIRECTION ( 'NONE',  ( 0.000000000000000000, 0.000000000000000000, 1.000000000000000000 ) ) ;
#4554 = CARTESIAN_POINT ( 'NONE',  ( 28.41988880749810420, -0.7497718128546522198, 5.687964927390869896 ) ) ;
#4555 = DIRECTION ( 'NONE',  ( 0.7071067811865473507, 0.000000000000000000, 0.7071067811865477948 ) ) ;
#4556 = DIRECTION ( 'NONE',  ( 1.000000000000000000, 2.111225325732422144E-16, 0.000000000000000000 ) ) ;
#4557 = CARTESIAN_POINT ( 'NONE',  ( -12.70000000000000107, 6.000000000000000000, 9.000000000000001776 ) ) ;
#4558 = CARTESIAN_POINT ( 'NONE',  ( 123.3000000000000256, 6.000000000000000000, 0.000000000000000000 ) ) ;
#4559 = ORIENTED_EDGE ( 'NONE', *, *, #2574, .T. ) ;
#4560 = CYLINDRICAL_SURFACE ( 'NONE', #4661, 6.000000000000005329 ) ;
#4561 = DIRECTION ( 'NONE',  ( 0.000000000000000000, 0.000000000000000000, 1.000000000000000000 ) ) ;
#4562 = DIRECTION ( 'NONE',  ( 2.111225325732422144E-16, -1.000000000000000000, 0.000000000000000000 ) ) ;
#4563 = ORIENTED_EDGE ( 'NONE', *, *, #1687, .T. ) ;
#4564 = FACE_OUTER_BOUND ( 'NONE', #1178, .T. ) ;
#4565 = ADVANCED_FACE ( 'NONE', ( #2927 ), #3209, .T. ) ;
#4566 = CARTESIAN_POINT ( 'NONE',  ( 93.51876857851135583, 46.36183217327086936, 9.273685586688239724 ) ) ;
#4567 = ORIENTED_EDGE ( 'NONE', *, *, #4105, .T. ) ;
#4568 = CARTESIAN_POINT ( 'NONE',  ( 28.06500000000004391, -6.250000000000012434, 3.549999999999996714 ) ) ;
#4569 = VERTEX_POINT ( 'NONE', #1147 ) ;
#4570 = CARTESIAN_POINT ( 'NONE',  ( 34.22268204688153048, 46.67812560514702369, 8.426889323463791825 ) ) ;
#4571 = CARTESIAN_POINT ( 'NONE',  ( 94.03280114811106216, 0.04092772718457537290, 9.283208829959454178 ) ) ;
#4572 = AXIS2_PLACEMENT_3D ( 'NONE', #537, #587, #1729 ) ;
#4573 = EDGE_CURVE ( 'NONE', #4169, #4504, #1649, .T. ) ;
#4574 = CARTESIAN_POINT ( 'NONE',  ( 27.36833966111021965, 0.02776597260787789026, 9.234033597767917101 ) ) ;
#4575 = ORIENTED_EDGE ( 'NONE', *, *, #3356, .T. ) ;
#4576 = LINE ( 'NONE', #1353, #4087 ) ;
#4577 = CARTESIAN_POINT ( 'NONE',  ( 91.46697469964321670, 52.65000000000004121, 5.000000000000000000 ) ) ;
#4578 = VERTEX_POINT ( 'NONE', #517 ) ;
#4579 = AXIS2_PLACEMENT_3D ( 'NONE', #3800, #598, #4561 ) ;
#4580 = CIRCLE ( 'NONE', #4023, 3.149999999999999911 ) ;
#4581 = CIRCLE ( 'NONE', #3139, 6.000000000000005329 ) ;
#4582 = CYLINDRICAL_SURFACE ( 'NONE', #578, 6.000000000000000000 ) ;
#4583 = DIRECTION ( 'NONE',  ( 0.000000000000000000, -1.000000000000000000, 0.000000000000000000 ) ) ;
#4584 = EDGE_LOOP ( 'NONE', ( #1713, #1715, #2145, #1224 ) ) ;
#4585 = AXIS2_PLACEMENT_3D ( 'NONE', #2138, #920, #214 ) ;
#4586 = DIRECTION ( 'NONE',  ( -1.000000000000000000, 0.000000000000000000, 0.000000000000000000 ) ) ;
#4587 = AXIS2_PLACEMENT_3D ( 'NONE', #3422, #989, #1317 ) ;
#4588 = LINE ( 'NONE', #1031, #1578 ) ;
#4589 = VECTOR ( 'NONE', #545, 1000.000000000000000 ) ;
#4590 = TOROIDAL_SURFACE ( 'NONE', #2243, 7.400000000000000355, 1.399999999999999911 ) ;
#4591 = DIRECTION ( 'NONE',  ( 0.000000000000000000, 0.000000000000000000, 1.000000000000000000 ) ) ;
#4592 = CARTESIAN_POINT ( 'NONE',  ( 91.46697469964321670, 52.65000000000004121, 5.000000000000000000 ) ) ;
#4593 = VERTEX_POINT ( 'NONE', #850 ) ;
#4594 = CIRCLE ( 'NONE', #2040, 5.000000000000004441 ) ;
#4595 = DIRECTION ( 'NONE',  ( 1.000000000000000000, 0.000000000000000000, -0.000000000000000000 ) ) ;
#4596 = CARTESIAN_POINT ( 'NONE',  ( 27.64483455741762796, 46.36904295913545582, 9.246965285795401002 ) ) ;
#4597 = VECTOR ( 'NONE', #698, 1000.000000000000000 ) ;
#4598 = TOROIDAL_SURFACE ( 'NONE', #1138, 7.400000000000000355, 1.399999999999999911 ) ;
#4599 = CARTESIAN_POINT ( 'NONE',  ( 91.34881673886829390, 46.38179249017893824, 9.189957567198970168 ) ) ;
#4600 = EDGE_LOOP ( 'NONE', ( #291, #630, #3281, #1984 ) ) ;
#4601 = FACE_OUTER_BOUND ( 'NONE', #3574, .T. ) ;
#4602 = ORIENTED_EDGE ( 'NONE', *, *, #2611, .F. ) ;
#4603 = CARTESIAN_POINT ( 'NONE',  ( 92.09369102175142530, 0.02319749380573423239, 9.214171110249173680 ) ) ;
#4604 = EDGE_CURVE ( 'NONE', #3733, #4569, #1335, .T. ) ;
#4605 = CARTESIAN_POINT ( 'NONE',  ( 27.78232532815106026, -0.6150070276684392878, 6.045525346605490569 ) ) ;
#4606 = CARTESIAN_POINT ( 'NONE',  ( 29.33394722371160768, 47.60437571012597147, 5.066404875271888208 ) ) ;
#4607 = ORIENTED_EDGE ( 'NONE', *, *, #42, .F. ) ;
#4608 = EDGE_CURVE ( 'NONE', #2278, #4549, #1943, .T. ) ;
#4609 = DIRECTION ( 'NONE',  ( 0.000000000000000000, 0.000000000000000000, -1.000000000000000000 ) ) ;
#4610 = LINE ( 'NONE', #1700, #1964 ) ;
#4611 = ORIENTED_EDGE ( 'NONE', *, *, #3100, .F. ) ;
#4612 = CARTESIAN_POINT ( 'NONE',  ( 28.95053780225628515, 46.35831484749989073, 9.285714285714286476 ) ) ;
#4613 = CARTESIAN_POINT ( 'NONE',  ( -17.69999999999999929, 6.000000000000000000, 9.000000000000001776 ) ) ;
#4614 = CARTESIAN_POINT ( 'NONE',  ( 94.61697469964323659, -6.250000000000014211, 3.600000000000000089 ) ) ;
#4615 = LINE ( 'NONE', #3876, #1561 ) ;
#4616 = CARTESIAN_POINT ( 'NONE',  ( 84.79389931736272956, -0.8484456178238138913, 7.419485966422751488 ) ) ;
#4617 = CARTESIAN_POINT ( 'NONE',  ( 30.91500000000004178, 51.39999999999996305, 3.633966658370840985 ) ) ;
#4618 = CARTESIAN_POINT ( 'NONE',  ( 30.91500000000004533, -5.000000000000000000, 5.000000000000000000 ) ) ;
#4619 = CARTESIAN_POINT ( 'NONE',  ( 91.99425702234009350, 46.37798650873201467, 9.208697518740411425 ) ) ;
#4620 = VERTEX_POINT ( 'NONE', #1588 ) ;
#4621 = CARTESIAN_POINT ( 'NONE',  ( 86.65671655031847820, 49.76609556203136719, 4.160209839791447095 ) ) ;
#4622 = ORIENTED_EDGE ( 'NONE', *, *, #4487, .F. ) ;
#4623 = CARTESIAN_POINT ( 'NONE',  ( 93.49988392097961309, 0.03804346550006603572, 9.273251700055508806 ) ) ;
#4624 = EDGE_CURVE ( 'NONE', #4384, #2404, #813, .T. ) ;
#4625 = CARTESIAN_POINT ( 'NONE',  ( 25.91811204582527495, -0.5353766901905948616, 6.316482611735438901 ) ) ;
#4626 = ORIENTED_EDGE ( 'NONE', *, *, #2281, .F. ) ;
#4627 = DIRECTION ( 'NONE',  ( 0.000000000000000000, 0.000000000000000000, 1.000000000000000000 ) ) ;
#4628 = EDGE_LOOP ( 'NONE', ( #4267, #4031, #2201, #448 ) ) ;
#4629 = AXIS2_PLACEMENT_3D ( 'NONE', #1445, #447, #3253 ) ;
#4630 = CARTESIAN_POINT ( 'NONE',  ( 82.41314895022667031, 46.42083089541162622, 8.915208395342840930 ) ) ;
#4631 = CIRCLE ( 'NONE', #2438, 1.000000000000000888 ) ;
#4632 = EDGE_CURVE ( 'NONE', #4020, #1559, #4192, .T. ) ;
#4633 = CARTESIAN_POINT ( 'NONE',  ( -14.70000000000000107, 6.000000000000000000, 9.000000000000001776 ) ) ;
#4634 = ORIENTED_EDGE ( 'NONE', *, *, #4297, .F. ) ;
#4635 = DIRECTION ( 'NONE',  ( 0.000000000000000000, 0.000000000000000000, 1.000000000000000000 ) ) ;
#4636 = CARTESIAN_POINT ( 'NONE',  ( -12.70000000000000107, 45.39999999999997016, 10.00000000000000000 ) ) ;
#4637 = EDGE_CURVE ( 'NONE', #4185, #2590, #650, .T. ) ;
#4638 = CARTESIAN_POINT ( 'NONE',  ( 96.01697469964321385, 52.10820393249936444, 3.600000000000000089 ) ) ;
#4639 = CARTESIAN_POINT ( 'NONE',  ( 29.51500000000003965, -5.708203932499369415, 11.00000000000000000 ) ) ;
#4640 = CARTESIAN_POINT ( 'NONE',  ( 86.53601140758256349, -3.060799408638776420, 4.351784258574354247 ) ) ;
#4641 = CARTESIAN_POINT ( 'NONE',  ( 28.96181925226010634, 47.40235426373853045, 5.283138792060454669 ) ) ;
#4642 = DIRECTION ( 'NONE',  ( 0.000000000000000000, 0.000000000000000000, -1.000000000000000000 ) ) ;
#4643 = ORIENTED_EDGE ( 'NONE', *, *, #4637, .T. ) ;
#4644 = CARTESIAN_POINT ( 'NONE',  ( 29.25897014523888373, 51.40245100573337567, 4.999999995670078690 ) ) ;
#4645 = CARTESIAN_POINT ( 'NONE',  ( 87.21561649705972741, 48.65456489724032707, 6.049810156117451321 ) ) ;
#4646 = VERTEX_POINT ( 'NONE', #872 ) ;
#4647 = CARTESIAN_POINT ( 'NONE',  ( 94.05417699355436412, -0.9964758268379070305, 5.289923901871919298 ) ) ;
#4648 = CARTESIAN_POINT ( 'NONE',  ( 24.27935758101349606, -0.7597339775878801937, 5.666388721553284213 ) ) ;
#4649 = ORIENTED_EDGE ( 'NONE', *, *, #612, .T. ) ;
#4650 = CARTESIAN_POINT ( 'NONE',  ( -12.70000000000000107, 0.000000000000000000, 10.00000000000000000 ) ) ;
#4651 = VECTOR ( 'NONE', #4425, 1000.000000000000000 ) ;
#4652 = EDGE_CURVE ( 'NONE', #1332, #3342, #3730, .T. ) ;
#4653 = VERTEX_POINT ( 'NONE', #950 ) ;
#4654 =( BOUNDED_SURFACE ( )  B_SPLINE_SURFACE ( 2, 3, ( 
 ( #720, #342, #365, #1785, #4310, #2507, #3523, #1764, #3214, #1435, #3241, #1741, #2463, #2440, #2528, #4617 ),
 ( #2344, #3884, #2446, #2748, #606, #4570, #3085, #3106, #2392, #4149, #3785, #3482, #554, #4527, #2776, #2705 ),
 ( #966, #2802, #1271, #2726, #3858, #655, #2101, #2079, #4172, #4550, #3533, #3462, #3728, #2585, #3319, #3946 ) ),
 .UNSPECIFIED., .F., .F., .F. ) 
 B_SPLINE_SURFACE_WITH_KNOTS ( ( 3, 3 ),
 ( 4, 2, 2, 2, 2, 2, 2, 4 ),
 ( 0.000000000000000000, 1.000000000000000000 ),
 ( 0.000000000000000000, 0.0006427307277335914809, 0.001285461455467182962, 0.002570922910934365924, 0.005141845821868731847, 0.007712768732803097771, 0.008998230188270280733, 0.01028369164373746369 ),
 .UNSPECIFIED. ) 
 GEOMETRIC_REPRESENTATION_ITEM ( )  RATIONAL_B_SPLINE_SURFACE ( (
 ( 1.000000000000000000, 1.000000000000000000, 1.000000000000000000, 1.000000000000000000, 1.000000000000000000, 1.000000000000000000, 1.000000000000000000, 1.000000000000000000, 1.000000000000000000, 1.000000000000000000, 1.000000000000000000, 1.000000000000000000, 1.000000000000000000, 1.000000000000000000, 1.000000000000000000, 1.000000000000000000),
 ( 0.9895238368780989724, 0.9894255275012751039, 0.9876140079640899350, 0.9826890182792066275, 0.9795074006084942830, 0.9685053220529007412, 0.9592048874240518552, 0.9272361658421144348, 0.9004258755099242562, 0.8416830905388620332, 0.8094360125427371155, 0.7632568035513764837, 0.7482222592933188698, 0.7222236534439762101, 0.7110400930578821832, 0.7071067811865466846),
 ( 1.000000000000000000, 1.000000000000000000, 1.000000000000000000, 1.000000000000000000, 1.000000000000000000, 1.000000000000000000, 1.000000000000000000, 1.000000000000000000, 1.000000000000000000, 1.000000000000000000, 1.000000000000000000, 1.000000000000000000, 1.000000000000000000, 1.000000000000000000, 1.000000000000000000, 1.000000000000000000) ) ) 
 REPRESENTATION_ITEM ( '' )  SURFACE ( )  );
#4655 = CARTESIAN_POINT ( 'NONE',  ( 86.84454464196090839, 50.47595942349734344, 3.836055833569450790 ) ) ;
#4656 = CARTESIAN_POINT ( 'NONE',  ( 126.3000000000000256, 6.000000000000000000, 9.000000000000001776 ) ) ;
#4657 = ORIENTED_EDGE ( 'NONE', *, *, #1144, .F. ) ;
#4658 = FACE_OUTER_BOUND ( 'NONE', #3685, .T. ) ;
#4659 = B_SPLINE_CURVE_WITH_KNOTS ( 'NONE', 3,
 ( #92, #1957, #2667, #1613, #496, #814, #3377, #461, #3352, #4111, #1909, #3725, #3397, #162, #880, #1529 ),
 .UNSPECIFIED., .F., .F.,
 ( 4, 2, 2, 2, 2, 2, 2, 4 ),
 ( 0.000000000000000000, 0.1249999999999999584, 0.2500000000000000000, 0.5000000000000000000, 0.7500000000000000000, 0.8750000000000000000, 0.9375000000000000000, 1.000000000000000000 ),
 .UNSPECIFIED. ) ;
#4660 = ADVANCED_FACE ( 'NONE', ( #978 ), #639, .T. ) ;
#4661 = AXIS2_PLACEMENT_3D ( 'NONE', #203, #4204, #1286 ) ;
#4662 = CARTESIAN_POINT ( 'NONE',  ( -17.69999999999999929, 40.39999999999997016, 9.000000000000001776 ) ) ;
#4663 = CARTESIAN_POINT ( 'NONE',  ( 86.79890821971196146, -3.792891581254637323, 5.293062559756077867 ) ) ;
ENDSEC;
END-ISO-10303-21;
